year mon day PCx PCy phase Amp(nrm) Amp(non-nrm)
2002 03 22 -0.035  0.061 3  0.070   22.2
2002 03 23 -0.062  0.100 3  0.118   37.0
2002 03 24 -0.087  0.134 3  0.160   50.1
2002 03 25 -0.107  0.164 3  0.196   61.5
2002 03 26 -0.124  0.189 3  0.226   70.8
2002 03 27 -0.136  0.208 3  0.249   78.0
2002 03 28 -0.145  0.221 3  0.265   83.1
2002 03 29 -0.150  0.229 3  0.274   85.9
2002 03 30 -0.151  0.230 3  0.275   86.4
2002 03 31 -0.149  0.224 3  0.269   84.5
2002 04 01 -0.143  0.212 3  0.256   80.3
2002 04 02 -0.134  0.194 3  0.236   73.8
2002 04 03 -0.120  0.170 3  0.208   65.1
2002 04 04 -0.102  0.140 3  0.173   54.1
2002 04 05 -0.080  0.105 3  0.132   41.2
2002 04 06 -0.053  0.067 3  0.085   26.5
2002 04 07 -0.020  0.026 3  0.032   10.1
2002 04 08  0.019 -0.016 8  0.025    7.6
2002 04 09  0.063 -0.057 8  0.085   26.2
2002 04 10  0.113 -0.096 8  0.148   45.4
2002 04 11  0.169 -0.129 8  0.213   64.9
2002 04 12  0.230 -0.155 8  0.277   84.2
2002 04 13  0.294 -0.172 8  0.340  102.9
2002 04 14  0.360 -0.178 8  0.401  120.6
2002 04 15  0.426 -0.171 8  0.459  137.1
2002 04 16  0.489 -0.149 8  0.511  152.1
2002 04 17  0.547 -0.112 8  0.559  165.5
2002 04 18  0.597 -0.059 8  0.600  177.2
2002 04 19  0.635  0.009 1  0.635  187.4
2002 04 20  0.658  0.091 1  0.664  196.5
2002 04 21  0.664  0.186 1  0.689  204.8
2002 04 22  0.649  0.291 1  0.711  213.1
2002 04 23  0.611  0.404 1  0.732  222.2
2002 04 24  0.549  0.520 1  0.756  232.8
2002 04 25  0.462  0.636 2  0.786  245.8
2002 04 26  0.349  0.747 2  0.825  261.5
2002 04 27  0.213  0.849 2  0.875  280.1
2002 04 28  0.055  0.937 2  0.938  301.6
2002 04 29 -0.122  1.006 3  1.013  325.5
2002 04 30 -0.314  1.053 3  1.099  351.1
2002 05 01 -0.517  1.074 3  1.192  377.6
2002 05 02 -0.723  1.067 3  1.289  404.1
2002 05 03 -0.928  1.029 3  1.386  429.7
2002 05 04 -1.125  0.960 4  1.479  453.4
2002 05 05 -1.307  0.860 4  1.564  474.6
2002 05 06 -1.467  0.730 4  1.638  492.5
2002 05 07 -1.599  0.572 4  1.698  506.6
2002 05 08 -1.698  0.390 4  1.742  516.6
2002 05 09 -1.758  0.189 4  1.768  522.5
2002 05 10 -1.777 -0.027 5  1.777  524.5
2002 05 11 -1.750 -0.253 5  1.768  523.0
2002 05 12 -1.678 -0.480 5  1.745  518.7
2002 05 13 -1.559 -0.704 5  1.711  512.8
2002 05 14 -1.395 -0.918 5  1.670  506.7
2002 05 15 -1.190 -1.114 5  1.630  501.7
2002 05 16 -0.947 -1.287 6  1.598  499.4
2002 05 17 -0.671 -1.432 6  1.581  501.3
2002 05 18 -0.369 -1.543 6  1.587  508.1
2002 05 19 -0.047 -1.618 6  1.618  520.4
2002 05 20  0.286 -1.652 7  1.676  537.8
2002 05 21  0.623 -1.644 7  1.758  559.6
2002 05 22  0.955 -1.593 7  1.857  584.7
2002 05 23  1.274 -1.500 7  1.968  611.5
2002 05 24  1.571 -1.366 8  2.082  638.8
2002 05 25  1.841 -1.193 8  2.194  665.1
2002 05 26  2.075 -0.985 8  2.297  689.5
2002 05 27  2.267 -0.747 8  2.387  711.0
2002 05 28  2.413 -0.483 8  2.461  729.0
2002 05 29  2.508 -0.199 8  2.516  743.1
2002 05 30  2.549  0.098 1  2.551  753.1
2002 05 31  2.534  0.401 1  2.566  759.0
2002 06 01  2.462  0.704 1  2.561  761.1
2002 06 02  2.333  0.999 1  2.538  760.0
2002 06 03  2.150  1.279 1  2.501  756.1
2002 06 04  1.914  1.537 1  2.454  750.5
2002 06 05  1.629  1.765 2  2.402  744.0
2002 06 06  1.301  1.959 2  2.352  737.8
2002 06 07  0.936  2.111 2  2.310  733.0
2002 06 08  0.542  2.217 2  2.283  730.8
2002 06 09  0.125  2.274 2  2.277  732.1
2002 06 10 -0.304  2.277 3  2.297  737.6
2002 06 11 -0.735  2.225 3  2.344  747.8
2002 06 12 -1.160  2.119 3  2.415  762.5
2002 06 13 -1.566  1.958 3  2.508  781.2
2002 06 14 -1.944  1.747 4  2.614  803.0
2002 06 15 -2.284  1.487 4  2.726  826.7
2002 06 16 -2.577  1.187 4  2.837  850.9
2002 06 17 -2.813  0.851 4  2.939  874.2
2002 06 18 -2.986  0.489 4  3.026  895.2
2002 06 19 -3.090  0.109 4  3.092  912.7
2002 06 20 -3.121 -0.278 5  3.134  925.7
2002 06 21 -3.079 -0.663 5  3.149  933.4
2002 06 22 -2.963 -1.034 5  3.138  935.5
2002 06 23 -2.776 -1.380 5  3.100  931.8
2002 06 24 -2.523 -1.694 5  3.039  922.6
2002 06 25 -2.212 -1.965 5  2.959  908.5
2002 06 26 -1.852 -2.186 6  2.865  890.4
2002 06 27 -1.453 -2.351 6  2.764  869.2
2002 06 28 -1.028 -2.456 6  2.663  846.2
2002 06 29 -0.589 -2.500 6  2.568  822.5
2002 06 30 -0.150 -2.481 6  2.486  799.1
2002 07 01  0.276 -2.402 7  2.418  776.8
2002 07 02  0.678 -2.267 7  2.367  756.2
2002 07 03  1.045 -2.082 7  2.330  737.3
2002 07 04  1.367 -1.854 7  2.304  720.0
2002 07 05  1.637 -1.592 8  2.283  703.9
2002 07 06  1.850 -1.304 8  2.264  688.6
2002 07 07  2.004 -1.001 8  2.240  673.4
2002 07 08  2.098 -0.692 8  2.209  658.0
2002 07 09  2.134 -0.387 8  2.169  642.1
2002 07 10  2.117 -0.094 8  2.119  625.6
2002 07 11  2.052  0.180 1  2.060  608.6
2002 07 12  1.948  0.428 1  1.995  591.3
2002 07 13  1.812  0.647 1  1.924  573.9
2002 07 14  1.654  0.833 1  1.852  556.7
2002 07 15  1.482  0.984 1  1.779  539.9
2002 07 16  1.305  1.102 1  1.708  523.4
2002 07 17  1.130  1.189 2  1.640  507.3
2002 07 18  0.963  1.246 2  1.575  491.4
2002 07 19  0.810  1.278 2  1.513  475.6
2002 07 20  0.674  1.289 2  1.455  459.8
2002 07 21  0.555  1.283 2  1.398  444.1
2002 07 22  0.454  1.265 2  1.344  428.4
2002 07 23  0.368  1.239 2  1.292  412.9
2002 07 24  0.294  1.207 2  1.242  397.7
2002 07 25  0.229  1.171 2  1.194  382.7
2002 07 26  0.168  1.134 2  1.147  368.1
2002 07 27  0.106  1.095 2  1.100  353.6
2002 07 28  0.038  1.054 2  1.055  339.1
2002 07 29 -0.039  1.009 3  1.009  324.6
2002 07 30 -0.128  0.957 3  0.966  310.1
2002 07 31 -0.231  0.897 3  0.926  296.3
2002 08 01 -0.347  0.825 3  0.895  284.3
2002 08 02 -0.476  0.738 3  0.878  275.8
2002 08 03 -0.614  0.635 3  0.884  273.2
2002 08 04 -0.758  0.514 4  0.916  278.4
2002 08 05 -0.903  0.375 4  0.978  292.6
2002 08 06 -1.042  0.217 4  1.065  315.5
2002 08 07 -1.170  0.043 4  1.170  345.5
2002 08 08 -1.279 -0.145 5  1.287  380.3
2002 08 09 -1.363 -0.343 5  1.406  417.2
2002 08 10 -1.418 -0.545 5  1.519  453.9
2002 08 11 -1.439 -0.746 5  1.621  487.9
2002 08 12 -1.423 -0.940 5  1.705  517.5
2002 08 13 -1.369 -1.119 5  1.768  541.0
2002 08 14 -1.276 -1.277 6  1.806  557.4
2002 08 15 -1.148 -1.409 6  1.817  565.7
2002 08 16 -0.987 -1.507 6  1.802  565.6
2002 08 17 -0.800 -1.569 6  1.761  557.0
2002 08 18 -0.592 -1.590 6  1.697  540.4
2002 08 19 -0.371 -1.570 6  1.613  516.6
2002 08 20 -0.146 -1.507 6  1.514  486.6
2002 08 21  0.075 -1.405 7  1.407  452.2
2002 08 22  0.284 -1.265 7  1.296  415.2
2002 08 23  0.473 -1.092 7  1.190  378.0
2002 08 24  0.635 -0.894 7  1.096  343.2
2002 08 25  0.764 -0.677 8  1.021  313.4
2002 08 26  0.857 -0.449 8  0.967  291.2
2002 08 27  0.911 -0.219 8  0.937  277.9
2002 08 28  0.926  0.006 1  0.926  273.2
2002 08 29  0.902  0.215 1  0.928  275.2
2002 08 30  0.845  0.403 1  0.936  280.9
2002 08 31  0.756  0.562 1  0.942  287.2
2002 09 01  0.644  0.687 2  0.942  291.5
2002 09 02  0.515  0.775 2  0.930  291.9
2002 09 03  0.376  0.823 2  0.905  287.0
2002 09 04  0.236  0.831 2  0.864  276.3
2002 09 05  0.103  0.801 2  0.808  259.5
2002 09 06 -0.016  0.736 3  0.736  236.8
2002 09 07 -0.116  0.641 3  0.651  208.9
2002 09 08 -0.189  0.521 3  0.554  176.6
2002 09 09 -0.233  0.384 3  0.449  141.3
2002 09 10 -0.245  0.237 4  0.341  105.1
2002 09 11 -0.225  0.088 4  0.242   72.2
2002 09 12 -0.174 -0.055 5  0.183   54.4
2002 09 13 -0.095 -0.185 6  0.208   65.9
2002 09 14  0.008 -0.296 7  0.296   95.1
2002 09 15  0.129 -0.381 7  0.402  128.3
2002 09 16  0.263 -0.437 7  0.510  160.5
2002 09 17  0.400 -0.461 7  0.611  189.7
2002 09 18  0.535 -0.453 8  0.701  214.8
2002 09 19  0.660 -0.413 8  0.778  235.6
2002 09 20  0.767 -0.342 8  0.840  251.7
2002 09 21  0.850 -0.246 8  0.885  263.2
2002 09 22  0.906 -0.128 8  0.915  270.5
2002 09 23  0.928  0.005 1  0.928  274.0
2002 09 24  0.916  0.147 1  0.928  274.5
2002 09 25  0.868  0.290 1  0.916  272.8
2002 09 26  0.786  0.429 1  0.895  269.9
2002 09 27  0.670  0.556 1  0.871  266.7
2002 09 28  0.526  0.665 2  0.848  264.3
2002 09 29  0.357  0.751 2  0.832  263.6
2002 09 30  0.170  0.810 2  0.828  265.3
2002 10 01 -0.028  0.838 3  0.839  269.8
2002 10 02 -0.232  0.835 3  0.867  277.2
2002 10 03 -0.433  0.800 3  0.910  287.3
2002 10 04 -0.625  0.734 3  0.964  299.6
2002 10 05 -0.801  0.640 4  1.025  313.4
2002 10 06 -0.955  0.521 4  1.088  328.0
2002 10 07 -1.083  0.382 4  1.148  342.4
2002 10 08 -1.180  0.228 4  1.202  355.9
2002 10 09 -1.244  0.065 4  1.246  367.8
2002 10 10 -1.273 -0.102 5  1.277  377.3
2002 10 11 -1.268 -0.266 5  1.295  383.8
2002 10 12 -1.228 -0.422 5  1.298  386.9
2002 10 13 -1.155 -0.564 5  1.286  386.3
2002 10 14 -1.054 -0.689 5  1.259  381.9
2002 10 15 -0.926 -0.792 5  1.219  373.7
2002 10 16 -0.778 -0.871 6  1.168  362.1
2002 10 17 -0.612 -0.924 6  1.108  347.7
2002 10 18 -0.434 -0.950 6  1.044  331.1
2002 10 19 -0.248 -0.948 6  0.980  313.6
2002 10 20 -0.060 -0.921 6  0.923  296.6
2002 10 21  0.126 -0.868 7  0.877  281.7
2002 10 22  0.307 -0.793 7  0.850  270.6
2002 10 23  0.477 -0.697 7  0.845  264.8
2002 10 24  0.636 -0.584 8  0.863  265.4
2002 10 25  0.778 -0.456 8  0.902  272.6
2002 10 26  0.903 -0.317 8  0.957  285.4
2002 10 27  1.008 -0.169 8  1.023  302.6
2002 10 28  1.093 -0.016 8  1.093  322.6
2002 10 29  1.155  0.139 1  1.164  343.9
2002 10 30  1.195  0.294 1  1.230  365.1
2002 10 31  1.211  0.447 1  1.291  385.3
2002 11 01  1.204  0.594 1  1.342  403.4
2002 11 02  1.173  0.734 1  1.384  419.0
2002 11 03  1.119  0.864 1  1.414  431.7
2002 11 04  1.043  0.982 1  1.432  441.0
2002 11 05  0.944  1.087 2  1.440  447.0
2002 11 06  0.825  1.175 2  1.436  449.5
2002 11 07  0.687  1.245 2  1.422  448.9
2002 11 08  0.532  1.296 2  1.401  445.3
2002 11 09  0.363  1.324 2  1.373  439.1
2002 11 10  0.181  1.330 2  1.342  431.0
2002 11 11 -0.008  1.311 3  1.311  421.5
2002 11 12 -0.203  1.266 3  1.282  411.6
2002 11 13 -0.398  1.196 3  1.260  402.0
2002 11 14 -0.589  1.099 3  1.247  393.8
2002 11 15 -0.771  0.977 3  1.245  387.9
2002 11 16 -0.940  0.831 4  1.255  385.3
2002 11 17 -1.092  0.662 4  1.277  386.4
2002 11 18 -1.222  0.474 4  1.311  391.7
2002 11 19 -1.327  0.270 4  1.354  401.1
2002 11 20 -1.402  0.053 4  1.403  414.2
2002 11 21 -1.446 -0.171 5  1.456  430.4
2002 11 22 -1.457 -0.398 5  1.510  448.7
2002 11 23 -1.434 -0.622 5  1.563  468.2
2002 11 24 -1.377 -0.839 5  1.613  487.9
2002 11 25 -1.288 -1.042 5  1.657  506.7
2002 11 26 -1.168 -1.227 6  1.694  523.9
2002 11 27 -1.021 -1.388 6  1.723  538.6
2002 11 28 -0.850 -1.522 6  1.743  550.0
2002 11 29 -0.660 -1.625 6  1.754  557.6
2002 11 30 -0.456 -1.693 6  1.754  561.0
2002 12 01 -0.243 -1.727 6  1.744  559.9
2002 12 02 -0.027 -1.723 6  1.724  554.2
2002 12 03  0.187 -1.683 7  1.694  544.1
2002 12 04  0.393 -1.608 7  1.655  529.9
2002 12 05  0.587 -1.499 7  1.610  512.2
2002 12 06  0.765 -1.358 7  1.559  491.7
2002 12 07  0.921 -1.191 7  1.505  469.6
2002 12 08  1.054 -0.999 8  1.452  447.3
2002 12 09  1.160 -0.789 8  1.403  426.3
2002 12 10  1.239 -0.565 8  1.361  408.3
2002 12 11  1.288 -0.332 8  1.330  394.9
2002 12 12  1.309 -0.095 8  1.312  387.5
2002 12 13  1.301  0.140 1  1.308  386.6
2002 12 14  1.265  0.370 1  1.318  392.0
2002 12 15  1.204  0.589 1  1.340  402.7
2002 12 16  1.119  0.793 1  1.371  417.2
2002 12 17  1.012  0.978 1  1.407  433.8
2002 12 18  0.887  1.140 2  1.445  450.6
2002 12 19  0.746  1.278 2  1.480  466.3
2002 12 20  0.592  1.389 2  1.510  479.5
2002 12 21  0.429  1.470 2  1.531  489.3
2002 12 22  0.260  1.521 2  1.543  495.0
2002 12 23  0.088  1.541 2  1.543  496.1
2002 12 24 -0.083  1.529 3  1.532  492.4
2002 12 25 -0.250  1.488 3  1.509  484.1
2002 12 26 -0.410  1.416 3  1.475  471.3
2002 12 27 -0.559  1.317 3  1.431  454.6
2002 12 28 -0.695  1.192 3  1.380  434.9
2002 12 29 -0.814  1.044 3  1.324  413.0
2002 12 30 -0.915  0.877 4  1.267  390.3
2002 12 31 -0.994  0.692 4  1.211  368.2
2003 01 01 -1.050  0.495 4  1.161  348.4
2003 01 02 -1.081  0.290 4  1.119  332.4
2003 01 03 -1.087  0.081 4  1.090  321.9
2003 01 04 -1.067 -0.127 5  1.075  317.6
2003 01 05 -1.022 -0.329 5  1.074  319.6
2003 01 06 -0.952 -0.522 5  1.086  327.3
2003 01 07 -0.860 -0.700 5  1.108  339.1
2003 01 08 -0.746 -0.860 6  1.138  353.5
2003 01 09 -0.616 -0.997 6  1.172  368.6
2003 01 10 -0.471 -1.110 6  1.205  382.9
2003 01 11 -0.315 -1.195 6  1.236  395.3
2003 01 12 -0.153 -1.250 6  1.260  404.6
2003 01 13  0.010 -1.276 7  1.276  410.2
2003 01 14  0.171 -1.271 7  1.282  411.7
2003 01 15  0.324 -1.236 7  1.277  408.7
2003 01 16  0.466 -1.172 7  1.261  401.3
2003 01 17  0.592 -1.083 7  1.234  389.6
2003 01 18  0.699 -0.970 7  1.196  374.0
2003 01 19  0.783 -0.838 7  1.147  355.0
2003 01 20  0.843 -0.690 8  1.089  333.3
2003 01 21  0.877 -0.531 8  1.025  309.9
2003 01 22  0.883 -0.365 8  0.956  285.9
2003 01 23  0.863 -0.197 8  0.885  262.6
2003 01 24  0.817 -0.033 8  0.818  241.5
2003 01 25  0.747  0.125 1  0.758  224.2
2003 01 26  0.656  0.271 1  0.709  212.2
2003 01 27  0.546  0.401 1  0.677  206.4
2003 01 28  0.421  0.514 2  0.664  206.7
2003 01 29  0.285  0.606 2  0.670  212.2
2003 01 30  0.144  0.675 2  0.690  221.3
2003 01 31  0.001  0.721 2  0.721  232.0
2003 02 01 -0.140  0.744 3  0.757  242.8
2003 02 02 -0.273  0.744 3  0.792  252.4
2003 02 03 -0.395  0.722 3  0.823  259.8
2003 02 04 -0.502  0.680 3  0.845  264.2
2003 02 05 -0.592  0.621 3  0.858  265.3
2003 02 06 -0.661  0.548 4  0.858  262.9
2003 02 07 -0.708  0.464 4  0.846  256.8
2003 02 08 -0.733  0.372 4  0.822  247.2
2003 02 09 -0.734  0.277 4  0.785  234.4
2003 02 10 -0.714  0.181 4  0.737  218.7
2003 02 11 -0.673  0.089 4  0.679  200.8
2003 02 12 -0.614  0.003 4  0.614  181.2
2003 02 13 -0.539 -0.074 5  0.544  160.8
2003 02 14 -0.451 -0.139 5  0.472  140.4
2003 02 15 -0.355 -0.191 5  0.403  121.4
2003 02 16 -0.253 -0.229 5  0.341  104.8
2003 02 17 -0.151 -0.251 6  0.293   92.2
2003 02 18 -0.051 -0.259 6  0.264   84.6
2003 02 19  0.043 -0.252 7  0.256   82.2
2003 02 20  0.127 -0.233 7  0.265   83.7
2003 02 21  0.198 -0.202 7  0.283   87.4
2003 02 22  0.255 -0.162 8  0.302   91.5
2003 02 23  0.296 -0.115 8  0.318   94.9
2003 02 24  0.321 -0.063 8  0.327   96.9
2003 02 25  0.329 -0.010 8  0.329   97.1
2003 02 26  0.321  0.041 1  0.323   95.5
2003 02 27  0.298  0.089 1  0.311   92.5
2003 02 28  0.263  0.132 1  0.294   88.4
2003 03 01  0.218  0.166 1  0.274   83.6
2003 03 02  0.165  0.191 2  0.253   78.6
2003 03 03  0.109  0.206 2  0.233   73.8
2003 03 04  0.052  0.210 2  0.217   69.4
2003 03 05 -0.003  0.204 3  0.204   65.6
2003 03 06 -0.053  0.187 3  0.195   62.2
2003 03 07 -0.096  0.161 3  0.188   59.1
2003 03 08 -0.130  0.127 4  0.182   56.1
2003 03 09 -0.154  0.087 4  0.176   53.2
2003 03 10 -0.167  0.042 4  0.172   50.9
2003 03 11 -0.168 -0.006 5  0.168   49.7
2003 03 12 -0.160 -0.055 5  0.169   50.4
2003 03 13 -0.142 -0.102 5  0.175   53.3
2003 03 14 -0.117 -0.147 6  0.188   58.6
2003 03 15 -0.087 -0.188 6  0.207   65.7
2003 03 16 -0.053 -0.224 6  0.230   73.7
2003 03 17 -0.018 -0.254 6  0.255   82.0
2003 03 18  0.016 -0.279 7  0.279   89.7
2003 03 19  0.047 -0.297 7  0.300   96.4
2003 03 20  0.074 -0.309 7  0.317  101.6
2003 03 21  0.095 -0.315 7  0.329  105.1
2003 03 22  0.110 -0.316 7  0.335  106.7
2003 03 23  0.119 -0.313 7  0.334  106.5
2003 03 24  0.121 -0.306 7  0.329  104.5
2003 03 25  0.118 -0.295 7  0.318  101.1
2003 03 26  0.110 -0.282 7  0.303   96.5
2003 03 27  0.099 -0.268 7  0.285   90.9
2003 03 28  0.086 -0.252 7  0.266   84.8
2003 03 29  0.073 -0.234 7  0.246   78.4
2003 03 30  0.061 -0.217 7  0.225   72.0
2003 03 31  0.052 -0.198 7  0.205   65.5
2003 04 01  0.046 -0.179 7  0.185   59.3
2003 04 02  0.045 -0.160 7  0.167   53.2
2003 04 03  0.049 -0.141 7  0.150   47.7
2003 04 04  0.059 -0.122 7  0.136   42.9
2003 04 05  0.074 -0.103 7  0.127   39.7
2003 04 06  0.094 -0.085 8  0.127   39.0
2003 04 07  0.120 -0.067 8  0.137   41.4
2003 04 08  0.149 -0.050 8  0.157   46.9
2003 04 09  0.183 -0.033 8  0.186   55.0
2003 04 10  0.219 -0.017 8  0.220   64.9
2003 04 11  0.257 -0.002 8  0.257   76.0
2003 04 12  0.297  0.012 1  0.298   87.8
2003 04 13  0.338  0.027 1  0.339  100.2
2003 04 14  0.379  0.043 1  0.381  112.7
2003 04 15  0.419  0.060 1  0.423  125.2
2003 04 16  0.458  0.081 1  0.465  137.7
2003 04 17  0.495  0.105 1  0.506  150.0
2003 04 18  0.529  0.135 1  0.546  162.2
2003 04 19  0.560  0.171 1  0.585  174.1
2003 04 20  0.584  0.215 1  0.623  185.8
2003 04 21  0.602  0.268 1  0.659  197.6
2003 04 22  0.611  0.331 1  0.695  209.5
2003 04 23  0.610  0.402 1  0.731  221.7
2003 04 24  0.596  0.483 1  0.767  234.6
2003 04 25  0.566  0.572 2  0.805  248.5
2003 04 26  0.520  0.667 2  0.846  263.7
2003 04 27  0.454  0.766 2  0.890  280.3
2003 04 28  0.368  0.864 2  0.939  298.4
2003 04 29  0.260  0.960 2  0.994  318.1
2003 04 30  0.130  1.047 2  1.055  339.0
2003 05 01 -0.021  1.122 3  1.123  361.0
2003 05 02 -0.192  1.180 3  1.195  383.6
2003 05 03 -0.380  1.215 3  1.273  406.4
2003 05 04 -0.581  1.223 3  1.354  429.1
2003 05 05 -0.791  1.201 3  1.438  451.3
2003 05 06 -1.003  1.145 3  1.522  472.6
2003 05 07 -1.212  1.054 4  1.606  492.7
2003 05 08 -1.409  0.927 4  1.686  511.6
2003 05 09 -1.587  0.765 4  1.762  529.1
2003 05 10 -1.739  0.570 4  1.830  545.1
2003 05 11 -1.858  0.346 4  1.890  559.6
2003 05 12 -1.937  0.099 4  1.940  572.7
2003 05 13 -1.971 -0.165 5  1.978  584.2
2003 05 14 -1.956 -0.439 5  2.004  594.2
2003 05 15 -1.889 -0.713 5  2.019  602.8
2003 05 16 -1.770 -0.979 5  2.023  610.1
2003 05 17 -1.601 -1.229 5  2.018  616.0
2003 05 18 -1.385 -1.453 6  2.007  620.8
2003 05 19 -1.127 -1.644 6  1.993  624.6
2003 05 20 -0.834 -1.795 6  1.980  627.6
2003 05 21 -0.516 -1.901 6  1.970  630.1
2003 05 22 -0.180 -1.959 6  1.967  632.1
2003 05 23  0.161 -1.966 7  1.972  633.9
2003 05 24  0.498 -1.922 7  1.986  635.4
2003 05 25  0.821 -1.830 7  2.006  636.5
2003 05 26  1.118 -1.694 7  2.030  637.0
2003 05 27  1.383 -1.519 7  2.054  636.6
2003 05 28  1.607 -1.313 8  2.075  634.9
2003 05 29  1.784 -1.082 8  2.087  631.3
2003 05 30  1.912 -0.837 8  2.088  625.4
2003 05 31  1.989 -0.586 8  2.074  616.7
2003 06 01  2.015 -0.338 8  2.044  604.7
2003 06 02  1.994 -0.101 8  1.996  589.4
2003 06 03  1.928  0.117 1  1.932  570.4
2003 06 04  1.825  0.310 1  1.852  548.0
2003 06 05  1.692  0.473 1  1.757  522.1
2003 06 06  1.536  0.603 1  1.650  493.1
2003 06 07  1.365  0.699 1  1.534  461.5
2003 06 08  1.188  0.761 1  1.411  427.7
2003 06 09  1.013  0.791 1  1.285  392.5
2003 06 10  0.846  0.792 1  1.158  356.5
2003 06 11  0.692  0.768 2  1.034  320.6
2003 06 12  0.557  0.726 2  0.915  285.4
2003 06 13  0.442  0.670 2  0.803  251.9
2003 06 14  0.348  0.608 2  0.700  220.8
2003 06 15  0.276  0.544 2  0.610  193.0
2003 06 16  0.223  0.485 2  0.534  169.3
2003 06 17  0.186  0.435 2  0.473  150.2
2003 06 18  0.161  0.398 2  0.429  136.4
2003 06 19  0.143  0.376 2  0.402  128.0
2003 06 20  0.128  0.370 2  0.392  125.0
2003 06 21  0.110  0.382 2  0.398  127.1
2003 06 22  0.086  0.409 2  0.418  134.0
2003 06 23  0.051  0.450 2  0.452  145.3
2003 06 24  0.003  0.500 2  0.501  160.9
2003 06 25 -0.060  0.558 3  0.561  180.4
2003 06 26 -0.139  0.619 3  0.634  203.1
2003 06 27 -0.232  0.677 3  0.716  228.3
2003 06 28 -0.339  0.731 3  0.805  255.3
2003 06 29 -0.456  0.774 3  0.898  282.9
2003 06 30 -0.579  0.805 3  0.992  310.3
2003 07 01 -0.706  0.821 3  1.082  336.2
2003 07 02 -0.831  0.819 4  1.167  359.9
2003 07 03 -0.950  0.799 4  1.242  380.5
2003 07 04 -1.060  0.762 4  1.305  397.3
2003 07 05 -1.156  0.706 4  1.354  409.8
2003 07 06 -1.235  0.635 4  1.389  417.8
2003 07 07 -1.295  0.550 4  1.407  421.2
2003 07 08 -1.335  0.453 4  1.410  420.2
2003 07 09 -1.355  0.346 4  1.399  415.2
2003 07 10 -1.355  0.233 4  1.375  406.9
2003 07 11 -1.336  0.116 4  1.341  396.0
2003 07 12 -1.299 -0.002 5  1.299  383.5
2003 07 13 -1.248 -0.121 5  1.254  370.5
2003 07 14 -1.185 -0.237 5  1.208  358.0
2003 07 15 -1.112 -0.349 5  1.166  346.9
2003 07 16 -1.032 -0.457 5  1.128  338.1
2003 07 17 -0.946 -0.559 5  1.099  332.2
2003 07 18 -0.858 -0.655 5  1.079  329.3
2003 07 19 -0.767 -0.745 5  1.069  329.5
2003 07 20 -0.674 -0.828 6  1.068  332.4
2003 07 21 -0.580 -0.904 6  1.074  337.4
2003 07 22 -0.484 -0.973 6  1.086  343.9
2003 07 23 -0.386 -1.033 6  1.102  351.0
2003 07 24 -0.285 -1.083 6  1.120  358.3
2003 07 25 -0.180 -1.123 6  1.137  365.0
2003 07 26 -0.070 -1.151 6  1.153  370.7
2003 07 27  0.045 -1.165 7  1.166  375.0
2003 07 28  0.165 -1.165 7  1.176  377.7
2003 07 29  0.289 -1.147 7  1.183  378.6
2003 07 30  0.417 -1.111 7  1.187  377.9
2003 07 31  0.545 -1.056 7  1.189  375.9
2003 08 01  0.673 -0.982 7  1.190  372.9
2003 08 02  0.796 -0.887 7  1.192  369.5
2003 08 03  0.911 -0.773 8  1.195  366.2
2003 08 04  1.015 -0.641 8  1.200  363.7
2003 08 05  1.103 -0.493 8  1.209  362.2
2003 08 06  1.173 -0.332 8  1.219  362.2
2003 08 07  1.219 -0.161 8  1.230  363.6
2003 08 08  1.240  0.015 1  1.240  366.1
2003 08 09  1.234  0.193 1  1.249  369.5
2003 08 10  1.199  0.366 1  1.254  373.0
2003 08 11  1.136  0.531 1  1.254  376.1
2003 08 12  1.045  0.681 1  1.247  378.3
2003 08 13  0.928  0.814 1  1.235  378.9
2003 08 14  0.789  0.924 2  1.215  377.7
2003 08 15  0.633  1.009 2  1.191  374.3
2003 08 16  0.463  1.065 2  1.161  368.7
2003 08 17  0.286  1.091 2  1.128  360.9
2003 08 18  0.108  1.087 2  1.093  351.1
2003 08 19 -0.066  1.054 3  1.056  339.3
2003 08 20 -0.229  0.992 3  1.018  326.0
2003 08 21 -0.376  0.904 3  0.980  311.3
2003 08 22 -0.503  0.795 3  0.941  295.6
2003 08 23 -0.605  0.668 3  0.901  279.4
2003 08 24 -0.680  0.528 4  0.861  262.9
2003 08 25 -0.727  0.380 4  0.820  246.8
2003 08 26 -0.744  0.229 4  0.779  231.7
2003 08 27 -0.734  0.080 4  0.738  218.1
2003 08 28 -0.697 -0.062 5  0.700  206.8
2003 08 29 -0.638 -0.194 5  0.667  198.4
2003 08 30 -0.560 -0.311 5  0.640  193.2
2003 08 31 -0.468 -0.411 5  0.622  191.1
2003 09 01 -0.366 -0.493 6  0.613  191.7
2003 09 02 -0.259 -0.555 6  0.612  194.1
2003 09 03 -0.152 -0.598 6  0.617  197.5
2003 09 04 -0.050 -0.623 6  0.625  200.8
2003 09 05  0.044 -0.631 7  0.632  203.3
2003 09 06  0.127 -0.624 7  0.637  204.2
2003 09 07  0.196 -0.605 7  0.636  203.1
2003 09 08  0.252 -0.577 7  0.630  199.9
2003 09 09  0.293 -0.542 7  0.616  194.6
2003 09 10  0.320 -0.503 7  0.596  187.3
2003 09 11  0.335 -0.462 7  0.570  178.4
2003 09 12  0.339 -0.421 7  0.540  168.3
2003 09 13  0.336 -0.380 7  0.507  157.4
2003 09 14  0.327 -0.342 7  0.473  146.3
2003 09 15  0.317 -0.305 8  0.439  135.4
2003 09 16  0.306 -0.269 8  0.407  125.0
2003 09 17  0.297 -0.233 8  0.378  115.3
2003 09 18  0.292 -0.196 8  0.352  106.7
2003 09 19  0.292 -0.155 8  0.331   99.6
2003 09 20  0.296 -0.111 8  0.316   94.3
2003 09 21  0.304 -0.060 8  0.310   91.7
2003 09 22  0.314 -0.001 8  0.314   92.7
2003 09 23  0.325  0.065 1  0.331   98.2
2003 09 24  0.334  0.140 1  0.362  108.3
2003 09 25  0.338  0.222 1  0.405  122.7
2003 09 26  0.334  0.312 1  0.457  140.7
2003 09 27  0.320  0.406 2  0.517  161.2
2003 09 28  0.293  0.502 2  0.582  183.3
2003 09 29  0.252  0.598 2  0.649  206.1
2003 09 30  0.195  0.688 2  0.715  228.7
2003 10 01  0.122  0.770 2  0.780  250.3
2003 10 02  0.034  0.839 2  0.840  270.0
2003 10 03 -0.067  0.891 3  0.894  287.3
2003 10 04 -0.179  0.923 3  0.940  301.4
2003 10 05 -0.298  0.931 3  0.977  311.9
2003 10 06 -0.420  0.912 3  1.004  318.5
2003 10 07 -0.539  0.867 3  1.021  321.0
2003 10 08 -0.651  0.794 3  1.027  319.5
2003 10 09 -0.751  0.693 4  1.022  314.4
2003 10 10 -0.834  0.567 4  1.008  306.3
2003 10 11 -0.895  0.419 4  0.988  296.5
2003 10 12 -0.930  0.253 4  0.964  286.3
2003 10 13 -0.937  0.073 4  0.940  277.5
2003 10 14 -0.914 -0.115 5  0.921  272.2
2003 10 15 -0.860 -0.304 5  0.912  271.9
2003 10 16 -0.776 -0.488 5  0.917  277.6
2003 10 17 -0.664 -0.661 5  0.937  289.1
2003 10 18 -0.528 -0.817 6  0.972  305.3
2003 10 19 -0.370 -0.949 6  1.019  324.3
2003 10 20 -0.198 -1.054 6  1.073  344.0
2003 10 21 -0.016 -1.128 6  1.128  362.7
2003 10 22  0.170 -1.167 7  1.179  378.6
2003 10 23  0.352 -1.170 7  1.222  390.4
2003 10 24  0.524 -1.138 7  1.253  397.2
2003 10 25  0.680 -1.070 7  1.268  398.5
2003 10 26  0.815 -0.971 7  1.268  394.1
2003 10 27  0.924 -0.842 8  1.250  384.3
2003 10 28  1.003 -0.690 8  1.217  369.8
2003 10 29  1.049 -0.519 8  1.170  351.7
2003 10 30  1.061 -0.336 8  1.113  331.2
2003 10 31  1.039 -0.147 8  1.049  310.3
2003 11 01  0.984  0.041 1  0.985  290.9
2003 11 02  0.899  0.222 1  0.926  274.9
2003 11 03  0.788  0.389 1  0.878  264.0
2003 11 04  0.654  0.537 1  0.846  258.9
2003 11 05  0.503  0.661 2  0.830  259.2
2003 11 06  0.341  0.757 2  0.831  263.5
2003 11 07  0.174  0.824 2  0.842  269.9
2003 11 08  0.009  0.859 2  0.859  276.2
2003 11 09 -0.148  0.863 3  0.875  280.8
2003 11 10 -0.291  0.836 3  0.885  282.3
2003 11 11 -0.415  0.782 3  0.885  279.7
2003 11 12 -0.516  0.704 3  0.873  272.7
2003 11 13 -0.590  0.605 3  0.845  261.2
2003 11 14 -0.635  0.493 4  0.803  245.4
2003 11 15 -0.649  0.371 4  0.748  225.7
2003 11 16 -0.634  0.246 4  0.680  203.1
2003 11 17 -0.589  0.125 4  0.602  178.4
2003 11 18 -0.518  0.012 4  0.518  153.0
2003 11 19 -0.425 -0.087 5  0.434  128.5
2003 11 20 -0.313 -0.167 5  0.355  107.0
2003 11 21 -0.189 -0.225 6  0.294   91.4
2003 11 22 -0.057 -0.258 6  0.264   84.7
2003 11 23  0.075 -0.265 7  0.275   88.0
2003 11 24  0.203 -0.245 7  0.318   99.0
2003 11 25  0.319 -0.200 8  0.377  114.1
2003 11 26  0.420 -0.131 8  0.440  130.9
2003 11 27  0.499 -0.043 8  0.501  148.0
2003 11 28  0.553  0.062 1  0.557  164.6
2003 11 29  0.580  0.177 1  0.606  180.4
2003 11 30  0.577  0.298 1  0.649  195.4
2003 12 01  0.544  0.418 1  0.686  209.4
2003 12 02  0.481  0.532 2  0.717  222.4
2003 12 03  0.391  0.633 2  0.745  234.2
2003 12 04  0.278  0.717 2  0.769  244.7
2003 12 05  0.144  0.778 2  0.791  253.8
2003 12 06 -0.005  0.813 3  0.813  261.4
2003 12 07 -0.163  0.819 3  0.835  267.6
2003 12 08 -0.324  0.794 3  0.857  272.6
2003 12 09 -0.481  0.738 3  0.881  276.6
2003 12 10 -0.629  0.652 3  0.906  280.2
2003 12 11 -0.762  0.539 4  0.933  283.8
2003 12 12 -0.873  0.401 4  0.961  288.2
2003 12 13 -0.960  0.243 4  0.990  293.9
2003 12 14 -1.018  0.071 4  1.020  301.3
2003 12 15 -1.045 -0.111 5  1.051  310.6
2003 12 16 -1.042 -0.294 5  1.082  321.7
2003 12 17 -1.007 -0.474 5  1.113  334.1
2003 12 18 -0.943 -0.644 5  1.142  347.0
2003 12 19 -0.853 -0.799 5  1.169  359.7
2003 12 20 -0.741 -0.933 6  1.192  371.3
2003 12 21 -0.612 -1.042 6  1.209  380.8
2003 12 22 -0.472 -1.124 6  1.219  387.4
2003 12 23 -0.326 -1.176 6  1.221  390.3
2003 12 24 -0.180 -1.199 6  1.212  389.2
2003 12 25 -0.039 -1.192 6  1.193  383.6
2003 12 26  0.091 -1.158 7  1.162  373.5
2003 12 27  0.205 -1.100 7  1.119  358.9
2003 12 28  0.302 -1.020 7  1.064  340.1
2003 12 29  0.379 -0.924 7  0.999  317.6
2003 12 30  0.434 -0.816 7  0.925  292.1
2003 12 31  0.469 -0.701 7  0.844  264.6
2004 01 01  0.485 -0.584 7  0.759  236.0
2004 01 02  0.484 -0.468 8  0.673  207.5
2004 01 03  0.470 -0.358 8  0.591  180.2
2004 01 04  0.446 -0.257 8  0.515  155.4
2004 01 05  0.418 -0.166 8  0.449  134.3
2004 01 06  0.388 -0.087 8  0.398  118.0
2004 01 07  0.362 -0.020 8  0.363  107.1
2004 01 08  0.343  0.035 1  0.345  101.8
2004 01 09  0.333  0.080 1  0.342  101.6
2004 01 10  0.334  0.117 1  0.354  105.6
2004 01 11  0.348  0.148 1  0.378  113.2
2004 01 12  0.373  0.178 1  0.413  124.0
2004 01 13  0.408  0.207 1  0.457  137.5
2004 01 14  0.451  0.239 1  0.510  153.6
2004 01 15  0.498  0.275 1  0.569  171.5
2004 01 16  0.545  0.318 1  0.631  190.6
2004 01 17  0.587  0.369 1  0.693  210.0
2004 01 18  0.620  0.427 1  0.753  228.8
2004 01 19  0.640  0.491 1  0.806  246.1
2004 01 20  0.642  0.559 1  0.851  261.3
2004 01 21  0.623  0.630 2  0.886  273.6
2004 01 22  0.580  0.700 2  0.909  282.9
2004 01 23  0.512  0.766 2  0.921  289.0
2004 01 24  0.420  0.823 2  0.924  292.2
2004 01 25  0.304  0.867 2  0.919  293.0
2004 01 26  0.168  0.896 2  0.912  292.4
2004 01 27  0.015  0.905 2  0.905  291.1
2004 01 28 -0.150  0.892 3  0.905  290.3
2004 01 29 -0.321  0.855 3  0.914  291.0
2004 01 30 -0.491  0.794 3  0.934  293.6
2004 01 31 -0.654  0.708 3  0.964  298.4
2004 02 01 -0.802  0.599 4  1.001  305.2
2004 02 02 -0.930  0.468 4  1.042  313.2
2004 02 03 -1.032  0.321 4  1.081  321.6
2004 02 04 -1.102  0.160 4  1.114  329.3
2004 02 05 -1.137 -0.009 5  1.137  335.7
2004 02 06 -1.136 -0.180 5  1.150  340.1
2004 02 07 -1.096 -0.348 5  1.150  342.2
2004 02 08 -1.018 -0.507 5  1.138  342.0
2004 02 09 -0.906 -0.651 5  1.116  339.6
2004 02 10 -0.762 -0.775 6  1.087  335.7
2004 02 11 -0.591 -0.874 6  1.055  330.9
2004 02 12 -0.400 -0.945 6  1.026  326.0
2004 02 13 -0.195 -0.985 6  1.004  321.8
2004 02 14  0.017 -0.991 7  0.992  318.8
2004 02 15  0.228 -0.965 7  0.991  317.5
2004 02 16  0.429 -0.906 7  1.002  317.7
2004 02 17  0.615 -0.816 7  1.022  319.2
2004 02 18  0.779 -0.699 8  1.047  321.5
2004 02 19  0.914 -0.559 8  1.071  324.1
2004 02 20  1.016 -0.400 8  1.092  326.2
2004 02 21  1.081 -0.228 8  1.105  327.5
2004 02 22  1.108 -0.050 8  1.109  327.5
2004 02 23  1.096  0.129 1  1.103  326.1
2004 02 24  1.045  0.303 1  1.088  323.5
2004 02 25  0.958  0.465 1  1.065  319.9
2004 02 26  0.839  0.610 1  1.037  315.8
2004 02 27  0.691  0.733 2  1.007  311.5
2004 02 28  0.520  0.829 2  0.979  307.7
2004 02 29  0.333  0.897 2  0.957  304.7
2004 03 01  0.137  0.933 2  0.943  302.9
2004 03 02 -0.062  0.938 3  0.940  302.1
2004 03 03 -0.257  0.910 3  0.946  302.3
2004 03 04 -0.441  0.852 3  0.959  303.3
2004 03 05 -0.607  0.766 3  0.977  304.5
2004 03 06 -0.752  0.654 4  0.996  305.7
2004 03 07 -0.869  0.522 4  1.014  306.5
2004 03 08 -0.956  0.374 4  1.027  306.7
2004 03 09 -1.011  0.215 4  1.033  306.3
2004 03 10 -1.032  0.050 4  1.034  305.1
2004 03 11 -1.021 -0.114 5  1.027  303.5
2004 03 12 -0.977 -0.272 5  1.014  301.4
2004 03 13 -0.905 -0.420 5  0.997  299.2
2004 03 14 -0.806 -0.552 5  0.977  296.9
2004 03 15 -0.686 -0.665 5  0.956  294.6
2004 03 16 -0.550 -0.755 6  0.934  292.1
2004 03 17 -0.401 -0.821 6  0.914  289.3
2004 03 18 -0.247 -0.860 6  0.894  285.9
2004 03 19 -0.093 -0.872 6  0.877  281.7
2004 03 20  0.056 -0.858 7  0.860  276.4
2004 03 21  0.195 -0.819 7  0.842  269.7
2004 03 22  0.320 -0.759 7  0.823  261.6
2004 03 23  0.426 -0.679 7  0.802  252.0
2004 03 24  0.511 -0.584 7  0.776  240.9
2004 03 25  0.573 -0.478 8  0.747  228.7
2004 03 26  0.611 -0.366 8  0.712  215.4
2004 03 27  0.624 -0.253 8  0.674  201.5
2004 03 28  0.615 -0.142 8  0.631  187.3
2004 03 29  0.585 -0.039 8  0.586  173.1
2004 03 30  0.536  0.052 1  0.539  159.2
2004 03 31  0.474  0.129 1  0.491  145.9
2004 04 01  0.401  0.189 1  0.443  133.0
2004 04 02  0.323  0.229 1  0.396  120.6
2004 04 03  0.245  0.251 2  0.350  108.3
2004 04 04  0.171  0.253 2  0.305   95.7
2004 04 05  0.107  0.237 2  0.260   82.5
2004 04 06  0.057  0.205 2  0.213   68.2
2004 04 07  0.025  0.162 2  0.163   52.5
2004 04 08  0.012  0.109 2  0.110   35.3
2004 04 09  0.021  0.053 2  0.057   18.1
2004 04 10  0.053 -0.003 8  0.053   15.6
2004 04 11  0.106 -0.054 8  0.118   35.6
2004 04 12  0.178 -0.094 8  0.201   60.6
2004 04 13  0.267 -0.120 8  0.293   87.7
2004 04 14  0.367 -0.128 8  0.389  116.0
2004 04 15  0.474 -0.116 8  0.488  144.9
2004 04 16  0.582 -0.081 8  0.587  173.7
2004 04 17  0.683 -0.023 8  0.684  201.8
2004 04 18  0.772  0.057 1  0.774  228.6
2004 04 19  0.842  0.156 1  0.856  253.4
2004 04 20  0.886  0.272 1  0.927  275.8
2004 04 21  0.900  0.401 1  0.985  295.2
2004 04 22  0.879  0.536 1  1.030  311.7
2004 04 23  0.822  0.673 1  1.062  325.1
2004 04 24  0.727  0.803 2  1.083  335.8
2004 04 25  0.594  0.921 2  1.096  344.3
2004 04 26  0.427  1.021 2  1.106  351.6
2004 04 27  0.229  1.095 2  1.119  358.6
2004 04 28  0.007  1.139 2  1.139  366.4
2004 04 29 -0.233  1.149 3  1.173  376.0
2004 04 30 -0.483  1.123 3  1.222  388.1
2004 05 01 -0.732  1.058 3  1.286  402.9
2004 05 02 -0.971  0.955 4  1.362  420.1
2004 05 03 -1.191  0.816 4  1.444  438.8
2004 05 04 -1.383  0.645 4  1.526  458.0
2004 05 05 -1.538  0.447 4  1.602  476.3
2004 05 06 -1.650  0.229 4  1.665  492.4
2004 05 07 -1.711 -0.003 5  1.711  505.1
2004 05 08 -1.720 -0.239 5  1.736  513.4
2004 05 09 -1.673 -0.472 5  1.739  516.7
2004 05 10 -1.572 -0.691 5  1.717  514.5
2004 05 11 -1.420 -0.888 5  1.675  507.1
2004 05 12 -1.219 -1.057 5  1.614  495.0
2004 05 13 -0.978 -1.189 6  1.539  479.1
2004 05 14 -0.705 -1.279 6  1.460  460.8
2004 05 15 -0.408 -1.323 6  1.384  442.1
2004 05 16 -0.099 -1.318 6  1.322  425.0
2004 05 17  0.211 -1.265 7  1.283  411.7
2004 05 18  0.512 -1.165 7  1.273  404.0
2004 05 19  0.792 -1.020 7  1.292  402.9
2004 05 20  1.041 -0.836 8  1.335  408.3
2004 05 21  1.249 -0.620 8  1.394  419.1
2004 05 22  1.410 -0.378 8  1.459  433.5
2004 05 23  1.517 -0.119 8  1.521  449.3
2004 05 24  1.566  0.147 1  1.573  464.6
2004 05 25  1.556  0.410 1  1.609  477.8
2004 05 26  1.486  0.662 1  1.627  487.6
2004 05 27  1.360  0.892 1  1.626  493.4
2004 05 28  1.181  1.093 1  1.609  495.0
2004 05 29  0.956  1.257 2  1.579  493.0
2004 05 30  0.693  1.378 2  1.542  487.9
2004 05 31  0.401  1.451 2  1.505  481.2
2004 06 01  0.090  1.472 2  1.475  474.3
2004 06 02 -0.230  1.442 3  1.460  468.7
2004 06 03 -0.546  1.360 3  1.465  466.0
2004 06 04 -0.849  1.228 3  1.492  467.5
2004 06 05 -1.127  1.049 4  1.540  473.8
2004 06 06 -1.372  0.830 4  1.603  485.0
2004 06 07 -1.575  0.576 4  1.677  500.4
2004 06 08 -1.729  0.295 4  1.754  519.1
2004 06 09 -1.829 -0.005 5  1.829  539.9
2004 06 10 -1.871 -0.314 5  1.898  561.6
2004 06 11 -1.855 -0.624 5  1.957  583.0
2004 06 12 -1.779 -0.925 5  2.005  603.5
2004 06 13 -1.646 -1.208 5  2.042  622.2
2004 06 14 -1.461 -1.466 6  2.070  638.9
2004 06 15 -1.229 -1.689 6  2.089  653.3
2004 06 16 -0.957 -1.873 6  2.103  665.3
2004 06 17 -0.654 -2.011 6  2.115  674.9
2004 06 18 -0.329 -2.099 6  2.125  682.1
2004 06 19  0.009 -2.136 7  2.136  686.9
2004 06 20  0.349 -2.120 7  2.148  689.5
2004 06 21  0.681 -2.052 7  2.162  689.7
2004 06 22  0.995 -1.933 7  2.174  687.5
2004 06 23  1.282 -1.768 7  2.184  683.0
2004 06 24  1.535 -1.561 7  2.189  676.3
2004 06 25  1.746 -1.318 8  2.188  667.4
2004 06 26  1.911 -1.046 8  2.179  656.8
2004 06 27  2.025 -0.752 8  2.160  644.8
2004 06 28  2.087 -0.445 8  2.133  632.3
2004 06 29  2.095 -0.132 8  2.100  619.9
2004 06 30  2.053  0.179 1  2.061  608.7
2004 07 01  1.962  0.481 1  2.020  599.4
2004 07 02  1.827  0.765 1  1.981  592.9
2004 07 03  1.655  1.026 1  1.947  589.4
2004 07 04  1.450  1.259 1  1.921  589.2
2004 07 05  1.222  1.459 2  1.903  591.8
2004 07 06  0.977  1.623 2  1.895  596.5
2004 07 07  0.725  1.750 2  1.894  602.1
2004 07 08  0.471  1.839 2  1.898  607.4
2004 07 09  0.224  1.889 2  1.902  611.1
2004 07 10 -0.010  1.904 3  1.904  612.3
2004 07 11 -0.225  1.885 3  1.898  609.8
2004 07 12 -0.417  1.836 3  1.883  603.2
2004 07 13 -0.582  1.761 3  1.855  591.9
2004 07 14 -0.720  1.665 3  1.814  576.0
2004 07 15 -0.829  1.551 3  1.759  555.6
2004 07 16 -0.910  1.426 3  1.691  531.3
2004 07 17 -0.965  1.292 3  1.612  503.6
2004 07 18 -0.997  1.154 3  1.525  473.6
2004 07 19 -1.010  1.015 3  1.432  442.1
2004 07 20 -1.008  0.879 4  1.337  410.3
2004 07 21 -0.996  0.746 4  1.244  379.4
2004 07 22 -0.978  0.618 4  1.157  350.5
2004 07 23 -0.959  0.496 4  1.080  324.9
2004 07 24 -0.943  0.378 4  1.016  303.7
2004 07 25 -0.933  0.264 4  0.969  288.1
2004 07 26 -0.931  0.151 4  0.943  279.1
2004 07 27 -0.939  0.038 4  0.940  277.5
2004 07 28 -0.957 -0.077 5  0.960  283.5
2004 07 29 -0.984 -0.198 5  1.003  297.2
2004 07 30 -1.017 -0.324 5  1.068  317.9
2004 07 31 -1.055 -0.459 5  1.150  344.6
2004 08 01 -1.092 -0.604 5  1.248  376.2
2004 08 02 -1.125 -0.757 5  1.356  411.7
2004 08 03 -1.148 -0.918 5  1.470  449.6
2004 08 04 -1.158 -1.087 5  1.588  488.7
2004 08 05 -1.148 -1.259 6  1.704  527.9
2004 08 06 -1.114 -1.432 6  1.815  565.9
2004 08 07 -1.054 -1.601 6  1.917  601.6
2004 08 08 -0.964 -1.762 6  2.008  633.9
2004 08 09 -0.843 -1.908 6  2.086  662.0
2004 08 10 -0.691 -2.034 6  2.148  685.2
2004 08 11 -0.509 -2.135 6  2.195  702.8
2004 08 12 -0.299 -2.206 6  2.226  714.7
2004 08 13 -0.066 -2.241 6  2.242  720.9
2004 08 14  0.185 -2.237 7  2.245  721.4
2004 08 15  0.448 -2.191 7  2.237  717.0
2004 08 16  0.717 -2.102 7  2.221  708.4
2004 08 17  0.983 -1.970 7  2.201  696.6
2004 08 18  1.238 -1.795 7  2.180  683.1
2004 08 19  1.475 -1.580 7  2.162  669.3
2004 08 20  1.687 -1.331 8  2.149  656.5
2004 08 21  1.866 -1.051 8  2.142  646.3
2004 08 22  2.007 -0.748 8  2.142  639.4
2004 08 23  2.105 -0.430 8  2.149  636.6
2004 08 24  2.157 -0.104 8  2.160  637.6
2004 08 25  2.161  0.221 1  2.172  641.8
2004 08 26  2.117  0.537 1  2.184  648.2
2004 08 27  2.026  0.834 1  2.191  655.4
2004 08 28  1.892  1.105 1  2.191  662.0
2004 08 29  1.720  1.344 1  2.182  666.6
2004 08 30  1.515  1.544 2  2.163  668.1
2004 08 31  1.284  1.702 2  2.131  665.6
2004 09 01  1.035  1.814 2  2.088  658.5
2004 09 02  0.776  1.880 2  2.034  646.6
2004 09 03  0.516  1.901 2  1.970  630.1
2004 09 04  0.263  1.879 2  1.897  609.2
2004 09 05  0.024  1.817 2  1.817  584.5
2004 09 06 -0.194  1.722 3  1.733  556.6
2004 09 07 -0.386  1.599 3  1.645  526.5
2004 09 08 -0.548  1.455 3  1.555  495.0
2004 09 09 -0.677  1.298 3  1.464  462.8
2004 09 10 -0.772  1.136 3  1.374  430.8
2004 09 11 -0.836  0.977 3  1.285  399.4
2004 09 12 -0.869  0.826 4  1.199  369.2
2004 09 13 -0.876  0.689 4  1.115  340.6
2004 09 14 -0.861  0.572 4  1.034  313.8
2004 09 15 -0.831  0.478 4  0.959  289.4
2004 09 16 -0.792  0.407 4  0.890  267.8
2004 09 17 -0.749  0.360 4  0.831  249.7
2004 09 18 -0.710  0.336 4  0.786  235.8
2004 09 19 -0.680  0.331 4  0.757  227.2
2004 09 20 -0.664  0.340 4  0.746  224.5
2004 09 21 -0.666  0.359 4  0.756  227.8
2004 09 22 -0.686  0.381 4  0.785  236.7
2004 09 23 -0.727  0.399 4  0.829  249.9
2004 09 24 -0.786  0.407 4  0.885  266.3
2004 09 25 -0.860  0.399 4  0.949  284.6
2004 09 26 -0.947  0.369 4  1.016  303.6
2004 09 27 -1.038  0.314 4  1.085  322.6
2004 09 28 -1.129  0.229 4  1.152  341.2
2004 09 29 -1.210  0.114 4  1.216  359.2
2004 09 30 -1.276 -0.030 5  1.276  376.7
2004 10 01 -1.317 -0.202 5  1.333  394.2
2004 10 02 -1.327 -0.398 5  1.386  412.1
2004 10 03 -1.300 -0.611 5  1.437  431.2
2004 10 04 -1.232 -0.836 5  1.489  452.1
2004 10 05 -1.119 -1.063 5  1.543  475.2
2004 10 06 -0.960 -1.284 6  1.603  500.8
2004 10 07 -0.758 -1.490 6  1.671  528.7
2004 10 08 -0.515 -1.671 6  1.749  558.4
2004 10 09 -0.236 -1.820 6  1.835  589.4
2004 10 10  0.069 -1.928 7  1.930  620.4
2004 10 11  0.394 -1.990 7  2.029  650.5
2004 10 12  0.726 -2.001 7  2.129  678.3
2004 10 13  1.055 -1.959 7  2.225  702.7
2004 10 14  1.369 -1.862 7  2.311  722.4
2004 10 15  1.657 -1.713 7  2.383  736.6
2004 10 16  1.908 -1.514 8  2.436  744.5
2004 10 17  2.112 -1.272 8  2.466  745.7
2004 10 18  2.261 -0.994 8  2.470  740.1
2004 10 19  2.350 -0.688 8  2.448  728.0
2004 10 20  2.373 -0.364 8  2.401  710.2
2004 10 21  2.331 -0.032 8  2.331  688.0
2004 10 22  2.222  0.297 1  2.242  662.9
2004 10 23  2.053  0.613 1  2.142  637.1
2004 10 24  1.827  0.906 1  2.039  612.8
2004 10 25  1.552  1.168 1  1.942  592.4
2004 10 26  1.239  1.391 2  1.863  577.7
2004 10 27  0.897  1.570 2  1.808  570.0
2004 10 28  0.539  1.700 2  1.784  569.4
2004 10 29  0.177  1.780 2  1.789  574.8
2004 10 30 -0.179  1.810 3  1.819  584.4
2004 10 31 -0.515  1.791 3  1.864  595.7
2004 11 01 -0.823  1.727 3  1.913  606.1
2004 11 02 -1.093  1.622 3  1.956  613.4
2004 11 03 -1.318  1.483 3  1.984  615.5
2004 11 04 -1.493  1.317 4  1.991  611.1
2004 11 05 -1.613  1.131 4  1.970  599.2
2004 11 06 -1.679  0.933 4  1.921  579.3
2004 11 07 -1.690  0.731 4  1.842  551.5
2004 11 08 -1.650  0.533 4  1.734  516.3
2004 11 09 -1.563  0.344 4  1.600  474.4
2004 11 10 -1.435  0.171 4  1.445  427.1
2004 11 11 -1.273  0.018 4  1.274  375.9
2004 11 12 -1.086 -0.112 5  1.092  322.7
2004 11 13 -0.883 -0.215 5  0.908  269.6
2004 11 14 -0.671 -0.293 5  0.732  219.2
2004 11 15 -0.459 -0.345 5  0.574  175.1
2004 11 16 -0.256 -0.373 6  0.452  141.7
2004 11 17 -0.068 -0.379 6  0.385  123.6
2004 11 18  0.098 -0.368 7  0.381  121.9
2004 11 19  0.238 -0.344 7  0.418  130.9
2004 11 20  0.348 -0.310 8  0.466  143.1
2004 11 21  0.426 -0.272 8  0.506  153.2
2004 11 22  0.472 -0.235 8  0.527  158.5
2004 11 23  0.487 -0.202 8  0.527  157.7
2004 11 24  0.473 -0.178 8  0.505  150.8
2004 11 25  0.433 -0.165 8  0.463  138.3
2004 11 26  0.372 -0.165 8  0.407  122.0
2004 11 27  0.295 -0.181 8  0.346  104.6
2004 11 28  0.207 -0.211 7  0.296   91.4
2004 11 29  0.114 -0.257 7  0.281   89.3
2004 11 30  0.022 -0.316 7  0.317  101.8
2004 12 01 -0.063 -0.386 6  0.391  125.5
2004 12 02 -0.137 -0.464 6  0.484  154.6
2004 12 03 -0.196 -0.546 6  0.580  185.0
2004 12 04 -0.235 -0.629 6  0.672  213.9
2004 12 05 -0.253 -0.709 6  0.752  239.8
2004 12 06 -0.247 -0.780 6  0.818  261.2
2004 12 07 -0.218 -0.839 6  0.867  277.3
2004 12 08 -0.167 -0.882 6  0.897  287.8
2004 12 09 -0.094 -0.905 6  0.910  292.5
2004 12 10 -0.003 -0.907 6  0.907  291.7
2004 12 11  0.103 -0.884 7  0.890  286.0
2004 12 12  0.219 -0.837 7  0.865  276.7
2004 12 13  0.340 -0.764 7  0.836  265.3
2004 12 14  0.462 -0.666 7  0.810  253.8
2004 12 15  0.579 -0.545 8  0.795  244.6
2004 12 16  0.685 -0.403 8  0.794  240.1
2004 12 17  0.775 -0.244 8  0.813  241.9
2004 12 18  0.846 -0.071 8  0.849  250.7
2004 12 19  0.892  0.110 1  0.899  265.7
2004 12 20  0.911  0.294 1  0.958  285.2
2004 12 21  0.901  0.477 1  1.020  307.0
2004 12 22  0.860  0.653 1  1.080  329.4
2004 12 23  0.789  0.816 2  1.135  350.7
2004 12 24  0.688  0.961 2  1.182  369.8
2004 12 25  0.561  1.084 2  1.220  385.8
2004 12 26  0.410  1.180 2  1.249  398.4
2004 12 27  0.240  1.248 2  1.270  407.4
2004 12 28  0.056  1.283 2  1.284  412.9
2004 12 29 -0.136  1.286 3  1.293  415.4
2004 12 30 -0.329  1.255 3  1.297  415.1
2004 12 31 -0.517  1.192 3  1.300  412.7
2005 01 01 -0.694  1.099 3  1.300  408.6
2005 01 02 -0.854  0.979 3  1.299  403.4
2005 01 03 -0.991  0.836 4  1.296  397.2
2005 01 04 -1.100  0.674 4  1.290  390.3
2005 01 05 -1.177  0.498 4  1.279  382.7
2005 01 06 -1.221  0.315 4  1.261  374.3
2005 01 07 -1.229  0.131 4  1.236  365.1
2005 01 08 -1.201 -0.050 5  1.202  354.9
2005 01 09 -1.139 -0.221 5  1.161  343.7
2005 01 10 -1.046 -0.377 5  1.112  331.6
2005 01 11 -0.925 -0.514 5  1.058  319.0
2005 01 12 -0.780 -0.628 5  1.001  306.2
2005 01 13 -0.618 -0.717 6  0.946  294.0
2005 01 14 -0.445 -0.779 6  0.897  282.8
2005 01 15 -0.267 -0.813 6  0.856  273.2
2005 01 16 -0.091 -0.822 6  0.827  265.5
2005 01 17  0.078 -0.805 7  0.809  259.8
2005 01 18  0.232 -0.766 7  0.800  255.7
2005 01 19  0.368 -0.708 7  0.798  252.3
2005 01 20  0.480 -0.636 7  0.797  248.8
2005 01 21  0.566 -0.554 8  0.792  244.1
2005 01 22  0.624 -0.466 8  0.779  237.4
2005 01 23  0.653 -0.377 8  0.754  227.7
2005 01 24  0.654 -0.293 8  0.716  214.7
2005 01 25  0.629 -0.216 8  0.665  198.1
2005 01 26  0.580 -0.150 8  0.599  177.8
2005 01 27  0.512 -0.098 8  0.521  154.3
2005 01 28  0.429 -0.061 8  0.433  128.0
2005 01 29  0.335 -0.041 8  0.338   99.8
2005 01 30  0.237 -0.037 8  0.240   70.9
2005 01 31  0.139 -0.048 8  0.147   43.7
2005 02 01  0.045 -0.072 7  0.085   26.6
2005 02 02 -0.039 -0.106 6  0.113   36.0
2005 02 03 -0.110 -0.148 6  0.185   57.7
2005 02 04 -0.167 -0.194 6  0.256   79.4
2005 02 05 -0.206 -0.240 6  0.316   98.2
2005 02 06 -0.228 -0.282 6  0.363  112.9
2005 02 07 -0.232 -0.317 6  0.393  122.9
2005 02 08 -0.220 -0.342 6  0.407  127.8
2005 02 09 -0.194 -0.355 6  0.404  127.6
2005 02 10 -0.157 -0.352 6  0.386  122.4
2005 02 11 -0.112 -0.334 6  0.352  112.4
2005 02 12 -0.061 -0.300 6  0.307   98.3
2005 02 13 -0.010 -0.251 6  0.251   80.8
2005 02 14  0.039 -0.188 7  0.191   61.4
2005 02 15  0.082 -0.112 7  0.139   43.4
2005 02 16  0.117 -0.027 8  0.120   35.6
2005 02 17  0.141  0.064 1  0.155   46.5
2005 02 18  0.153  0.157 2  0.220   67.9
2005 02 19  0.153  0.250 2  0.293   92.2
2005 02 20  0.140  0.338 2  0.366  116.2
2005 02 21  0.115  0.417 2  0.433  138.4
2005 02 22  0.080  0.485 2  0.492  157.8
2005 02 23  0.036  0.539 2  0.540  173.5
2005 02 24 -0.012  0.575 3  0.576  185.1
2005 02 25 -0.064  0.594 3  0.598  192.0
2005 02 26 -0.114  0.594 3  0.605  193.9
2005 02 27 -0.160  0.575 3  0.596  190.7
2005 02 28 -0.198  0.537 3  0.572  182.3
2005 03 01 -0.227  0.482 3  0.533  168.9
2005 03 02 -0.242  0.413 3  0.478  150.7
2005 03 03 -0.242  0.331 3  0.410  128.3
2005 03 04 -0.226  0.241 3  0.330  102.2
2005 03 05 -0.193  0.145 4  0.241   73.5
2005 03 06 -0.142  0.047 4  0.150   44.6
2005 03 07 -0.076 -0.049 5  0.090   27.3
2005 03 08  0.006 -0.139 7  0.139   44.6
2005 03 09  0.101 -0.219 7  0.241   76.4
2005 03 10  0.206 -0.287 7  0.353  110.4
2005 03 11  0.318 -0.339 7  0.464  143.7
2005 03 12  0.433 -0.373 8  0.572  175.3
2005 03 13  0.548 -0.388 8  0.671  204.2
2005 03 14  0.659 -0.382 8  0.761  229.9
2005 03 15  0.761 -0.355 8  0.839  251.9
2005 03 16  0.851 -0.308 8  0.904  269.8
2005 03 17  0.924 -0.241 8  0.955  283.5
2005 03 18  0.978 -0.156 8  0.991  293.1
2005 03 19  1.010 -0.056 8  1.012  298.7
2005 03 20  1.017  0.056 1  1.018  300.7
2005 03 21  0.997  0.177 1  1.012  299.7
2005 03 22  0.949  0.302 1  0.996  296.5
2005 03 23  0.873  0.427 1  0.972  292.1
2005 03 24  0.770  0.548 1  0.945  287.6
2005 03 25  0.640  0.660 2  0.920  284.2
2005 03 26  0.487  0.758 2  0.901  283.0
2005 03 27  0.313  0.838 2  0.894  284.8
2005 03 28  0.122  0.895 2  0.903  290.1
2005 03 29 -0.082  0.927 3  0.931  299.1
2005 03 30 -0.292  0.930 3  0.975  311.3
2005 03 31 -0.504  0.903 3  1.034  326.2
2005 04 01 -0.710  0.845 3  1.103  343.0
2005 04 02 -0.905  0.755 4  1.178  360.8
2005 04 03 -1.082  0.634 4  1.254  378.9
2005 04 04 -1.235  0.486 4  1.327  396.6
2005 04 05 -1.358  0.314 4  1.394  413.4
2005 04 06 -1.447  0.121 4  1.452  429.0
2005 04 07 -1.498 -0.086 5  1.501  443.0
2005 04 08 -1.508 -0.302 5  1.538  455.5
2005 04 09 -1.475 -0.519 5  1.563  466.2
2005 04 10 -1.399 -0.731 5  1.579  475.2
2005 04 11 -1.283 -0.930 5  1.584  482.4
2005 04 12 -1.128 -1.109 5  1.582  487.9
2005 04 13 -0.939 -1.262 6  1.573  491.6
2005 04 14 -0.723 -1.383 6  1.561  493.4
2005 04 15 -0.485 -1.468 6  1.546  493.3
2005 04 16 -0.235 -1.512 6  1.530  491.1
2005 04 17  0.020 -1.514 7  1.514  486.8
2005 04 18  0.271 -1.472 7  1.497  480.1
2005 04 19  0.510 -1.388 7  1.479  471.1
2005 04 20  0.726 -1.265 7  1.459  459.9
2005 04 21  0.914 -1.106 7  1.435  446.5
2005 04 22  1.067 -0.917 8  1.407  431.4
2005 04 23  1.179 -0.704 8  1.373  415.1
2005 04 24  1.247 -0.474 8  1.334  398.4
2005 04 25  1.269 -0.235 8  1.291  382.2
2005 04 26  1.246  0.005 1  1.246  367.8
2005 04 27  1.179  0.238 1  1.202  356.2
2005 04 28  1.071  0.456 1  1.164  348.5
2005 04 29  0.928  0.653 1  1.135  345.2
2005 04 30  0.757  0.823 2  1.118  346.2
2005 05 01  0.564  0.961 2  1.114  351.0
2005 05 02  0.358  1.065 2  1.123  358.4
2005 05 03  0.147  1.133 2  1.142  366.8
2005 05 04 -0.060  1.164 3  1.165  374.7
2005 05 05 -0.256  1.160 3  1.188  380.6
2005 05 06 -0.434  1.123 3  1.204  383.3
2005 05 07 -0.587  1.058 3  1.210  381.9
2005 05 08 -0.712  0.968 3  1.202  375.6
2005 05 09 -0.803  0.859 3  1.176  364.1
2005 05 10 -0.861  0.736 4  1.133  347.4
2005 05 11 -0.884  0.605 4  1.071  325.5
2005 05 12 -0.874  0.471 4  0.993  299.2
2005 05 13 -0.833  0.340 4  0.899  269.0
2005 05 14 -0.765  0.214 4  0.794  236.0
2005 05 15 -0.674  0.098 4  0.681  201.4
2005 05 16 -0.566 -0.006 5  0.566  167.0
2005 05 17 -0.445 -0.097 5  0.456  135.1
2005 05 18 -0.318 -0.172 5  0.362  109.0
2005 05 19 -0.189 -0.234 6  0.300   93.6
2005 05 20 -0.063 -0.282 6  0.288   92.4
2005 05 21  0.056 -0.317 7  0.322  103.4
2005 05 22  0.165 -0.343 7  0.381  120.6
2005 05 23  0.262 -0.360 7  0.445  139.2
2005 05 24  0.345 -0.371 7  0.506  156.8
2005 05 25  0.414 -0.376 8  0.560  172.0
2005 05 26  0.469 -0.379 8  0.603  184.4
2005 05 27  0.510 -0.379 8  0.636  193.8
2005 05 28  0.540 -0.378 8  0.659  200.4
2005 05 29  0.560 -0.374 8  0.674  204.4
2005 05 30  0.571 -0.368 8  0.680  206.1
2005 05 31  0.576 -0.359 8  0.679  205.5
2005 06 01  0.575 -0.346 8  0.671  202.9
2005 06 02  0.569 -0.327 8  0.657  198.2
2005 06 03  0.560 -0.301 8  0.636  191.6
2005 06 04  0.547 -0.267 8  0.609  182.9
2005 06 05  0.530 -0.225 8  0.576  172.3
2005 06 06  0.508 -0.173 8  0.537  160.0
2005 06 07  0.481 -0.113 8  0.494  146.5
2005 06 08  0.447 -0.045 8  0.449  132.7
2005 06 09  0.405  0.029 1  0.406  119.8
2005 06 10  0.354  0.107 1  0.370  110.0
2005 06 11  0.294  0.186 1  0.348  105.4
2005 06 12  0.225  0.263 2  0.346  107.4
2005 06 13  0.146  0.334 2  0.365  115.9
2005 06 14  0.060  0.397 2  0.402  128.9
2005 06 15 -0.033  0.448 3  0.449  144.3
2005 06 16 -0.130  0.483 3  0.500  160.0
2005 06 17 -0.229  0.501 3  0.551  174.6
2005 06 18 -0.325  0.499 3  0.596  187.0
2005 06 19 -0.416  0.478 3  0.633  196.6
2005 06 20 -0.497  0.436 4  0.661  203.0
2005 06 21 -0.566  0.376 4  0.680  206.2
2005 06 22 -0.619  0.299 4  0.688  206.5
2005 06 23 -0.654  0.208 4  0.686  204.3
2005 06 24 -0.668  0.108 4  0.677  200.2
2005 06 25 -0.660  0.003 4  0.660  194.7
2005 06 26 -0.629 -0.101 5  0.637  188.6
2005 06 27 -0.577 -0.200 5  0.611  182.1
2005 06 28 -0.504 -0.289 5  0.581  175.4
2005 06 29 -0.414 -0.361 5  0.550  168.6
2005 06 30 -0.310 -0.413 6  0.517  161.4
2005 07 01 -0.195 -0.442 6  0.483  153.3
2005 07 02 -0.076 -0.443 6  0.450  144.3
2005 07 03  0.043 -0.417 7  0.419  134.7
2005 07 04  0.157 -0.362 7  0.395  125.3
2005 07 05  0.259 -0.280 7  0.382  118.2
2005 07 06  0.346 -0.173 8  0.387  116.3
2005 07 07  0.412 -0.045 8  0.414  122.4
2005 07 08  0.453  0.099 1  0.464  137.4
2005 07 09  0.467  0.254 1  0.531  160.1
2005 07 10  0.452  0.413 1  0.612  188.1
2005 07 11  0.407  0.569 2  0.699  218.8
2005 07 12  0.333  0.715 2  0.789  250.2
2005 07 13  0.233  0.845 2  0.876  280.2
2005 07 14  0.109  0.951 2  0.957  307.6
2005 07 15 -0.035  1.029 3  1.029  331.0
2005 07 16 -0.193  1.073 3  1.090  349.6
2005 07 17 -0.360  1.079 3  1.138  363.0
2005 07 18 -0.528  1.047 3  1.173  371.0
2005 07 19 -0.692  0.974 3  1.195  374.0
2005 07 20 -0.845  0.863 3  1.207  373.0
2005 07 21 -0.980  0.714 4  1.213  369.3
2005 07 22 -1.092  0.532 4  1.215  365.0
2005 07 23 -1.176  0.323 4  1.220  362.4
2005 07 24 -1.229  0.090 4  1.232  363.8
2005 07 25 -1.246 -0.157 5  1.256  371.3
2005 07 26 -1.228 -0.412 5  1.295  385.8
2005 07 27 -1.173 -0.667 5  1.349  407.2
2005 07 28 -1.083 -0.914 5  1.417  434.1
2005 07 29 -0.959 -1.145 6  1.494  464.6
2005 07 30 -0.807 -1.355 6  1.577  496.4
2005 07 31 -0.629 -1.535 6  1.659  527.5
2005 08 01 -0.430 -1.683 6  1.737  555.8
2005 08 02 -0.218 -1.792 6  1.805  579.8
2005 08 03  0.003 -1.860 7  1.860  598.3
2005 08 04  0.226 -1.887 7  1.900  610.4
2005 08 05  0.446 -1.871 7  1.923  615.7
2005 08 06  0.656 -1.813 7  1.928  614.2
2005 08 07  0.852 -1.715 7  1.915  606.1
2005 08 08  1.029 -1.581 7  1.886  592.1
2005 08 09  1.183 -1.414 7  1.843  573.2
2005 08 10  1.312 -1.218 8  1.790  550.9
2005 08 11  1.414 -1.000 8  1.731  526.7
2005 08 12  1.487 -0.763 8  1.671  502.8
2005 08 13  1.531 -0.514 8  1.615  481.1
2005 08 14  1.546 -0.257 8  1.567  463.8
2005 08 15  1.534  0.002 1  1.534  452.7
2005 08 16  1.495  0.258 1  1.517  448.9
2005 08 17  1.431  0.506 1  1.518  452.6
2005 08 18  1.344  0.743 1  1.536  463.2
2005 08 19  1.237  0.965 1  1.569  479.1
2005 08 20  1.111  1.167 2  1.612  498.5
2005 08 21  0.969  1.349 2  1.661  519.5
2005 08 22  0.813  1.505 2  1.711  540.3
2005 08 23  0.644  1.636 2  1.758  559.4
2005 08 24  0.466  1.738 2  1.799  575.6
2005 08 25  0.281  1.810 2  1.832  587.9
2005 08 26  0.090  1.851 2  1.853  595.8
2005 08 27 -0.104  1.860 3  1.863  598.9
2005 08 28 -0.298  1.836 3  1.860  597.1
2005 08 29 -0.491  1.780 3  1.846  590.4
2005 08 30 -0.678  1.691 3  1.822  579.4
2005 08 31 -0.856  1.570 3  1.788  564.6
2005 09 01 -1.023  1.419 3  1.749  547.2
2005 09 02 -1.175  1.239 3  1.708  528.2
2005 09 03 -1.308  1.033 4  1.667  509.4
2005 09 04 -1.419  0.804 4  1.631  492.3
2005 09 05 -1.505  0.556 4  1.604  478.8
2005 09 06 -1.562  0.293 4  1.589  470.6
2005 09 07 -1.589  0.020 4  1.589  468.9
2005 09 08 -1.582 -0.258 5  1.603  474.3
2005 09 09 -1.541 -0.534 5  1.631  486.3
2005 09 10 -1.466 -0.802 5  1.671  503.8
2005 09 11 -1.357 -1.057 5  1.720  525.4
2005 09 12 -1.215 -1.293 6  1.774  549.1
2005 09 13 -1.043 -1.504 6  1.830  573.3
2005 09 14 -0.845 -1.684 6  1.884  596.2
2005 09 15 -0.624 -1.830 6  1.933  616.6
2005 09 16 -0.385 -1.938 6  1.975  633.3
2005 09 17 -0.135 -2.004 6  2.009  645.8
2005 09 18  0.121 -2.029 7  2.032  653.3
2005 09 19  0.376 -2.010 7  2.045  655.9
2005 09 20  0.624 -1.950 7  2.047  653.4
2005 09 21  0.858 -1.849 7  2.038  646.3
2005 09 22  1.073 -1.711 7  2.019  634.8
2005 09 23  1.263 -1.540 7  1.991  619.8
2005 09 24  1.423 -1.341 8  1.955  601.9
2005 09 25  1.551 -1.118 8  1.912  582.1
2005 09 26  1.643 -0.879 8  1.863  561.3
2005 09 27  1.698 -0.630 8  1.811  540.5
2005 09 28  1.716 -0.376 8  1.757  520.8
2005 09 29  1.698 -0.124 8  1.703  502.8
2005 09 30  1.646  0.121 1  1.650  487.3
2005 10 01  1.562  0.352 1  1.601  474.7
2005 10 02  1.450  0.566 1  1.556  465.0
2005 10 03  1.314  0.758 1  1.517  458.2
2005 10 04  1.160  0.926 1  1.485  453.8
2005 10 05  0.992  1.068 2  1.457  451.3
2005 10 06  0.814  1.182 2  1.436  449.8
2005 10 07  0.633  1.269 2  1.418  448.7
2005 10 08  0.451  1.328 2  1.403  447.4
2005 10 09  0.274  1.362 2  1.389  445.4
2005 10 10  0.105  1.372 2  1.376  442.2
2005 10 11 -0.054  1.360 3  1.361  437.6
2005 10 12 -0.200  1.329 3  1.344  431.4
2005 10 13 -0.332  1.282 3  1.324  423.7
2005 10 14 -0.450  1.221 3  1.302  414.6
2005 10 15 -0.552  1.150 3  1.276  404.2
2005 10 16 -0.640  1.071 3  1.247  392.7
2005 10 17 -0.713  0.985 3  1.217  380.5
2005 10 18 -0.775  0.896 3  1.185  367.9
2005 10 19 -0.824  0.804 4  1.152  355.1
2005 10 20 -0.864  0.711 4  1.119  342.5
2005 10 21 -0.894  0.618 4  1.087  330.4
2005 10 22 -0.917  0.525 4  1.056  318.9
2005 10 23 -0.932  0.432 4  1.027  308.2
2005 10 24 -0.941  0.340 4  1.000  298.4
2005 10 25 -0.943  0.249 4  0.975  289.6
2005 10 26 -0.938  0.159 4  0.952  281.6
2005 10 27 -0.926  0.070 4  0.929  274.4
2005 10 28 -0.907 -0.018 5  0.907  267.7
2005 10 29 -0.879 -0.103 5  0.885  261.4
2005 10 30 -0.841 -0.186 5  0.861  255.3
2005 10 31 -0.793 -0.265 5  0.836  249.1
2005 11 01 -0.734 -0.339 5  0.809  242.7
2005 11 02 -0.665 -0.407 5  0.780  236.0
2005 11 03 -0.584 -0.469 5  0.749  229.0
2005 11 04 -0.493 -0.521 6  0.717  221.8
2005 11 05 -0.392 -0.563 6  0.686  214.8
2005 11 06 -0.283 -0.594 6  0.658  208.3
2005 11 07 -0.167 -0.612 6  0.634  202.9
2005 11 08 -0.047 -0.617 6  0.619  198.9
2005 11 09  0.075 -0.608 7  0.613  196.9
2005 11 10  0.196 -0.586 7  0.618  197.1
2005 11 11  0.312 -0.550 7  0.633  199.5
2005 11 12  0.422 -0.502 7  0.656  203.9
2005 11 13  0.521 -0.442 8  0.684  209.5
2005 11 14  0.608 -0.373 8  0.713  215.8
2005 11 15  0.679 -0.296 8  0.741  221.9
2005 11 16  0.733 -0.215 8  0.764  227.0
2005 11 17  0.768 -0.130 8  0.779  230.5
2005 11 18  0.783 -0.046 8  0.785  231.7
2005 11 19  0.779  0.035 1  0.780  230.2
2005 11 20  0.755  0.110 1  0.763  225.7
2005 11 21  0.713  0.178 1  0.735  218.1
2005 11 22  0.654  0.235 1  0.695  207.4
2005 11 23  0.581  0.281 1  0.645  193.8
2005 11 24  0.496  0.314 1  0.587  177.7
2005 11 25  0.401  0.333 1  0.521  159.7
2005 11 26  0.301  0.338 2  0.453  140.5
2005 11 27  0.198  0.330 2  0.385  121.2
2005 11 28  0.095  0.309 2  0.324  103.4
2005 11 29 -0.006  0.277 3  0.278   89.2
2005 11 30 -0.101  0.236 3  0.256   81.5
2005 12 01 -0.188  0.186 4  0.265   81.8
2005 12 02 -0.267  0.131 4  0.298   89.5
2005 12 03 -0.336  0.073 4  0.344  101.9
2005 12 04 -0.395  0.012 4  0.395  116.6
2005 12 05 -0.443 -0.048 5  0.445  131.5
2005 12 06 -0.480 -0.106 5  0.492  145.8
2005 12 07 -0.508 -0.161 5  0.533  158.7
2005 12 08 -0.527 -0.213 5  0.568  169.9
2005 12 09 -0.538 -0.260 5  0.597  179.3
2005 12 10 -0.541 -0.303 5  0.620  186.9
2005 12 11 -0.537 -0.341 5  0.636  192.7
2005 12 12 -0.527 -0.376 5  0.647  196.9
2005 12 13 -0.510 -0.407 5  0.653  199.5
2005 12 14 -0.488 -0.435 5  0.654  200.8
2005 12 15 -0.459 -0.462 6  0.651  200.9
2005 12 16 -0.422 -0.486 6  0.644  199.9
2005 12 17 -0.378 -0.508 6  0.634  198.0
2005 12 18 -0.326 -0.529 6  0.621  195.3
2005 12 19 -0.264 -0.546 6  0.606  192.1
2005 12 20 -0.193 -0.560 6  0.592  188.7
2005 12 21 -0.112 -0.568 6  0.579  185.7
2005 12 22 -0.022 -0.570 6  0.570  183.4
2005 12 23  0.077 -0.563 7  0.568  182.5
2005 12 24  0.181 -0.546 7  0.575  183.5
2005 12 25  0.290 -0.516 7  0.592  186.8
2005 12 26  0.400 -0.473 7  0.619  192.6
2005 12 27  0.508 -0.415 8  0.656  200.7
2005 12 28  0.609 -0.342 8  0.699  210.8
2005 12 29  0.701 -0.253 8  0.745  222.3
2005 12 30  0.778 -0.151 8  0.792  234.6
2005 12 31  0.836 -0.035 8  0.837  247.1
2006 01 01  0.873  0.091 1  0.878  259.4
2006 01 02  0.885  0.224 1  0.913  271.1
2006 01 03  0.871  0.361 1  0.942  282.0
2006 01 04  0.828  0.497 1  0.966  292.0
2006 01 05  0.758  0.628 1  0.984  301.4
2006 01 06  0.662  0.750 2  1.000  310.2
2006 01 07  0.541  0.857 2  1.014  318.7
2006 01 08  0.401  0.947 2  1.029  326.8
2006 01 09  0.244  1.016 2  1.045  334.6
2006 01 10  0.077  1.061 2  1.064  342.0
2006 01 11 -0.095  1.080 3  1.085  348.5
2006 01 12 -0.266  1.073 3  1.106  353.9
2006 01 13 -0.430  1.039 3  1.125  357.5
2006 01 14 -0.581  0.981 3  1.140  358.9
2006 01 15 -0.714  0.899 3  1.148  357.7
2006 01 16 -0.824  0.797 4  1.146  353.3
2006 01 17 -0.909  0.678 4  1.134  345.8
2006 01 18 -0.967  0.546 4  1.110  335.1
2006 01 19 -0.995  0.406 4  1.075  321.5
2006 01 20 -0.995  0.261 4  1.029  305.6
2006 01 21 -0.968  0.116 4  0.975  288.1
2006 01 22 -0.915 -0.025 5  0.916  270.3
2006 01 23 -0.841 -0.159 5  0.856  253.4
2006 01 24 -0.747 -0.284 5  0.799  238.7
2006 01 25 -0.639 -0.397 5  0.752  227.8
2006 01 26 -0.521 -0.496 5  0.719  221.5
2006 01 27 -0.396 -0.580 6  0.703  220.2
2006 01 28 -0.268 -0.650 6  0.703  223.5
2006 01 29 -0.141 -0.705 6  0.719  230.5
2006 01 30 -0.017 -0.745 6  0.745  239.7
2006 01 31  0.102 -0.772 7  0.778  249.9
2006 02 01  0.213 -0.785 7  0.813  260.1
2006 02 02  0.317 -0.785 7  0.847  269.3
2006 02 03  0.411 -0.774 7  0.876  276.9
2006 02 04  0.496 -0.751 7  0.900  282.6
2006 02 05  0.572 -0.718 7  0.918  286.0
2006 02 06  0.639 -0.673 7  0.928  287.0
2006 02 07  0.696 -0.618 8  0.930  285.7
2006 02 08  0.743 -0.552 8  0.926  282.2
2006 02 09  0.780 -0.476 8  0.914  276.5
2006 02 10  0.806 -0.390 8  0.896  269.0
2006 02 11  0.821 -0.295 8  0.872  260.2
2006 02 12  0.822 -0.191 8  0.844  250.4
2006 02 13  0.810 -0.081 8  0.814  240.4
2006 02 14  0.782  0.033 1  0.782  230.9
2006 02 15  0.737  0.150 1  0.752  222.9
2006 02 16  0.676  0.265 1  0.726  216.9
2006 02 17  0.597  0.376 1  0.706  213.8
2006 02 18  0.502  0.478 1  0.694  213.7
2006 02 19  0.392  0.569 2  0.691  216.5
2006 02 20  0.269  0.643 2  0.697  221.6
2006 02 21  0.135  0.699 2  0.712  228.2
2006 02 22 -0.006  0.732 3  0.732  235.4
2006 02 23 -0.149  0.741 3  0.755  242.2
2006 02 24 -0.289  0.723 3  0.779  247.8
2006 02 25 -0.422  0.680 3  0.800  251.7
2006 02 26 -0.542  0.611 3  0.817  253.4
2006 02 27 -0.643  0.519 4  0.827  252.8
2006 02 28 -0.722  0.407 4  0.829  250.1
2006 03 01 -0.775  0.278 4  0.823  245.5
2006 03 02 -0.798  0.138 4  0.810  239.7
2006 03 03 -0.791 -0.008 5  0.791  233.4
2006 03 04 -0.752 -0.153 5  0.767  227.3
2006 03 05 -0.683 -0.292 5  0.743  222.4
2006 03 06 -0.587 -0.417 5  0.720  219.1
2006 03 07 -0.467 -0.524 6  0.702  217.8
2006 03 08 -0.329 -0.607 6  0.691  218.1
2006 03 09 -0.179 -0.663 6  0.687  219.6
2006 03 10 -0.024 -0.688 6  0.689  221.5
2006 03 11  0.130 -0.682 7  0.695  222.8
2006 03 12  0.275 -0.645 7  0.701  222.7
2006 03 13  0.404 -0.578 7  0.705  220.8
2006 03 14  0.511 -0.484 8  0.704  216.9
2006 03 15  0.592 -0.368 8  0.697  211.1
2006 03 16  0.642 -0.236 8  0.684  204.0
2006 03 17  0.659 -0.092 8  0.665  196.7
2006 03 18  0.643  0.056 1  0.645  190.6
2006 03 19  0.595  0.201 1  0.628  187.1
2006 03 20  0.517  0.337 1  0.617  187.2
2006 03 21  0.415  0.457 2  0.617  191.3
2006 03 22  0.292  0.557 2  0.629  199.0
2006 03 23  0.157  0.633 2  0.652  208.8
2006 03 24  0.016  0.681 2  0.681  219.0
2006 03 25 -0.124  0.700 3  0.711  228.1
2006 03 26 -0.256  0.690 3  0.736  234.4
2006 03 27 -0.372  0.652 3  0.751  236.8
2006 03 28 -0.467  0.590 3  0.752  234.5
2006 03 29 -0.536  0.507 4  0.738  227.1
2006 03 30 -0.576  0.408 4  0.705  214.6
2006 03 31 -0.585  0.298 4  0.656  197.4
2006 04 01 -0.563  0.183 4  0.592  176.3
2006 04 02 -0.512  0.070 4  0.517  152.7
2006 04 03 -0.434 -0.037 5  0.436  128.8
2006 04 04 -0.335 -0.131 5  0.360  107.5
2006 04 05 -0.220 -0.208 5  0.303   93.3
2006 04 06 -0.095 -0.266 6  0.282   90.0
2006 04 07  0.033 -0.302 7  0.303   97.5
2006 04 08  0.157 -0.314 7  0.351  111.0
2006 04 09  0.269 -0.303 7  0.405  125.6
2006 04 10  0.364 -0.270 8  0.453  138.1
2006 04 11  0.436 -0.219 8  0.487  146.6
2006 04 12  0.480 -0.152 8  0.504  149.9
2006 04 13  0.494 -0.074 8  0.500  147.8
2006 04 14  0.477  0.011 1  0.477  140.8
2006 04 15  0.428  0.096 1  0.438  129.9
2006 04 16  0.348  0.178 1  0.391  117.6
2006 04 17  0.242  0.250 2  0.348  107.6
2006 04 18  0.114  0.309 2  0.329  104.9
2006 04 19 -0.032  0.351 3  0.352  113.2
2006 04 20 -0.188  0.372 3  0.417  131.9
2006 04 21 -0.347  0.371 3  0.508  157.3
2006 04 22 -0.502  0.347 4  0.610  185.5
2006 04 23 -0.645  0.301 4  0.712  213.6
2006 04 24 -0.771  0.232 4  0.805  239.3
2006 04 25 -0.871  0.144 4  0.883  261.2
2006 04 26 -0.941  0.039 4  0.942  278.1
2006 04 27 -0.977 -0.078 5  0.981  289.6
2006 04 28 -0.976 -0.202 5  0.997  295.5
2006 04 29 -0.937 -0.330 5  0.993  296.2
2006 04 30 -0.859 -0.455 5  0.972  292.8
2006 05 01 -0.744 -0.574 5  0.940  286.9
2006 05 02 -0.596 -0.680 6  0.904  280.7
2006 05 03 -0.419 -0.770 6  0.876  276.7
2006 05 04 -0.218 -0.839 6  0.867  277.5
2006 05 05 -0.001 -0.886 6  0.886  284.8
2006 05 06  0.226 -0.907 7  0.934  299.1
2006 05 07  0.454 -0.901 7  1.009  319.3
2006 05 08  0.674 -0.869 7  1.100  343.2
2006 05 09  0.881 -0.812 8  1.198  368.4
2006 05 10  1.064 -0.730 8  1.291  392.2
2006 05 11  1.218 -0.628 8  1.371  412.4
2006 05 12  1.337 -0.509 8  1.431  427.2
2006 05 13  1.416 -0.377 8  1.465  435.2
2006 05 14  1.452 -0.236 8  1.471  435.3
2006 05 15  1.443 -0.094 8  1.446  427.0
2006 05 16  1.390  0.046 1  1.391  410.5
2006 05 17  1.294  0.178 1  1.306  386.1
2006 05 18  1.159  0.298 1  1.196  355.1
2006 05 19  0.990  0.400 1  1.067  319.2
2006 05 20  0.794  0.481 1  0.928  280.7
2006 05 21  0.578  0.539 1  0.791  243.4
2006 05 22  0.352  0.573 2  0.673  211.6
2006 05 23  0.125  0.582 2  0.595  190.7
2006 05 24 -0.094  0.566 3  0.574  184.2
2006 05 25 -0.296  0.529 3  0.606  191.3
2006 05 26 -0.472  0.473 3  0.669  206.4
2006 05 27 -0.616  0.403 4  0.736  223.3
2006 05 28 -0.720  0.324 4  0.790  236.8
2006 05 29 -0.782  0.241 4  0.818  243.5
2006 05 30 -0.799  0.161 4  0.815  241.4
2006 05 31 -0.770  0.090 4  0.776  229.2
2006 06 01 -0.699  0.032 4  0.700  206.6
2006 06 02 -0.589 -0.006 5  0.589  174.0
2006 06 03 -0.447 -0.021 5  0.448  132.2
2006 06 04 -0.281 -0.009 5  0.281   82.9
2006 06 05 -0.099  0.031 4  0.104   30.8
2006 06 06  0.088  0.098 2  0.132   40.9
2006 06 07  0.269  0.193 1  0.331  100.7
2006 06 08  0.434  0.311 1  0.533  162.4
2006 06 09  0.572  0.448 1  0.727  222.0
2006 06 10  0.676  0.598 1  0.903  277.1
2006 06 11  0.738  0.754 2  1.055  326.1
2006 06 12  0.753  0.910 2  1.181  367.3
2006 06 13  0.716  1.056 2  1.276  399.9
2006 06 14  0.629  1.184 2  1.341  423.7
2006 06 15  0.492  1.288 2  1.379  438.9
2006 06 16  0.310  1.360 2  1.394  446.7
2006 06 17  0.090  1.393 2  1.396  448.8
2006 06 18 -0.161  1.385 3  1.394  447.9
2006 06 19 -0.432  1.331 3  1.400  446.8
2006 06 20 -0.712  1.232 3  1.423  448.5
2006 06 21 -0.989  1.088 3  1.470  455.7
2006 06 22 -1.252  0.902 4  1.542  469.6
2006 06 23 -1.487  0.678 4  1.635  490.2
2006 06 24 -1.686  0.424 4  1.739  516.1
2006 06 25 -1.839  0.147 4  1.845  544.9
2006 06 26 -1.939 -0.144 5  1.944  574.1
2006 06 27 -1.980 -0.439 5  2.028  601.3
2006 06 28 -1.960 -0.729 5  2.091  624.3
2006 06 29 -1.879 -1.003 5  2.130  641.6
2006 06 30 -1.739 -1.252 5  2.143  652.3
2006 07 01 -1.544 -1.467 5  2.130  656.0
2006 07 02 -1.301 -1.642 6  2.095  652.9
2006 07 03 -1.018 -1.771 6  2.042  643.8
2006 07 04 -0.705 -1.849 6  1.978  629.8
2006 07 05 -0.373 -1.874 6  1.910  612.5
2006 07 06 -0.032 -1.846 6  1.846  593.6
2006 07 07  0.305 -1.766 7  1.792  575.0
2006 07 08  0.628 -1.638 7  1.754  558.3
2006 07 09  0.926 -1.466 7  1.734  545.1
2006 07 10  1.191 -1.258 7  1.732  535.9
2006 07 11  1.416 -1.019 8  1.744  531.1
2006 07 12  1.594 -0.758 8  1.765  529.9
2006 07 13  1.721 -0.485 8  1.788  531.4
2006 07 14  1.795 -0.206 8  1.807  534.1
2006 07 15  1.816  0.068 1  1.818  536.6
2006 07 16  1.785  0.331 1  1.816  537.6
2006 07 17  1.705  0.573 1  1.799  536.1
2006 07 18  1.581  0.790 1  1.767  531.3
2006 07 19  1.417  0.975 1  1.720  522.7
2006 07 20  1.220  1.124 1  1.659  510.3
2006 07 21  0.998  1.234 2  1.587  494.2
2006 07 22  0.758  1.302 2  1.507  474.8
2006 07 23  0.507  1.329 2  1.422  452.7
2006 07 24  0.253  1.314 2  1.338  429.1
2006 07 25  0.004  1.259 2  1.259  404.9
2006 07 26 -0.235  1.167 3  1.190  381.6
2006 07 27 -0.456  1.040 3  1.136  360.7
2006 07 28 -0.655  0.884 3  1.100  343.8
2006 07 29 -0.827  0.702 4  1.085  332.5
2006 07 30 -0.968  0.500 4  1.090  327.9
2006 07 31 -1.076  0.284 4  1.112  330.3
2006 08 01 -1.148  0.058 4  1.150  339.5
2006 08 02 -1.185 -0.172 5  1.198  354.2
2006 08 03 -1.187 -0.399 5  1.252  373.0
2006 08 04 -1.154 -0.618 5  1.309  394.3
2006 08 05 -1.088 -0.825 5  1.365  416.5
2006 08 06 -0.993 -1.014 6  1.419  438.4
2006 08 07 -0.871 -1.181 6  1.468  458.8
2006 08 08 -0.728 -1.323 6  1.510  476.7
2006 08 09 -0.566 -1.437 6  1.544  491.3
2006 08 10 -0.390 -1.520 6  1.569  502.2
2006 08 11 -0.207 -1.571 6  1.584  508.8
2006 08 12 -0.020 -1.589 6  1.589  511.0
2006 08 13  0.165 -1.574 7  1.583  508.5
2006 08 14  0.344 -1.527 7  1.565  501.4
2006 08 15  0.513 -1.450 7  1.538  490.1
2006 08 16  0.666 -1.344 7  1.500  474.8
2006 08 17  0.802 -1.213 7  1.454  456.3
2006 08 18  0.918 -1.060 7  1.402  435.3
2006 08 19  1.011 -0.888 8  1.345  413.0
2006 08 20  1.080 -0.702 8  1.288  390.6
2006 08 21  1.124 -0.506 8  1.233  369.6
2006 08 22  1.145 -0.303 8  1.184  351.8
2006 08 23  1.142 -0.099 8  1.146  338.6
2006 08 24  1.117  0.103 1  1.122  331.5
2006 08 25  1.073  0.301 1  1.114  331.1
2006 08 26  1.011  0.489 1  1.123  337.2
2006 08 27  0.934  0.666 1  1.147  349.1
2006 08 28  0.844  0.831 1  1.184  365.3
2006 08 29  0.745  0.980 2  1.231  384.2
2006 08 30  0.640  1.113 2  1.283  404.6
2006 08 31  0.530  1.229 2  1.338  425.0
2006 09 01  0.417  1.329 2  1.393  444.6
2006 09 02  0.304  1.411 2  1.444  462.7
2006 09 03  0.192  1.478 2  1.490  478.7
2006 09 04  0.082  1.529 2  1.531  492.2
2006 09 05 -0.027  1.565 3  1.565  503.2
2006 09 06 -0.133  1.586 3  1.591  511.4
2006 09 07 -0.237  1.593 3  1.610  516.9
2006 09 08 -0.339  1.586 3  1.621  519.6
2006 09 09 -0.440  1.565 3  1.625  519.7
2006 09 10 -0.541  1.530 3  1.622  517.2
2006 09 11 -0.641  1.480 3  1.613  512.2
2006 09 12 -0.741  1.415 3  1.597  504.9
2006 09 13 -0.840  1.334 3  1.577  495.6
2006 09 14 -0.938  1.237 3  1.553  484.7
2006 09 15 -1.034  1.122 3  1.526  472.5
2006 09 16 -1.125  0.989 4  1.498  459.9
2006 09 17 -1.210  0.839 4  1.472  447.5
2006 09 18 -1.286  0.670 4  1.450  436.5
2006 09 19 -1.350  0.485 4  1.435  427.9
2006 09 20 -1.399  0.285 4  1.428  423.1
2006 09 21 -1.431  0.071 4  1.433  423.0
2006 09 22 -1.442 -0.153 5  1.450  428.5
2006 09 23 -1.430 -0.384 5  1.481  439.9
2006 09 24 -1.393 -0.618 5  1.524  456.7
2006 09 25 -1.329 -0.851 5  1.578  478.3
2006 09 26 -1.238 -1.077 5  1.640  503.3
2006 09 27 -1.118 -1.291 6  1.708  530.3
2006 09 28 -0.972 -1.488 6  1.777  557.9
2006 09 29 -0.801 -1.662 6  1.845  584.5
2006 09 30 -0.608 -1.809 6  1.909  608.9
2006 10 01 -0.395 -1.925 6  1.965  629.8
2006 10 02 -0.168 -2.004 6  2.011  646.3
2006 10 03  0.069 -2.045 7  2.046  657.8
2006 10 04  0.310 -2.045 7  2.068  663.8
2006 10 05  0.550 -2.003 7  2.077  664.2
2006 10 06  0.782 -1.919 7  2.073  659.0
2006 10 07  1.001 -1.796 7  2.056  648.6
2006 10 08  1.199 -1.635 7  2.028  633.8
2006 10 09  1.373 -1.440 7  1.990  615.4
2006 10 10  1.517 -1.217 8  1.945  594.6
2006 10 11  1.627 -0.970 8  1.894  572.7
2006 10 12  1.699 -0.708 8  1.841  550.8
2006 10 13  1.732 -0.436 8  1.786  530.2
2006 10 14  1.725 -0.163 8  1.732  511.7
2006 10 15  1.677  0.104 1  1.680  496.0
2006 10 16  1.590  0.358 1  1.630  483.2
2006 10 17  1.467  0.590 1  1.581  472.8
2006 10 18  1.312  0.795 1  1.534  464.0
2006 10 19  1.129  0.968 1  1.487  456.0
2006 10 20  0.925  1.102 2  1.439  447.5
2006 10 21  0.707  1.196 2  1.389  437.6
2006 10 22  0.481  1.248 2  1.337  425.7
2006 10 23  0.255  1.257 2  1.282  411.1
2006 10 24  0.036  1.224 2  1.225  393.7
2006 10 25 -0.168  1.152 3  1.164  373.9
2006 10 26 -0.350  1.046 3  1.103  351.9
2006 10 27 -0.505  0.910 3  1.041  328.5
2006 10 28 -0.629  0.751 3  0.980  304.6
2006 10 29 -0.717  0.576 4  0.920  281.3
2006 10 30 -0.768  0.393 4  0.863  259.5
2006 10 31 -0.781  0.210 4  0.808  240.1
2006 11 01 -0.757  0.034 4  0.757  223.6
2006 11 02 -0.698 -0.128 5  0.710  210.1
2006 11 03 -0.609 -0.268 5  0.665  199.3
2006 11 04 -0.495 -0.381 5  0.624  190.6
2006 11 05 -0.361 -0.463 6  0.587  183.1
2006 11 06 -0.215 -0.511 6  0.554  176.1
2006 11 07 -0.065 -0.523 6  0.527  169.2
2006 11 08  0.084 -0.500 7  0.507  162.5
2006 11 09  0.222 -0.442 7  0.495  156.6
2006 11 10  0.344 -0.354 7  0.494  152.6
2006 11 11  0.444 -0.240 8  0.504  152.0
2006 11 12  0.516 -0.105 8  0.527  156.1
2006 11 13  0.559  0.045 1  0.560  165.5
2006 11 14  0.568  0.202 1  0.603  179.9
2006 11 15  0.545  0.360 1  0.653  198.1
2006 11 16  0.489  0.511 2  0.707  218.7
2006 11 17  0.405  0.648 2  0.764  240.1
2006 11 18  0.294  0.765 2  0.820  261.0
2006 11 19  0.164  0.858 2  0.873  280.0
2006 11 20  0.018  0.921 2  0.921  296.2
2006 11 21 -0.135  0.952 3  0.962  308.8
2006 11 22 -0.289  0.950 3  0.993  317.2
2006 11 23 -0.438  0.914 3  1.013  321.1
2006 11 24 -0.574  0.846 3  1.022  320.4
2006 11 25 -0.691  0.748 3  1.018  315.3
2006 11 26 -0.785  0.624 4  1.002  306.3
2006 11 27 -0.850  0.479 4  0.975  294.3
2006 11 28 -0.884  0.318 4  0.939  280.2
2006 11 29 -0.885  0.149 4  0.897  265.5
2006 11 30 -0.852 -0.023 5  0.853  251.7
2006 12 01 -0.788 -0.191 5  0.811  240.5
2006 12 02 -0.693 -0.348 5  0.776  233.2
2006 12 03 -0.573 -0.488 5  0.752  230.7
2006 12 04 -0.430 -0.607 6  0.744  232.7
2006 12 05 -0.271 -0.699 6  0.749  238.5
2006 12 06 -0.102 -0.761 6  0.768  246.5
2006 12 07  0.072 -0.791 7  0.794  255.3
2006 12 08  0.242 -0.788 7  0.825  263.4
2006 12 09  0.404 -0.752 7  0.854  269.7
2006 12 10  0.550 -0.685 7  0.879  273.7
2006 12 11  0.676 -0.589 8  0.896  275.0
2006 12 12  0.776 -0.468 8  0.906  273.9
2006 12 13  0.846 -0.326 8  0.907  270.9
2006 12 14  0.885 -0.169 8  0.901  266.8
2006 12 15  0.890 -0.002 8  0.890  262.8
2006 12 16  0.862  0.167 1  0.878  259.9
2006 12 17  0.800  0.332 1  0.866  259.2
2006 12 18  0.708  0.488 1  0.860  261.3
2006 12 19  0.588  0.628 2  0.860  266.3
2006 12 20  0.444  0.747 2  0.869  273.7
2006 12 21  0.283  0.840 2  0.886  282.8
2006 12 22  0.108  0.904 2  0.910  292.3
2006 12 23 -0.072  0.935 3  0.938  301.4
2006 12 24 -0.253  0.932 3  0.966  309.0
2006 12 25 -0.428  0.896 3  0.993  314.5
2006 12 26 -0.590  0.826 3  1.015  317.7
2006 12 27 -0.734  0.726 4  1.032  318.5
2006 12 28 -0.855  0.598 4  1.043  317.3
2006 12 29 -0.949  0.446 4  1.049  314.7
2006 12 30 -1.012  0.277 4  1.049  311.8
2006 12 31 -1.043  0.095 4  1.047  309.4
2007 01 01 -1.040 -0.092 5  1.045  308.5
2007 01 02 -1.005 -0.278 5  1.043  309.8
2007 01 03 -0.938 -0.457 5  1.043  313.5
2007 01 04 -0.842 -0.622 5  1.047  319.1
2007 01 05 -0.722 -0.768 6  1.054  326.1
2007 01 06 -0.581 -0.889 6  1.062  333.4
2007 01 07 -0.426 -0.981 6  1.070  339.6
2007 01 08 -0.263 -1.041 6  1.074  343.7
2007 01 09 -0.097 -1.068 6  1.073  344.7
2007 01 10  0.065 -1.061 7  1.063  341.8
2007 01 11  0.216 -1.021 7  1.044  334.5
2007 01 12  0.352 -0.950 7  1.013  322.7
2007 01 13  0.468 -0.851 7  0.971  306.6
2007 01 14  0.559 -0.729 7  0.919  286.7
2007 01 15  0.623 -0.589 8  0.857  263.9
2007 01 16  0.657 -0.437 8  0.789  239.5
2007 01 17  0.663 -0.278 8  0.719  215.1
2007 01 18  0.640 -0.120 8  0.651  192.7
2007 01 19  0.590  0.031 1  0.591  174.5
2007 01 20  0.518  0.171 1  0.545  162.3
2007 01 21  0.426  0.293 1  0.517  157.0
2007 01 22  0.320  0.394 2  0.507  157.8
2007 01 23  0.204  0.470 2  0.512  162.6
2007 01 24  0.085  0.519 2  0.526  168.7
2007 01 25 -0.032  0.541 3  0.542  174.1
2007 01 26 -0.142  0.535 3  0.553  177.1
2007 01 27 -0.240  0.504 3  0.558  176.7
2007 01 28 -0.321  0.449 3  0.552  172.8
2007 01 29 -0.384  0.375 4  0.537  165.4
2007 01 30 -0.425  0.285 4  0.512  155.4
2007 01 31 -0.444  0.184 4  0.481  143.8
2007 02 01 -0.440  0.077 4  0.447  132.2
2007 02 02 -0.415 -0.030 5  0.416  122.8
2007 02 03 -0.370 -0.134 5  0.393  117.3
2007 02 04 -0.309 -0.229 5  0.384  117.1
2007 02 05 -0.234 -0.312 6  0.390  121.8
2007 02 06 -0.151 -0.380 6  0.409  130.0
2007 02 07 -0.064 -0.430 6  0.435  139.7
2007 02 08  0.024 -0.463 7  0.463  149.0
2007 02 09  0.107 -0.476 7  0.488  156.4
2007 02 10  0.183 -0.472 7  0.506  161.0
2007 02 11  0.247 -0.450 7  0.514  162.1
2007 02 12  0.298 -0.414 7  0.510  159.6
2007 02 13  0.333 -0.367 7  0.495  153.5
2007 02 14  0.352 -0.310 8  0.469  144.0
2007 02 15  0.355 -0.248 8  0.433  131.7
2007 02 16  0.343 -0.184 8  0.389  117.3
2007 02 17  0.318 -0.120 8  0.340  101.4
2007 02 18  0.282 -0.060 8  0.288   85.3
2007 02 19  0.237 -0.005 8  0.237   70.1
2007 02 20  0.188  0.042 1  0.193   57.1
2007 02 21  0.137  0.081 1  0.159   48.1
2007 02 22  0.087  0.111 2  0.141   44.1
2007 02 23  0.042  0.133 2  0.139   44.4
2007 02 24  0.004  0.146 2  0.146   46.9
2007 02 25 -0.025  0.152 3  0.155   49.6
2007 02 26 -0.045  0.154 3  0.160   51.2
2007 02 27 -0.053  0.151 3  0.161   51.2
2007 02 28 -0.051  0.148 3  0.156   49.8
2007 03 01 -0.038  0.144 3  0.149   47.6
2007 03 02 -0.017  0.142 3  0.143   45.9
2007 03 03  0.010  0.143 2  0.144   46.1
2007 03 04  0.043  0.148 2  0.154   49.4
2007 03 05  0.077  0.158 2  0.176   55.8
2007 03 06  0.111  0.173 2  0.205   64.5
2007 03 07  0.141  0.192 2  0.238   74.5
2007 03 08  0.166  0.215 2  0.271   84.6
2007 03 09  0.183  0.239 2  0.301   94.0
2007 03 10  0.191  0.265 2  0.326  102.1
2007 03 11  0.188  0.289 2  0.345  108.3
2007 03 12  0.175  0.311 2  0.357  112.5
2007 03 13  0.151  0.328 2  0.361  114.4
2007 03 14  0.116  0.339 2  0.358  114.2
2007 03 15  0.073  0.342 2  0.349  111.9
2007 03 16  0.022  0.336 2  0.336  108.1
2007 03 17 -0.034  0.320 3  0.322  103.4
2007 03 18 -0.092  0.294 3  0.308   98.5
2007 03 19 -0.151  0.259 3  0.300   94.4
2007 03 20 -0.208  0.214 3  0.298   92.1
2007 03 21 -0.259  0.161 4  0.305   92.3
2007 03 22 -0.303  0.101 4  0.319   95.1
2007 03 23 -0.337  0.037 4  0.339  100.3
2007 03 24 -0.361 -0.030 5  0.362  106.9
2007 03 25 -0.372 -0.098 5  0.384  114.1
2007 03 26 -0.370 -0.164 5  0.404  121.2
2007 03 27 -0.355 -0.225 5  0.420  127.3
2007 03 28 -0.327 -0.281 5  0.431  132.1
2007 03 29 -0.287 -0.327 6  0.435  135.1
2007 03 30 -0.237 -0.365 6  0.435  136.5
2007 03 31 -0.177 -0.390 6  0.429  136.0
2007 04 01 -0.111 -0.404 6  0.419  134.1
2007 04 02 -0.041 -0.406 6  0.408  131.0
2007 04 03  0.032 -0.395 7  0.396  127.3
2007 04 04  0.106 -0.372 7  0.386  123.5
2007 04 05  0.177 -0.337 7  0.381  120.4
2007 04 06  0.244 -0.293 7  0.381  118.5
2007 04 07  0.305 -0.240 8  0.388  118.5
2007 04 08  0.358 -0.179 8  0.401  120.4
2007 04 09  0.403 -0.113 8  0.418  124.3
2007 04 10  0.438 -0.043 8  0.440  129.9
2007 04 11  0.462  0.029 1  0.463  136.7
2007 04 12  0.475  0.101 1  0.486  144.1
2007 04 13  0.478  0.172 1  0.508  151.5
2007 04 14  0.469  0.241 1  0.527  158.6
2007 04 15  0.450  0.305 1  0.543  165.1
2007 04 16  0.420  0.365 1  0.556  170.6
2007 04 17  0.380  0.418 2  0.565  175.0
2007 04 18  0.330  0.464 2  0.570  178.2
2007 04 19  0.272  0.502 2  0.571  180.4
2007 04 20  0.205  0.532 2  0.570  181.5
2007 04 21  0.132  0.552 2  0.568  181.9
2007 04 22  0.052  0.563 2  0.566  181.7
2007 04 23 -0.032  0.564 3  0.564  181.5
2007 04 24 -0.120  0.553 3  0.566  181.5
2007 04 25 -0.211  0.533 3  0.573  182.2
2007 04 26 -0.302  0.501 3  0.585  184.1
2007 04 27 -0.392  0.459 3  0.603  187.5
2007 04 28 -0.479  0.406 4  0.628  192.4
2007 04 29 -0.560  0.343 4  0.657  198.8
2007 04 30 -0.634  0.272 4  0.690  206.6
2007 05 01 -0.699  0.192 4  0.724  215.2
2007 05 02 -0.751  0.106 4  0.758  224.2
2007 05 03 -0.789  0.014 4  0.789  232.9
2007 05 04 -0.812 -0.081 5  0.816  240.9
2007 05 05 -0.817 -0.177 5  0.836  247.7
2007 05 06 -0.803 -0.273 5  0.848  252.8
2007 05 07 -0.771 -0.366 5  0.853  256.2
2007 05 08 -0.719 -0.454 5  0.850  257.6
2007 05 09 -0.648 -0.536 5  0.841  257.4
2007 05 10 -0.559 -0.608 6  0.826  255.9
2007 05 11 -0.453 -0.670 6  0.809  253.7
2007 05 12 -0.333 -0.720 6  0.793  251.6
2007 05 13 -0.201 -0.757 6  0.783  250.6
2007 05 14 -0.059 -0.780 6  0.782  251.5
2007 05 15  0.090 -0.789 7  0.794  255.0
2007 05 16  0.241 -0.783 7  0.819  261.6
2007 05 17  0.393 -0.762 7  0.858  271.2
2007 05 18  0.541 -0.728 7  0.907  283.4
2007 05 19  0.682 -0.681 8  0.964  297.5
2007 05 20  0.814 -0.622 8  1.024  312.6
2007 05 21  0.934 -0.551 8  1.085  327.8
2007 05 22  1.039 -0.472 8  1.141  342.2
2007 05 23  1.128 -0.384 8  1.191  355.1
2007 05 24  1.198 -0.290 8  1.233  365.8
2007 05 25  1.250 -0.191 8  1.265  374.1
2007 05 26  1.282 -0.088 8  1.285  379.5
2007 05 27  1.294  0.017 1  1.294  382.1
2007 05 28  1.287  0.123 1  1.293  381.9
2007 05 29  1.261  0.230 1  1.281  379.4
2007 05 30  1.216  0.335 1  1.262  374.8
2007 05 31  1.155  0.438 1  1.236  369.0
2007 06 01  1.079  0.539 1  1.206  362.5
2007 06 02  0.989  0.635 1  1.175  356.2
2007 06 03  0.886  0.728 1  1.147  350.9
2007 06 04  0.772  0.815 2  1.123  347.4
2007 06 05  0.650  0.896 2  1.107  346.2
2007 06 06  0.519  0.971 2  1.101  347.7
2007 06 07  0.381  1.038 2  1.105  352.1
2007 06 08  0.238  1.095 2  1.121  359.2
2007 06 09  0.091  1.143 2  1.147  368.6
2007 06 10 -0.060  1.180 3  1.181  379.8
2007 06 11 -0.214  1.203 3  1.222  392.1
2007 06 12 -0.370  1.213 3  1.268  405.0
2007 06 13 -0.527  1.206 3  1.316  417.9
2007 06 14 -0.683  1.182 3  1.365  430.3
2007 06 15 -0.839  1.139 3  1.414  442.0
2007 06 16 -0.991  1.075 3  1.462  452.7
2007 06 17 -1.138  0.989 4  1.508  462.6
2007 06 18 -1.279  0.880 4  1.552  471.7
2007 06 19 -1.409  0.748 4  1.595  480.5
2007 06 20 -1.527  0.593 4  1.638  489.3
2007 06 21 -1.628  0.415 4  1.680  498.7
2007 06 22 -1.710  0.216 4  1.723  509.4
2007 06 23 -1.767 -0.001 5  1.767  521.7
2007 06 24 -1.798 -0.235 5  1.813  536.0
2007 06 25 -1.797 -0.480 5  1.860  552.5
2007 06 26 -1.763 -0.732 5  1.909  571.1
2007 06 27 -1.691 -0.986 5  1.958  591.4
2007 06 28 -1.582 -1.234 5  2.006  612.8
2007 06 29 -1.433 -1.471 6  2.054  634.6
2007 06 30 -1.246 -1.689 6  2.099  655.9
2007 07 01 -1.022 -1.880 6  2.140  675.6
2007 07 02 -0.764 -2.038 6  2.176  693.0
2007 07 03 -0.478 -2.155 6  2.207  707.1
2007 07 04 -0.170 -2.225 6  2.232  717.4
2007 07 05  0.154 -2.245 7  2.250  723.2
2007 07 06  0.483 -2.209 7  2.261  724.5
2007 07 07  0.808 -2.116 7  2.265  721.1
2007 07 08  1.120 -1.966 7  2.262  713.3
2007 07 09  1.406 -1.760 7  2.253  701.9
2007 07 10  1.657 -1.503 8  2.237  687.6
2007 07 11  1.863 -1.200 8  2.216  671.6
2007 07 12  2.015 -0.858 8  2.190  655.6
2007 07 13  2.106 -0.487 8  2.162  641.1
2007 07 14  2.131 -0.099 8  2.133  629.7
2007 07 15  2.086  0.296 1  2.107  623.0
2007 07 16  1.971  0.683 1  2.086  622.0
2007 07 17  1.789  1.051 1  2.075  627.0
2007 07 18  1.543  1.387 1  2.075  637.6
2007 07 19  1.242  1.680 2  2.089  652.7
2007 07 20  0.894  1.918 2  2.116  670.7
2007 07 21  0.512  2.092 2  2.154  689.7
2007 07 22  0.109  2.198 2  2.201  707.6
2007 07 23 -0.300  2.230 3  2.250  722.6
2007 07 24 -0.701  2.187 3  2.297  733.2
2007 07 25 -1.079  2.071 3  2.335  738.3
2007 07 26 -1.419  1.886 3  2.360  737.1
2007 07 27 -1.709  1.638 4  2.367  729.4
2007 07 28 -1.938  1.337 4  2.354  715.6
2007 07 29 -2.097  0.994 4  2.320  696.5
2007 07 30 -2.180  0.621 4  2.266  673.6
2007 07 31 -2.184  0.232 4  2.196  648.9
2007 08 01 -2.110 -0.158 5  2.116  624.8
2007 08 02 -1.960 -0.537 5  2.033  603.8
2007 08 03 -1.742 -0.890 5  1.956  588.5
2007 08 04 -1.464 -1.206 5  1.896  580.5
2007 08 05 -1.137 -1.474 6  1.861  580.7
2007 08 06 -0.773 -1.687 6  1.855  588.4
2007 08 07 -0.388 -1.838 6  1.878  601.9
2007 08 08  0.005 -1.924 7  1.924  618.6
2007 08 09  0.392 -1.944 7  1.983  635.9
2007 08 10  0.757 -1.901 7  2.047  651.0
2007 08 11  1.090 -1.799 7  2.103  661.9
2007 08 12  1.378 -1.643 7  2.145  666.9
2007 08 13  1.615 -1.442 8  2.165  665.0
2007 08 14  1.793 -1.205 8  2.160  655.8
2007 08 15  1.908 -0.941 8  2.128  639.4
2007 08 16  1.961 -0.662 8  2.070  616.8
2007 08 17  1.952 -0.378 8  1.989  588.9
2007 08 18  1.886 -0.097 8  1.889  557.7
2007 08 19  1.769  0.171 1  1.777  525.0
2007 08 20  1.608  0.418 1  1.661  493.2
2007 08 21  1.411  0.640 1  1.550  464.7
2007 08 22  1.189  0.832 1  1.452  441.5
2007 08 23  0.951  0.992 2  1.374  424.9
2007 08 24  0.707  1.117 2  1.322  415.5
2007 08 25  0.464  1.210 2  1.296  412.7
2007 08 26  0.232  1.272 2  1.293  414.8
2007 08 27  0.015  1.306 2  1.306  420.0
2007 08 28 -0.181  1.315 3  1.328  426.3
2007 08 29 -0.352  1.304 3  1.351  432.0
2007 08 30 -0.498  1.276 3  1.369  435.8
2007 08 31 -0.617  1.235 3  1.381  436.9
2007 09 01 -0.712  1.185 3  1.382  435.0
2007 09 02 -0.783  1.128 3  1.373  430.1
2007 09 03 -0.834  1.067 3  1.354  422.3
2007 09 04 -0.868  1.003 3  1.326  411.9
2007 09 05 -0.890  0.936 3  1.291  399.4
2007 09 06 -0.901  0.866 4  1.250  385.0
2007 09 07 -0.906  0.792 4  1.203  369.2
2007 09 08 -0.907  0.713 4  1.153  352.4
2007 09 09 -0.906  0.627 4  1.101  334.7
2007 09 10 -0.903  0.532 4  1.048  316.7
2007 09 11 -0.900  0.428 4  0.996  299.0
2007 09 12 -0.895  0.312 4  0.948  282.6
2007 09 13 -0.888  0.185 4  0.907  268.7
2007 09 14 -0.877  0.046 4  0.878  259.2
2007 09 15 -0.859 -0.104 5  0.865  255.8
2007 09 16 -0.833 -0.264 5  0.874  260.2
2007 09 17 -0.797 -0.430 5  0.906  272.9
2007 09 18 -0.748 -0.601 5  0.959  293.3
2007 09 19 -0.684 -0.772 6  1.031  319.9
2007 09 20 -0.605 -0.939 6  1.117  350.7
2007 09 21 -0.510 -1.097 6  1.210  383.7
2007 09 22 -0.400 -1.243 6  1.306  416.7
2007 09 23 -0.274 -1.371 6  1.398  448.3
2007 09 24 -0.135 -1.477 6  1.483  476.7
2007 09 25  0.015 -1.558 7  1.558  500.9
2007 09 26  0.173 -1.609 7  1.618  519.9
2007 09 27  0.336 -1.628 7  1.663  533.0
2007 09 28  0.500 -1.614 7  1.690  539.7
2007 09 29  0.662 -1.566 7  1.700  540.1
2007 09 30  0.816 -1.483 7  1.693  534.3
2007 10 01  0.959 -1.368 7  1.670  523.0
2007 10 02  1.087 -1.222 7  1.635  507.2
2007 10 03  1.197 -1.048 8  1.591  488.3
2007 10 04  1.286 -0.850 8  1.542  467.8
2007 10 05  1.351 -0.634 8  1.492  447.8
2007 10 06  1.390 -0.404 8  1.447  430.3
2007 10 07  1.402 -0.166 8  1.412  417.3
2007 10 08  1.387  0.074 1  1.389  410.2
2007 10 09  1.345  0.311 1  1.381  409.4
2007 10 10  1.277  0.537 1  1.385  414.7
2007 10 11  1.185  0.748 1  1.401  424.5
2007 10 12  1.071  0.940 1  1.424  437.2
2007 10 13  0.937  1.106 2  1.450  450.7
2007 10 14  0.789  1.244 2  1.473  463.0
2007 10 15  0.628  1.352 2  1.491  472.6
2007 10 16  0.460  1.427 2  1.499  478.4
2007 10 17  0.287  1.468 2  1.496  479.7
2007 10 18  0.115  1.477 2  1.481  476.0
2007 10 19 -0.052  1.453 3  1.454  467.6
2007 10 20 -0.212  1.400 3  1.416  454.6
2007 10 21 -0.361  1.321 3  1.369  437.9
2007 10 22 -0.495  1.219 3  1.315  418.3
2007 10 23 -0.613  1.098 3  1.258  396.8
2007 10 24 -0.713  0.964 3  1.199  374.7
2007 10 25 -0.793  0.821 3  1.142  352.9
2007 10 26 -0.855  0.674 4  1.088  332.5
2007 10 27 -0.897  0.527 4  1.040  314.3
2007 10 28 -0.920  0.385 4  0.998  298.6
2007 10 29 -0.927  0.252 4  0.961  285.5
2007 10 30 -0.919  0.130 4  0.929  274.6
2007 10 31 -0.899  0.022 4  0.899  265.5
2007 11 01 -0.869 -0.072 5  0.872  257.5
2007 11 02 -0.831 -0.151 5  0.845  250.1
2007 11 03 -0.789 -0.215 5  0.817  242.8
2007 11 04 -0.744 -0.266 5  0.790  235.5
2007 11 05 -0.698 -0.306 5  0.762  228.2
2007 11 06 -0.653 -0.337 5  0.735  221.1
2007 11 07 -0.609 -0.363 5  0.709  214.5
2007 11 08 -0.568 -0.387 5  0.687  208.8
2007 11 09 -0.529 -0.412 5  0.670  204.7
2007 11 10 -0.491 -0.440 5  0.659  202.4
2007 11 11 -0.452 -0.475 6  0.655  202.7
2007 11 12 -0.412 -0.517 6  0.661  205.9
2007 11 13 -0.367 -0.569 6  0.677  212.6
2007 11 14 -0.317 -0.629 6  0.705  222.9
2007 11 15 -0.259 -0.698 6  0.745  237.2
2007 11 16 -0.191 -0.774 6  0.797  255.2
2007 11 17 -0.111 -0.854 6  0.861  276.6
2007 11 18 -0.020 -0.935 6  0.935  300.8
2007 11 19  0.084 -1.013 7  1.016  326.7
2007 11 20  0.200 -1.083 7  1.102  353.3
2007 11 21  0.326 -1.142 7  1.187  379.6
2007 11 22  0.460 -1.184 7  1.270  404.2
2007 11 23  0.600 -1.205 7  1.347  426.2
2007 11 24  0.742 -1.203 7  1.413  444.4
2007 11 25  0.881 -1.173 7  1.467  458.0
2007 11 26  1.013 -1.113 7  1.505  466.5
2007 11 27  1.134 -1.024 8  1.528  469.5
2007 11 28  1.239 -0.904 8  1.533  467.1
2007 11 29  1.322 -0.756 8  1.523  459.7
2007 11 30  1.380 -0.581 8  1.498  448.3
2007 12 01  1.410 -0.385 8  1.462  434.3
2007 12 02  1.409 -0.170 8  1.419  419.5
2007 12 03  1.375  0.057 1  1.376  406.2
2007 12 04  1.307  0.289 1  1.339  396.9
2007 12 05  1.207  0.522 1  1.315  393.8
2007 12 06  1.075  0.748 1  1.310  398.2
2007 12 07  0.916  0.961 2  1.327  410.5
2007 12 08  0.732  1.154 2  1.367  429.5
2007 12 09  0.529  1.324 2  1.425  453.4
2007 12 10  0.311  1.465 2  1.498  479.9
2007 12 11  0.086  1.574 2  1.576  506.7
2007 12 12 -0.141  1.649 3  1.655  531.8
2007 12 13 -0.363  1.688 3  1.727  553.4
2007 12 14 -0.575  1.692 3  1.788  570.1
2007 12 15 -0.771  1.663 3  1.833  581.2
2007 12 16 -0.945  1.602 3  1.860  585.9
2007 12 17 -1.095  1.512 3  1.867  583.9
2007 12 18 -1.217  1.398 3  1.854  575.5
2007 12 19 -1.308  1.264 4  1.819  560.7
2007 12 20 -1.370  1.114 4  1.765  540.2
2007 12 21 -1.400  0.954 4  1.694  514.6
2007 12 22 -1.402  0.787 4  1.607  484.9
2007 12 23 -1.376  0.618 4  1.509  452.2
2007 12 24 -1.327  0.451 4  1.401  417.6
2007 12 25 -1.257  0.289 4  1.290  382.5
2007 12 26 -1.170  0.135 4  1.178  348.2
2007 12 27 -1.071 -0.010 5  1.071  316.2
2007 12 28 -0.963 -0.145 5  0.974  288.2
2007 12 29 -0.850 -0.270 5  0.892  265.5
2007 12 30 -0.735 -0.383 5  0.829  249.6
2007 12 31 -0.621 -0.487 5  0.789  241.1
2008 01 01 -0.510 -0.582 6  0.774  240.1
2008 01 02 -0.402 -0.669 6  0.780  245.7
2008 01 03 -0.300 -0.749 6  0.806  256.5
2008 01 04 -0.203 -0.822 6  0.847  271.1
2008 01 05 -0.110 -0.891 6  0.897  288.3
2008 01 06 -0.021 -0.954 6  0.954  306.8
2008 01 07  0.065 -1.012 7  1.014  325.9
2008 01 08  0.149 -1.064 7  1.074  344.9
2008 01 09  0.234 -1.109 7  1.133  363.2
2008 01 10  0.319 -1.145 7  1.189  380.2
2008 01 11  0.405 -1.172 7  1.240  395.4
2008 01 12  0.492 -1.187 7  1.285  408.3
2008 01 13  0.581 -1.187 7  1.322  418.5
2008 01 14  0.670 -1.172 7  1.350  425.5
2008 01 15  0.757 -1.139 7  1.367  429.0
2008 01 16  0.840 -1.087 7  1.374  428.7
2008 01 17  0.918 -1.017 7  1.370  424.5
2008 01 18  0.986 -0.926 8  1.353  416.5
2008 01 19  1.043 -0.817 8  1.325  404.7
2008 01 20  1.084 -0.691 8  1.286  389.6
2008 01 21  1.108 -0.549 8  1.237  371.7
2008 01 22  1.111 -0.396 8  1.180  351.8
2008 01 23  1.092 -0.234 8  1.117  331.0
2008 01 24  1.049 -0.067 8  1.051  310.3
2008 01 25  0.981  0.099 1  0.986  291.4
2008 01 26  0.890  0.260 1  0.927  275.7
2008 01 27  0.776  0.412 1  0.879  264.6
2008 01 28  0.642  0.550 1  0.845  259.1
2008 01 29  0.490  0.670 2  0.830  259.4
2008 01 30  0.325  0.768 2  0.834  265.0
2008 01 31  0.152  0.842 2  0.856  274.5
2008 02 01 -0.025  0.890 3  0.891  286.4
2008 02 02 -0.201  0.911 3  0.933  299.0
2008 02 03 -0.370  0.906 3  0.978  311.1
2008 02 04 -0.527  0.874 3  1.021  321.4
2008 02 05 -0.668  0.819 3  1.057  329.0
2008 02 06 -0.787  0.743 4  1.083  333.4
2008 02 07 -0.883  0.649 4  1.096  334.1
2008 02 08 -0.953  0.542 4  1.097  331.0
2008 02 09 -0.995  0.426 4  1.082  324.1
2008 02 10 -1.009  0.305 4  1.054  313.6
2008 02 11 -0.996  0.184 4  1.012  299.8
2008 02 12 -0.956  0.067 4  0.959  283.1
2008 02 13 -0.894 -0.043 5  0.895  264.2
2008 02 14 -0.811 -0.142 5  0.823  243.6
2008 02 15 -0.711 -0.227 5  0.747  222.3
2008 02 16 -0.599 -0.298 5  0.669  201.1
2008 02 17 -0.479 -0.352 5  0.594  181.1
2008 02 18 -0.354 -0.389 6  0.526  163.1
2008 02 19 -0.229 -0.411 6  0.470  148.4
2008 02 20 -0.107 -0.417 6  0.430  137.7
2008 02 21  0.008 -0.409 7  0.409  131.5
2008 02 22  0.115 -0.389 7  0.406  129.6
2008 02 23  0.211 -0.359 7  0.416  131.1
2008 02 24  0.295 -0.321 7  0.436  134.9
2008 02 25  0.366 -0.276 8  0.459  139.9
2008 02 26  0.425 -0.228 8  0.482  145.3
2008 02 27  0.472 -0.176 8  0.504  150.3
2008 02 28  0.507 -0.123 8  0.522  154.8
2008 02 29  0.532 -0.070 8  0.536  158.5
2008 03 01  0.547 -0.016 8  0.547  161.5
2008 03 02  0.554  0.037 1  0.555  163.9
2008 03 03  0.553  0.090 1  0.561  165.9
2008 03 04  0.546  0.143 1  0.564  167.6
2008 03 05  0.532  0.195 1  0.567  169.3
2008 03 06  0.513  0.248 1  0.570  171.1
2008 03 07  0.487  0.301 1  0.572  173.3
2008 03 08  0.454  0.354 1  0.576  176.0
2008 03 09  0.415  0.407 1  0.581  179.2
2008 03 10  0.367  0.459 2  0.587  183.0
2008 03 11  0.312  0.508 2  0.596  187.4
2008 03 12  0.248  0.553 2  0.606  192.2
2008 03 13  0.175  0.592 2  0.618  197.3
2008 03 14  0.094  0.624 2  0.631  202.6
2008 03 15  0.005  0.646 2  0.646  207.7
2008 03 16 -0.091  0.656 3  0.662  212.5
2008 03 17 -0.191  0.652 3  0.679  216.9
2008 03 18 -0.293  0.632 3  0.696  220.7
2008 03 19 -0.394  0.595 3  0.714  223.9
2008 03 20 -0.492  0.540 3  0.731  226.4
2008 03 21 -0.582  0.468 4  0.747  228.4
2008 03 22 -0.661  0.379 4  0.762  230.1
2008 03 23 -0.726  0.274 4  0.776  231.6
2008 03 24 -0.772  0.157 4  0.788  233.4
2008 03 25 -0.798  0.029 4  0.798  235.6
2008 03 26 -0.800 -0.106 5  0.807  238.6
2008 03 27 -0.778 -0.242 5  0.815  242.5
2008 03 28 -0.730 -0.377 5  0.822  247.3
2008 03 29 -0.658 -0.504 5  0.829  252.9
2008 03 30 -0.562 -0.619 6  0.836  259.1
2008 03 31 -0.445 -0.718 6  0.845  265.6
2008 04 01 -0.311 -0.796 6  0.855  271.9
2008 04 02 -0.164 -0.850 6  0.866  277.6
2008 04 03 -0.008 -0.878 6  0.878  282.3
2008 04 04  0.150 -0.877 7  0.890  285.5
2008 04 05  0.306 -0.847 7  0.901  287.0
2008 04 06  0.452 -0.789 7  0.909  286.6
2008 04 07  0.585 -0.703 7  0.914  284.3
2008 04 08  0.698 -0.592 8  0.915  280.4
2008 04 09  0.787 -0.460 8  0.911  275.3
2008 04 10  0.849 -0.311 8  0.904  269.8
2008 04 11  0.882 -0.149 8  0.894  264.6
2008 04 12  0.884  0.020 1  0.884  260.9
2008 04 13  0.855  0.191 1  0.876  259.8
2008 04 14  0.797  0.358 1  0.874  261.9
2008 04 15  0.712  0.516 1  0.879  267.7
2008 04 16  0.602  0.661 2  0.894  277.0
2008 04 17  0.472  0.787 2  0.918  289.0
2008 04 18  0.327  0.892 2  0.950  302.7
2008 04 19  0.171  0.973 2  0.988  316.9
2008 04 20  0.010  1.028 2  1.028  330.4
2008 04 21 -0.152  1.055 3  1.066  342.1
2008 04 22 -0.309  1.054 3  1.099  351.1
2008 04 23 -0.456  1.027 3  1.124  356.6
2008 04 24 -0.590  0.974 3  1.139  358.3
2008 04 25 -0.708  0.897 3  1.142  356.0
2008 04 26 -0.806  0.798 4  1.134  349.9
2008 04 27 -0.883  0.680 4  1.115  340.3
2008 04 28 -0.938  0.547 4  1.086  328.0
2008 04 29 -0.971  0.400 4  1.050  314.1
2008 04 30 -0.980  0.244 4  1.010  299.8
2008 05 01 -0.968  0.080 4  0.972  287.0
2008 05 02 -0.935 -0.086 5  0.939  277.4
2008 05 03 -0.882 -0.254 5  0.918  272.9
2008 05 04 -0.810 -0.420 5  0.913  274.7
2008 05 05 -0.721 -0.582 5  0.927  283.4
2008 05 06 -0.617 -0.736 6  0.960  298.5
2008 05 07 -0.497 -0.880 6  1.011  318.9
2008 05 08 -0.365 -1.013 6  1.076  343.0
2008 05 09 -0.221 -1.130 6  1.152  369.3
2008 05 10 -0.066 -1.231 6  1.233  396.3
2008 05 11  0.098 -1.312 7  1.316  422.9
2008 05 12  0.269 -1.372 7  1.398  448.1
2008 05 13  0.445 -1.407 7  1.476  471.2
2008 05 14  0.625 -1.417 7  1.548  491.5
2008 05 15  0.804 -1.399 7  1.614  508.7
2008 05 16  0.979 -1.353 7  1.670  522.4
2008 05 17  1.147 -1.278 7  1.717  532.5
2008 05 18  1.304 -1.174 8  1.754  539.1
2008 05 19  1.445 -1.041 8  1.781  542.2
2008 05 20  1.565 -0.882 8  1.796  542.0
2008 05 21  1.659 -0.699 8  1.800  538.9
2008 05 22  1.724 -0.495 8  1.794  533.2
2008 05 23  1.755 -0.275 8  1.777  525.6
2008 05 24  1.750 -0.042 8  1.750  516.6
2008 05 25  1.704  0.195 1  1.715  507.0
2008 05 26  1.618  0.433 1  1.675  497.6
2008 05 27  1.492  0.664 1  1.633  489.4
2008 05 28  1.326  0.882 1  1.592  483.3
2008 05 29  1.123  1.081 1  1.558  480.2
2008 05 30  0.887  1.254 2  1.536  480.9
2008 05 31  0.624  1.397 2  1.530  485.6
2008 06 01  0.340  1.505 2  1.543  494.3
2008 06 02  0.043  1.575 2  1.576  506.6
2008 06 03 -0.260  1.605 3  1.626  521.7
2008 06 04 -0.561  1.593 3  1.689  538.3
2008 06 05 -0.849  1.541 3  1.759  555.3
2008 06 06 -1.119  1.450 3  1.831  571.3
2008 06 07 -1.361  1.323 4  1.898  585.1
2008 06 08 -1.570  1.164 4  1.955  595.7
2008 06 09 -1.740  0.979 4  1.996  602.4
2008 06 10 -1.867  0.772 4  2.021  604.5
2008 06 11 -1.949  0.551 4  2.026  602.0
2008 06 12 -1.985  0.321 4  2.011  594.9
2008 06 13 -1.975  0.089 4  1.977  583.5
2008 06 14 -1.920 -0.139 5  1.925  568.6
2008 06 15 -1.826 -0.358 5  1.860  551.0
2008 06 16 -1.694 -0.561 5  1.785  531.7
2008 06 17 -1.532 -0.746 5  1.704  511.9
2008 06 18 -1.344 -0.908 5  1.622  492.7
2008 06 19 -1.137 -1.045 5  1.545  475.1
2008 06 20 -0.917 -1.156 6  1.476  459.9
2008 06 21 -0.689 -1.239 6  1.418  447.5
2008 06 22 -0.460 -1.295 6  1.374  438.1
2008 06 23 -0.233 -1.324 6  1.344  431.3
2008 06 24 -0.014 -1.327 6  1.327  426.6
2008 06 25  0.194 -1.304 7  1.319  423.4
2008 06 26  0.389 -1.259 7  1.318  420.9
2008 06 27  0.569 -1.192 7  1.321  418.6
2008 06 28  0.731 -1.106 7  1.325  415.9
2008 06 29  0.875 -1.001 7  1.329  412.7
2008 06 30  1.000 -0.880 8  1.332  408.9
2008 07 01  1.106 -0.745 8  1.333  404.8
2008 07 02  1.193 -0.596 8  1.333  400.8
2008 07 03  1.260 -0.436 8  1.333  397.3
2008 07 04  1.307 -0.266 8  1.334  395.1
2008 07 05  1.333 -0.088 8  1.336  394.6
2008 07 06  1.339  0.095 1  1.342  396.3
2008 07 07  1.322  0.281 1  1.352  400.7
2008 07 08  1.284  0.468 1  1.366  407.7
2008 07 09  1.222  0.651 1  1.385  417.1
2008 07 10  1.138  0.828 1  1.407  428.6
2008 07 11  1.030  0.994 1  1.432  441.3
2008 07 12  0.901  1.146 2  1.458  454.5
2008 07 13  0.750  1.280 2  1.484  467.4
2008 07 14  0.581  1.391 2  1.508  479.1
2008 07 15  0.396  1.476 2  1.529  489.0
2008 07 16  0.198  1.532 2  1.545  496.2
2008 07 17 -0.008  1.556 3  1.556  500.4
2008 07 18 -0.217  1.546 3  1.561  501.2
2008 07 19 -0.425  1.500 3  1.559  498.5
2008 07 20 -0.625  1.420 3  1.551  492.4
2008 07 21 -0.812  1.305 3  1.537  483.2
2008 07 22 -0.981  1.158 3  1.517  471.5
2008 07 23 -1.126  0.981 4  1.493  458.2
2008 07 24 -1.243  0.779 4  1.467  444.3
2008 07 25 -1.329  0.557 4  1.441  431.2
2008 07 26 -1.381  0.319 4  1.417  420.2
2008 07 27 -1.397  0.072 4  1.399  412.9
2008 07 28 -1.377 -0.179 5  1.388  410.4
2008 07 29 -1.321 -0.426 5  1.388  413.3
2008 07 30 -1.232 -0.665 5  1.400  421.7
2008 07 31 -1.112 -0.889 5  1.423  435.1
2008 08 01 -0.965 -1.093 6  1.458  452.3
2008 08 02 -0.796 -1.273 6  1.501  471.9
2008 08 03 -0.609 -1.425 6  1.550  492.2
2008 08 04 -0.411 -1.546 6  1.600  511.8
2008 08 05 -0.206 -1.635 6  1.648  529.4
2008 08 06 -0.000 -1.691 6  1.691  543.7
2008 08 07  0.201 -1.712 7  1.724  553.8
2008 08 08  0.394 -1.701 7  1.746  559.1
2008 08 09  0.573 -1.657 7  1.753  559.1
2008 08 10  0.736 -1.583 7  1.746  553.6
2008 08 11  0.880 -1.482 7  1.723  542.7
2008 08 12  1.002 -1.355 7  1.685  526.7
2008 08 13  1.101 -1.206 7  1.633  506.1
2008 08 14  1.177 -1.038 8  1.569  481.8
2008 08 15  1.228 -0.854 8  1.496  454.7
2008 08 16  1.255 -0.657 8  1.417  426.5
2008 08 17  1.259 -0.450 8  1.337  398.7
2008 08 18  1.239 -0.237 8  1.261  373.5
2008 08 19  1.197 -0.021 8  1.197  353.2
2008 08 20  1.133  0.195 1  1.149  340.1
2008 08 21  1.048  0.408 1  1.124  336.0
2008 08 22  0.943  0.614 1  1.126  341.4
2008 08 23  0.820  0.810 1  1.153  355.6
2008 08 24  0.680  0.993 2  1.203  377.1
2008 08 25  0.523  1.159 2  1.271  403.3
2008 08 26  0.352  1.305 2  1.351  432.2
2008 08 27  0.170  1.427 2  1.437  461.6
2008 08 28 -0.023  1.523 3  1.523  489.8
2008 08 29 -0.222  1.590 3  1.606  515.5
2008 08 30 -0.424  1.626 3  1.680  537.7
2008 08 31 -0.625  1.629 3  1.745  555.5
2008 09 01 -0.822  1.598 3  1.798  568.4
2008 09 02 -1.011  1.534 3  1.837  576.3
2008 09 03 -1.186  1.435 3  1.861  579.2
2008 09 04 -1.343  1.305 4  1.872  577.2
2008 09 05 -1.478  1.145 4  1.870  570.8
2008 09 06 -1.588  0.958 4  1.854  560.8
2008 09 07 -1.668  0.749 4  1.829  548.1
2008 09 08 -1.717  0.521 4  1.794  533.8
2008 09 09 -1.731  0.282 4  1.754  519.0
2008 09 10 -1.711  0.035 4  1.711  505.0
2008 09 11 -1.655 -0.213 5  1.668  493.2
2008 09 12 -1.564 -0.456 5  1.629  484.3
2008 09 13 -1.440 -0.688 5  1.596  479.1
2008 09 14 -1.285 -0.904 5  1.571  478.0
2008 09 15 -1.103 -1.099 5  1.557  480.6
2008 09 16 -0.898 -1.268 6  1.554  486.4
2008 09 17 -0.673 -1.408 6  1.561  494.6
2008 09 18 -0.435 -1.517 6  1.578  504.3
2008 09 19 -0.187 -1.591 6  1.602  514.5
2008 09 20  0.064 -1.630 7  1.631  524.5
2008 09 21  0.315 -1.634 7  1.664  533.6
2008 09 22  0.559 -1.604 7  1.698  541.5
2008 09 23  0.793 -1.541 7  1.733  548.0
2008 09 24  1.012 -1.447 7  1.766  553.0
2008 09 25  1.214 -1.325 7  1.797  556.8
2008 09 26  1.394 -1.178 8  1.826  559.5
2008 09 27  1.551 -1.010 8  1.851  561.4
2008 09 28  1.683 -0.824 8  1.874  563.0
2008 09 29  1.787 -0.625 8  1.893  564.4
2008 09 30  1.863 -0.415 8  1.908  565.7
2008 10 01  1.909 -0.200 8  1.920  567.2
2008 10 02  1.926  0.017 1  1.926  568.6
2008 10 03  1.914  0.233 1  1.928  569.8
2008 10 04  1.872  0.444 1  1.924  570.6
2008 10 05  1.801  0.646 1  1.913  570.7
2008 10 06  1.702  0.836 1  1.896  569.7
2008 10 07  1.575  1.011 1  1.872  567.3
2008 10 08  1.423  1.167 1  1.841  563.4
2008 10 09  1.248  1.303 2  1.804  557.8
2008 10 10  1.050  1.415 2  1.762  550.5
2008 10 11  0.834  1.501 2  1.717  541.8
2008 10 12  0.603  1.559 2  1.671  531.9
2008 10 13  0.360  1.587 2  1.628  521.4
2008 10 14  0.110  1.585 2  1.589  510.8
2008 10 15 -0.142  1.552 3  1.558  500.8
2008 10 16 -0.391  1.487 3  1.538  492.0
2008 10 17 -0.632  1.392 3  1.529  484.9
2008 10 18 -0.857  1.268 3  1.530  479.8
2008 10 19 -1.063  1.116 3  1.541  476.7
2008 10 20 -1.243  0.941 4  1.559  475.5
2008 10 21 -1.392  0.745 4  1.579  475.6
2008 10 22 -1.505  0.534 4  1.597  476.3
2008 10 23 -1.580  0.311 4  1.610  476.9
2008 10 24 -1.613  0.084 4  1.615  476.8
2008 10 25 -1.603 -0.143 5  1.609  475.3
2008 10 26 -1.550 -0.363 5  1.592  472.1
2008 10 27 -1.455 -0.571 5  1.563  467.1
2008 10 28 -1.322 -0.760 5  1.525  460.4
2008 10 29 -1.153 -0.926 5  1.479  452.2
2008 10 30 -0.955 -1.063 6  1.429  443.2
2008 10 31 -0.735 -1.168 6  1.380  433.8
2008 11 01 -0.498 -1.239 6  1.335  424.6
2008 11 02 -0.254 -1.273 6  1.298  416.1
2008 11 03 -0.010 -1.270 6  1.270  408.4
2008 11 04  0.225 -1.231 7  1.251  401.3
2008 11 05  0.443 -1.158 7  1.240  394.6
2008 11 06  0.637 -1.054 7  1.231  387.5
2008 11 07  0.800 -0.923 7  1.221  379.2
2008 11 08  0.927 -0.770 8  1.206  369.2
2008 11 09  1.015 -0.602 8  1.180  356.7
2008 11 10  1.060 -0.425 8  1.142  341.4
2008 11 11  1.063 -0.244 8  1.090  323.3
2008 11 12  1.023 -0.068 8  1.025  302.8
2008 11 13  0.945  0.099 1  0.950  280.7
2008 11 14  0.832  0.251 1  0.868  258.3
2008 11 15  0.689  0.381 1  0.787  237.4
2008 11 16  0.523  0.488 1  0.715  220.1
2008 11 17  0.342  0.567 2  0.662  208.4
2008 11 18  0.154  0.617 2  0.636  203.5
2008 11 19 -0.034  0.638 3  0.639  205.3
2008 11 20 -0.214  0.630 3  0.666  212.3
2008 11 21 -0.379  0.597 3  0.707  222.0
2008 11 22 -0.522  0.540 3  0.751  232.1
2008 11 23 -0.639  0.464 4  0.789  240.4
2008 11 24 -0.725  0.374 4  0.816  245.5
2008 11 25 -0.779  0.275 4  0.826  246.4
2008 11 26 -0.800  0.172 4  0.818  242.5
2008 11 27 -0.789  0.071 4  0.792  234.0
2008 11 28 -0.748 -0.024 5  0.749  221.0
2008 11 29 -0.682 -0.107 5  0.690  204.2
2008 11 30 -0.594 -0.176 5  0.620  184.4
2008 12 01 -0.492 -0.228 5  0.542  162.7
2008 12 02 -0.380 -0.261 5  0.461  140.2
2008 12 03 -0.265 -0.275 6  0.382  118.1
2008 12 04 -0.154 -0.270 6  0.311   97.9
2008 12 05 -0.051 -0.247 6  0.252   80.8
2008 12 06  0.038 -0.209 7  0.212   68.0
2008 12 07  0.109 -0.158 7  0.192   60.1
2008 12 08  0.160 -0.099 8  0.188   57.0
2008 12 09  0.190 -0.034 8  0.193   57.2
2008 12 10  0.199  0.032 1  0.201   59.5
2008 12 11  0.187  0.095 1  0.210   63.1
2008 12 12  0.157  0.154 1  0.219   67.7
2008 12 13  0.112  0.203 2  0.232   73.3
2008 12 14  0.056  0.243 2  0.249   79.8
2008 12 15 -0.006  0.270 3  0.270   86.9
2008 12 16 -0.071  0.285 3  0.294   94.1
2008 12 17 -0.134  0.288 3  0.318  100.7
2008 12 18 -0.191  0.279 3  0.338  106.0
2008 12 19 -0.240  0.260 3  0.353  109.5
2008 12 20 -0.277  0.232 4  0.361  110.6
2008 12 21 -0.301  0.197 4  0.360  109.2
2008 12 22 -0.312  0.158 4  0.350  105.2
2008 12 23 -0.310  0.116 4  0.331   98.7
2008 12 24 -0.295  0.073 4  0.304   90.1
2008 12 25 -0.269  0.031 4  0.271   80.0
2008 12 26 -0.235 -0.009 5  0.235   69.3
2008 12 27 -0.194 -0.047 5  0.200   59.2
2008 12 28 -0.150 -0.082 5  0.171   51.5
2008 12 29 -0.104 -0.115 6  0.155   48.1
2008 12 30 -0.059 -0.146 6  0.157   50.0
2008 12 31 -0.017 -0.176 6  0.176   56.7
2009 01 01  0.022 -0.205 7  0.206   66.3
2009 01 02  0.057 -0.235 7  0.242   77.5
2009 01 03  0.087 -0.267 7  0.281   89.7
2009 01 04  0.115 -0.300 7  0.322  102.4
2009 01 05  0.140 -0.336 7  0.364  115.6
2009 01 06  0.164 -0.372 7  0.407  129.2
2009 01 07  0.189 -0.410 7  0.451  143.1
2009 01 08  0.216 -0.446 7  0.496  157.0
2009 01 09  0.247 -0.480 7  0.540  170.6
2009 01 10  0.283 -0.508 7  0.582  183.5
2009 01 11  0.324 -0.529 7  0.620  195.2
2009 01 12  0.369 -0.541 7  0.655  205.2
2009 01 13  0.419 -0.540 7  0.683  213.2
2009 01 14  0.472 -0.524 7  0.705  218.7
2009 01 15  0.525 -0.493 8  0.720  221.7
2009 01 16  0.577 -0.444 8  0.728  222.1
2009 01 17  0.623 -0.377 8  0.728  220.3
2009 01 18  0.660 -0.294 8  0.723  216.6
2009 01 19  0.685 -0.195 8  0.713  211.8
2009 01 20  0.695 -0.083 8  0.700  207.0
2009 01 21  0.688  0.039 1  0.689  203.4
2009 01 22  0.660  0.168 1  0.681  202.1
2009 01 23  0.611  0.299 1  0.680  204.2
2009 01 24  0.540  0.426 1  0.688  210.2
2009 01 25  0.449  0.546 2  0.707  220.0
2009 01 26  0.339  0.653 2  0.736  232.7
2009 01 27  0.214  0.743 2  0.773  247.2
2009 01 28  0.077  0.812 2  0.816  262.2
2009 01 29 -0.067  0.857 3  0.860  276.3
2009 01 30 -0.212  0.875 3  0.901  288.4
2009 01 31 -0.352  0.867 3  0.935  297.4
2009 02 01 -0.483  0.831 3  0.961  302.7
2009 02 02 -0.598  0.769 3  0.974  303.7
2009 02 03 -0.692  0.683 4  0.973  300.1
2009 02 04 -0.763  0.578 4  0.957  291.9
2009 02 05 -0.805  0.457 4  0.926  279.5
2009 02 06 -0.819  0.325 4  0.881  263.3
2009 02 07 -0.802  0.188 4  0.824  244.4
2009 02 08 -0.757  0.052 4  0.758  223.9
2009 02 09 -0.684 -0.079 5  0.689  203.5
2009 02 10 -0.588 -0.200 5  0.621  185.1
2009 02 11 -0.473 -0.305 5  0.563  170.6
2009 02 12 -0.343 -0.392 6  0.521  161.7
2009 02 13 -0.205 -0.458 6  0.501  159.1
2009 02 14 -0.064 -0.500 6  0.504  162.0
2009 02 15  0.073 -0.519 7  0.525  168.4
2009 02 16  0.201 -0.516 7  0.554  176.1
2009 02 17  0.316 -0.490 7  0.583  183.1
2009 02 18  0.411 -0.446 7  0.607  187.9
2009 02 19  0.485 -0.386 8  0.620  189.5
2009 02 20  0.535 -0.313 8  0.620  187.3
2009 02 21  0.559 -0.232 8  0.606  181.3
2009 02 22  0.559 -0.148 8  0.578  171.6
2009 02 23  0.533 -0.063 8  0.537  158.7
2009 02 24  0.486  0.018 1  0.486  143.5
2009 02 25  0.419  0.092 1  0.429  127.0
2009 02 26  0.335  0.155 1  0.369  110.7
2009 02 27  0.239  0.205 1  0.315   96.6
2009 02 28  0.135  0.241 2  0.276   87.1
2009 03 01  0.027  0.261 2  0.262   84.3
2009 03 02 -0.081  0.265 3  0.278   88.7
2009 03 03 -0.186  0.254 3  0.315   98.5
2009 03 04 -0.284  0.229 4  0.365  111.5
2009 03 05 -0.372  0.190 4  0.417  125.5
2009 03 06 -0.447  0.139 4  0.468  139.4
2009 03 07 -0.509  0.078 4  0.515  152.3
2009 03 08 -0.555  0.010 4  0.555  164.0
2009 03 09 -0.586 -0.063 5  0.589  174.0
2009 03 10 -0.599 -0.140 5  0.616  182.6
2009 03 11 -0.597 -0.218 5  0.635  189.6
2009 03 12 -0.578 -0.294 5  0.649  195.2
2009 03 13 -0.545 -0.368 5  0.657  199.5
2009 03 14 -0.496 -0.436 5  0.661  202.8
2009 03 15 -0.435 -0.497 6  0.661  205.1
2009 03 16 -0.361 -0.550 6  0.658  206.6
2009 03 17 -0.276 -0.593 6  0.654  207.5
2009 03 18 -0.181 -0.625 6  0.651  208.0
2009 03 19 -0.079 -0.644 6  0.649  208.4
2009 03 20  0.030 -0.649 7  0.650  209.0
2009 03 21  0.142 -0.639 7  0.655  209.9
2009 03 22  0.257 -0.614 7  0.666  211.5
2009 03 23  0.371 -0.572 7  0.682  214.1
2009 03 24  0.482 -0.514 7  0.705  218.0
2009 03 25  0.587 -0.438 8  0.733  223.4
2009 03 26  0.683 -0.347 8  0.766  230.3
2009 03 27  0.766 -0.240 8  0.802  238.8
2009 03 28  0.833 -0.120 8  0.841  248.8
2009 03 29  0.881  0.013 1  0.881  260.0
2009 03 30  0.907  0.155 1  0.920  272.2
2009 03 31  0.908  0.304 1  0.957  285.2
2009 04 01  0.882  0.456 1  0.993  298.8
2009 04 02  0.829  0.607 1  1.027  312.9
2009 04 03  0.746  0.753 2  1.060  327.2
2009 04 04  0.636  0.889 2  1.093  341.9
2009 04 05  0.498  1.011 2  1.127  356.7
2009 04 06  0.337  1.114 2  1.164  371.8
2009 04 07  0.154  1.195 2  1.205  387.0
2009 04 08 -0.044  1.250 3  1.250  402.1
2009 04 09 -0.254  1.275 3  1.300  416.8
2009 04 10 -0.467  1.269 3  1.352  430.8
2009 04 11 -0.679  1.230 3  1.405  443.5
2009 04 12 -0.881  1.158 3  1.456  454.4
2009 04 13 -1.067  1.054 4  1.500  462.8
2009 04 14 -1.230  0.919 4  1.536  468.2
2009 04 15 -1.363  0.757 4  1.559  470.2
2009 04 16 -1.460  0.571 4  1.568  468.4
2009 04 17 -1.517  0.366 4  1.561  463.0
2009 04 18 -1.530  0.148 4  1.537  454.2
2009 04 19 -1.498 -0.077 5  1.500  442.8
2009 04 20 -1.419 -0.302 5  1.451  429.9
2009 04 21 -1.295 -0.521 5  1.396  417.2
2009 04 22 -1.128 -0.726 5  1.341  406.6
2009 04 23 -0.922 -0.912 5  1.297  400.1
2009 04 24 -0.684 -1.072 6  1.271  399.4
2009 04 25 -0.419 -1.201 6  1.272  405.6
2009 04 26 -0.136 -1.296 6  1.303  418.7
2009 04 27  0.156 -1.353 7  1.362  437.5
2009 04 28  0.449 -1.370 7  1.442  460.1
2009 04 29  0.734 -1.347 7  1.534  484.4
2009 04 30  1.001 -1.286 7  1.629  508.1
2009 05 01  1.241 -1.187 8  1.717  529.1
2009 05 02  1.448 -1.055 8  1.792  545.7
2009 05 03  1.615 -0.894 8  1.846  556.6
2009 05 04  1.736 -0.710 8  1.875  560.9
2009 05 05  1.808 -0.508 8  1.879  558.3
2009 05 06  1.830 -0.296 8  1.854  548.6
2009 05 07  1.801 -0.081 8  1.803  532.3
2009 05 08  1.723  0.131 1  1.728  510.4
2009 05 09  1.599  0.334 1  1.634  484.0
2009 05 10  1.434  0.520 1  1.525  455.1
2009 05 11  1.234  0.684 1  1.411  425.5
2009 05 12  1.006  0.823 1  1.300  397.7
2009 05 13  0.757  0.933 2  1.201  374.1
2009 05 14  0.497  1.010 2  1.126  356.5
2009 05 15  0.233  1.056 2  1.081  346.3
2009 05 16 -0.027  1.068 3  1.068  343.5
2009 05 17 -0.275  1.049 3  1.084  346.9
2009 05 18 -0.504  1.000 3  1.120  354.3
2009 05 19 -0.709  0.925 3  1.165  363.6
2009 05 20 -0.884  0.827 4  1.211  372.7
2009 05 21 -1.027  0.711 4  1.249  379.7
2009 05 22 -1.136  0.580 4  1.275  383.6
2009 05 23 -1.209  0.440 4  1.286  383.8
2009 05 24 -1.246  0.295 4  1.281  379.9
2009 05 25 -1.251  0.148 4  1.259  372.2
2009 05 26 -1.223  0.005 4  1.223  361.1
2009 05 27 -1.167 -0.132 5  1.175  347.2
2009 05 28 -1.087 -0.260 5  1.117  331.5
2009 05 29 -0.985 -0.377 5  1.054  314.9
2009 05 30 -0.866 -0.481 5  0.990  298.6
2009 05 31 -0.733 -0.570 5  0.929  283.7
2009 06 01 -0.591 -0.645 6  0.875  271.1
2009 06 02 -0.443 -0.705 6  0.833  261.7
2009 06 03 -0.292 -0.749 6  0.804  255.9
2009 06 04 -0.140 -0.779 6  0.791  253.9
2009 06 05  0.009 -0.794 7  0.794  255.2
2009 06 06  0.154 -0.794 7  0.809  259.3
2009 06 07  0.294 -0.780 7  0.833  265.3
2009 06 08  0.426 -0.751 7  0.864  272.4
2009 06 09  0.548 -0.709 7  0.897  279.7
2009 06 10  0.660 -0.653 8  0.929  286.6
2009 06 11  0.760 -0.584 8  0.959  292.6
2009 06 12  0.847 -0.501 8  0.984  297.4
2009 06 13  0.918 -0.405 8  1.003  300.6
2009 06 14  0.973 -0.296 8  1.017  302.5
2009 06 15  1.009 -0.176 8  1.024  303.2
2009 06 16  1.026 -0.047 8  1.027  303.2
2009 06 17  1.022  0.091 1  1.026  303.0
2009 06 18  0.996  0.235 1  1.023  303.5
2009 06 19  0.948  0.383 1  1.022  305.6
2009 06 20  0.877  0.530 1  1.025  310.0
2009 06 21  0.785  0.674 1  1.035  317.4
2009 06 22  0.673  0.811 2  1.054  327.9
2009 06 23  0.543  0.938 2  1.083  341.4
2009 06 24  0.397  1.050 2  1.122  357.3
2009 06 25  0.239  1.144 2  1.169  374.7
2009 06 26  0.072  1.218 2  1.220  392.3
2009 06 27 -0.099  1.269 3  1.273  409.1
2009 06 28 -0.270  1.295 3  1.323  423.9
2009 06 29 -0.437  1.294 3  1.366  435.8
2009 06 30 -0.594  1.268 3  1.400  443.8
2009 07 01 -0.739  1.215 3  1.422  447.5
2009 07 02 -0.867  1.138 3  1.431  446.7
2009 07 03 -0.977  1.039 3  1.426  441.4
2009 07 04 -1.066  0.921 4  1.408  432.0
2009 07 05 -1.132  0.786 4  1.379  419.1
2009 07 06 -1.177  0.639 4  1.339  403.7
2009 07 07 -1.201  0.484 4  1.294  387.0
2009 07 08 -1.204  0.323 4  1.247  370.3
2009 07 09 -1.190  0.162 4  1.201  355.1
2009 07 10 -1.161  0.003 4  1.161  342.7
2009 07 11 -1.120 -0.151 5  1.130  334.2
2009 07 12 -1.070 -0.298 5  1.111  330.1
2009 07 13 -1.014 -0.435 5  1.104  330.5
2009 07 14 -0.955 -0.562 5  1.108  334.8
2009 07 15 -0.894 -0.679 5  1.123  342.5
2009 07 16 -0.833 -0.785 5  1.145  352.5
2009 07 17 -0.773 -0.881 6  1.173  363.9
2009 07 18 -0.714 -0.969 6  1.203  376.1
2009 07 19 -0.655 -1.048 6  1.236  388.6
2009 07 20 -0.594 -1.121 6  1.269  400.8
2009 07 21 -0.530 -1.187 6  1.300  412.7
2009 07 22 -0.460 -1.249 6  1.331  423.9
2009 07 23 -0.381 -1.305 6  1.360  434.5
2009 07 24 -0.291 -1.356 6  1.387  444.5
2009 07 25 -0.187 -1.401 6  1.413  453.9
2009 07 26 -0.068 -1.438 6  1.439  462.8
2009 07 27  0.067 -1.465 7  1.466  471.4
2009 07 28  0.218 -1.479 7  1.495  480.0
2009 07 29  0.383 -1.478 7  1.527  488.7
2009 07 30  0.562 -1.460 7  1.564  497.8
2009 07 31  0.749 -1.420 7  1.605  507.3
2009 08 01  0.941 -1.356 7  1.651  517.1
2009 08 02  1.133 -1.267 7  1.699  527.0
2009 08 03  1.317 -1.150 8  1.749  536.7
2009 08 04  1.488 -1.006 8  1.796  545.5
2009 08 05  1.637 -0.835 8  1.838  552.9
2009 08 06  1.760 -0.639 8  1.872  558.6
2009 08 07  1.849 -0.420 8  1.896  562.2
2009 08 08  1.899 -0.182 8  1.908  563.6
2009 08 09  1.906  0.069 1  1.907  563.1
2009 08 10  1.868  0.327 1  1.896  561.2
2009 08 11  1.782  0.586 1  1.876  558.7
2009 08 12  1.650  0.839 1  1.851  556.6
2009 08 13  1.473  1.077 1  1.825  556.0
2009 08 14  1.257  1.294 2  1.805  557.7
2009 08 15  1.007  1.483 2  1.793  562.1
2009 08 16  0.730  1.638 2  1.793  569.1
2009 08 17  0.434  1.754 2  1.806  578.2
2009 08 18  0.128  1.826 2  1.830  588.3
2009 08 19 -0.177  1.852 3  1.861  598.0
2009 08 20 -0.472  1.833 3  1.893  605.7
2009 08 21 -0.748  1.768 3  1.920  610.0
2009 08 22 -0.996  1.661 3  1.937  609.7
2009 08 23 -1.209  1.515 3  1.938  603.9
2009 08 24 -1.380  1.336 4  1.921  592.1
2009 08 25 -1.505  1.131 4  1.883  574.2
2009 08 26 -1.581  0.908 4  1.823  550.4
2009 08 27 -1.607  0.674 4  1.743  521.6
2009 08 28 -1.585  0.439 4  1.645  488.7
2009 08 29 -1.517  0.210 4  1.532  452.9
2009 08 30 -1.408 -0.005 5  1.408  415.6
2009 08 31 -1.263 -0.198 5  1.279  378.3
2009 09 01 -1.090 -0.363 5  1.149  342.3
2009 09 02 -0.896 -0.496 5  1.024  308.9
2009 09 03 -0.690 -0.593 5  0.910  279.0
2009 09 04 -0.480 -0.653 6  0.810  253.2
2009 09 05 -0.274 -0.675 6  0.728  231.5
2009 09 06 -0.080 -0.661 6  0.666  213.8
2009 09 07  0.096 -0.614 7  0.621  199.4
2009 09 08  0.248 -0.538 7  0.593  187.9
2009 09 09  0.371 -0.439 7  0.575  178.8
2009 09 10  0.463 -0.324 8  0.565  171.9
2009 09 11  0.523 -0.198 8  0.559  166.9
2009 09 12  0.549 -0.069 8  0.554  163.6
2009 09 13  0.544  0.055 1  0.547  161.6
2009 09 14  0.510  0.169 1  0.537  160.1
2009 09 15  0.451  0.266 1  0.523  158.1
2009 09 16  0.370  0.342 1  0.504  154.9
2009 09 17  0.274  0.391 2  0.478  149.6
2009 09 18  0.167  0.413 2  0.446  141.7
2009 09 19  0.056  0.405 2  0.409  131.3
2009 09 20 -0.054  0.368 3  0.372  119.3
2009 09 21 -0.159  0.302 3  0.342  108.0
2009 09 22 -0.253  0.212 4  0.330  101.1
2009 09 23 -0.333  0.100 4  0.348  103.4
2009 09 24 -0.396 -0.029 5  0.397  117.1
2009 09 25 -0.439 -0.169 5  0.471  140.5
2009 09 26 -0.462 -0.315 5  0.559  170.0
2009 09 27 -0.465 -0.461 5  0.655  202.1
2009 09 28 -0.448 -0.602 6  0.750  234.4
2009 09 29 -0.413 -0.731 6  0.840  264.9
2009 09 30 -0.363 -0.845 6  0.919  292.0
2009 10 01 -0.300 -0.939 6  0.986  314.6
2009 10 02 -0.227 -1.011 6  1.036  331.8
2009 10 03 -0.148 -1.058 6  1.068  343.1
2009 10 04 -0.066 -1.081 6  1.083  348.1
2009 10 05  0.017 -1.078 7  1.079  346.8
2009 10 06  0.096 -1.053 7  1.057  339.8
2009 10 07  0.170 -1.006 7  1.020  327.4
2009 10 08  0.237 -0.941 7  0.971  310.7
2009 10 09  0.296 -0.862 7  0.911  290.6
2009 10 10  0.347 -0.772 7  0.846  268.4
2009 10 11  0.389 -0.675 7  0.779  245.4
2009 10 12  0.424 -0.574 7  0.714  223.1
2009 10 13  0.453 -0.475 7  0.656  203.0
2009 10 14  0.477 -0.379 8  0.609  186.3
2009 10 15  0.499 -0.289 8  0.577  174.2
2009 10 16  0.520 -0.207 8  0.560  167.4
2009 10 17  0.543 -0.132 8  0.559  165.9
2009 10 18  0.569 -0.067 8  0.573  169.3
2009 10 19  0.599 -0.008 8  0.599  176.8
2009 10 20  0.634  0.045 1  0.636  187.7
2009 10 21  0.675  0.094 1  0.681  201.4
2009 10 22  0.719  0.141 1  0.733  217.2
2009 10 23  0.768  0.191 1  0.791  234.8
2009 10 24  0.817  0.245 1  0.853  253.7
2009 10 25  0.865  0.306 1  0.917  273.6
2009 10 26  0.908  0.376 1  0.983  294.0
2009 10 27  0.943  0.456 1  1.048  314.6
2009 10 28  0.966  0.548 1  1.110  335.1
2009 10 29  0.973  0.650 1  1.170  355.2
2009 10 30  0.960  0.763 1  1.226  374.7
2009 10 31  0.925  0.882 1  1.278  393.7
2009 11 01  0.865  1.006 2  1.327  412.2
2009 11 02  0.778  1.131 2  1.373  430.2
2009 11 03  0.665  1.252 2  1.417  447.7
2009 11 04  0.525  1.363 2  1.461  464.9
2009 11 05  0.360  1.460 2  1.504  481.5
2009 11 06  0.173  1.538 2  1.548  497.3
2009 11 07 -0.031  1.592 3  1.592  512.0
2009 11 08 -0.248  1.617 3  1.636  525.2
2009 11 09 -0.472  1.611 3  1.678  536.3
2009 11 10 -0.696  1.570 3  1.717  545.0
2009 11 11 -0.914  1.493 3  1.751  550.8
2009 11 12 -1.118  1.382 3  1.778  553.5
2009 11 13 -1.302  1.236 4  1.796  553.0
2009 11 14 -1.460  1.060 4  1.804  549.4
2009 11 15 -1.586  0.856 4  1.802  542.9
2009 11 16 -1.675  0.630 4  1.790  534.3
2009 11 17 -1.725  0.388 4  1.768  524.3
2009 11 18 -1.734  0.137 4  1.739  513.7
2009 11 19 -1.701 -0.117 5  1.705  503.6
2009 11 20 -1.628 -0.367 5  1.669  494.8
2009 11 21 -1.517 -0.605 5  1.633  488.1
2009 11 22 -1.372 -0.824 5  1.600  483.9
2009 11 23 -1.197 -1.020 5  1.573  482.2
2009 11 24 -0.999 -1.187 6  1.552  482.5
2009 11 25 -0.785 -1.322 6  1.538  484.3
2009 11 26 -0.561 -1.423 6  1.529  486.5
2009 11 27 -0.335 -1.487 6  1.524  488.2
2009 11 28 -0.112 -1.515 6  1.519  488.4
2009 11 29  0.099 -1.509 7  1.512  486.2
2009 11 30  0.294 -1.471 7  1.500  481.1
2009 12 01  0.468 -1.405 7  1.481  472.5
2009 12 02  0.616 -1.315 7  1.452  460.3
2009 12 03  0.737 -1.205 7  1.413  444.5
2009 12 04  0.829 -1.082 7  1.363  425.4
2009 12 05  0.893 -0.950 7  1.303  403.3
2009 12 06  0.928 -0.813 8  1.234  378.8
2009 12 07  0.939 -0.678 8  1.158  352.5
2009 12 08  0.927 -0.546 8  1.076  325.2
2009 12 09  0.896 -0.423 8  0.991  297.5
2009 12 10  0.851 -0.309 8  0.906  270.2
2009 12 11  0.796 -0.206 8  0.823  244.2
2009 12 12  0.735 -0.115 8  0.744  220.1
2009 12 13  0.672 -0.034 8  0.673  198.7
2009 12 14  0.610  0.037 1  0.611  180.5
2009 12 15  0.552  0.100 1  0.561  166.0
2009 12 16  0.499  0.158 1  0.523  155.8
2009 12 17  0.453  0.212 1  0.500  150.0
2009 12 18  0.412  0.266 1  0.491  148.8
2009 12 19  0.378  0.321 1  0.496  151.9
2009 12 20  0.347  0.379 2  0.514  159.2
2009 12 21  0.317  0.442 2  0.544  170.2
2009 12 22  0.287  0.509 2  0.584  184.2
2009 12 23  0.253  0.580 2  0.633  200.8
2009 12 24  0.214  0.654 2  0.688  219.4
2009 12 25  0.165  0.728 2  0.747  239.3
2009 12 26  0.107  0.802 2  0.809  259.7
2009 12 27  0.037  0.870 2  0.871  280.0
2009 12 28 -0.044  0.930 3  0.931  299.4
2009 12 29 -0.136  0.978 3  0.988  317.1
2009 12 30 -0.237  1.011 3  1.038  332.5
2009 12 31 -0.346  1.025 3  1.081  345.0
2010 01 01 -0.459  1.017 3  1.116  353.9
2010 01 02 -0.573  0.985 3  1.139  359.0
2010 01 03 -0.683  0.928 3  1.152  360.1
2010 01 04 -0.785  0.846 3  1.154  357.3
2010 01 05 -0.875  0.738 4  1.145  350.8
2010 01 06 -0.949  0.608 4  1.127  341.5
2010 01 07 -1.003  0.456 4  1.102  330.5
2010 01 08 -1.035  0.287 4  1.074  319.2
2010 01 09 -1.043  0.106 4  1.048  309.6
2010 01 10 -1.024 -0.085 5  1.028  303.6
2010 01 11 -0.981 -0.278 5  1.019  302.9
2010 01 12 -0.912 -0.469 5  1.025  308.5
2010 01 13 -0.821 -0.652 5  1.048  320.4
2010 01 14 -0.710 -0.822 6  1.086  337.4
2010 01 15 -0.582 -0.975 6  1.136  357.7
2010 01 16 -0.443 -1.107 6  1.193  379.3
2010 01 17 -0.296 -1.214 6  1.250  400.2
2010 01 18 -0.147 -1.295 6  1.303  418.6
2010 01 19 -0.000 -1.347 6  1.347  433.0
2010 01 20  0.140 -1.370 7  1.377  442.3
2010 01 21  0.269 -1.364 7  1.390  445.8
2010 01 22  0.383 -1.331 7  1.385  442.8
2010 01 23  0.479 -1.274 7  1.361  433.3
2010 01 24  0.556 -1.194 7  1.317  417.5
2010 01 25  0.612 -1.094 7  1.254  395.6
2010 01 26  0.647 -0.980 7  1.174  368.4
2010 01 27  0.661 -0.853 7  1.079  336.7
2010 01 28  0.655 -0.719 7  0.973  301.4
2010 01 29  0.632 -0.580 8  0.858  263.9
2010 01 30  0.594 -0.441 8  0.740  225.5
2010 01 31  0.544 -0.304 8  0.623  187.9
2010 02 01  0.484 -0.172 8  0.514  153.2
2010 02 02  0.418 -0.048 8  0.421  124.4
2010 02 03  0.349  0.067 1  0.356  105.3
2010 02 04  0.280  0.172 1  0.329   99.5
2010 02 05  0.213  0.266 2  0.341  106.1
2010 02 06  0.151  0.348 2  0.379  120.3
2010 02 07  0.095  0.418 2  0.429  137.3
2010 02 08  0.045  0.477 2  0.479  154.0
2010 02 09  0.004  0.525 2  0.525  168.9
2010 02 10 -0.028  0.563 3  0.564  181.4
2010 02 11 -0.053  0.592 3  0.595  191.1
2010 02 12 -0.070  0.613 3  0.617  198.2
2010 02 13 -0.080  0.626 3  0.631  202.7
2010 02 14 -0.084  0.632 3  0.638  204.8
2010 02 15 -0.083  0.633 3  0.638  205.0
2010 02 16 -0.078  0.628 3  0.633  203.3
2010 02 17 -0.070  0.619 3  0.623  200.1
2010 02 18 -0.060  0.606 3  0.609  195.7
2010 02 19 -0.050  0.590 3  0.592  190.2
2010 02 20 -0.038  0.570 3  0.572  183.7
2010 02 21 -0.027  0.548 3  0.549  176.5
2010 02 22 -0.016  0.524 3  0.525  168.7
2010 02 23 -0.006  0.499 3  0.499  160.4
2010 02 24  0.003  0.472 2  0.472  151.7
2010 02 25  0.011  0.444 2  0.444  142.7
2010 02 26  0.019  0.415 2  0.416  133.6
2010 02 27  0.025  0.386 2  0.387  124.5
2010 02 28  0.031  0.358 2  0.359  115.4
2010 03 01  0.036  0.330 2  0.331  106.5
2010 03 02  0.040  0.302 2  0.305   97.9
2010 03 03  0.044  0.276 2  0.279   89.6
2010 03 04  0.047  0.251 2  0.255   81.7
2010 03 05  0.050  0.227 2  0.232   74.4
2010 03 06  0.052  0.204 2  0.211   67.5
2010 03 07  0.053  0.183 2  0.191   61.0
2010 03 08  0.054  0.164 2  0.172   55.0
2010 03 09  0.055  0.145 2  0.155   49.4
2010 03 10  0.055  0.128 2  0.139   44.2
2010 03 11  0.055  0.111 2  0.124   39.2
2010 03 12  0.054  0.095 2  0.109   34.5
2010 03 13  0.053  0.079 2  0.095   29.9
2010 03 14  0.052  0.063 2  0.082   25.5
2010 03 15  0.051  0.047 1  0.069   21.3
2010 03 16  0.050  0.030 1  0.058   17.6
2010 03 17  0.049  0.012 1  0.051   15.0
2010 03 18  0.048 -0.006 8  0.049   14.4
2010 03 19  0.047 -0.026 8  0.054   16.3
2010 03 20  0.047 -0.046 8  0.066   20.2
2010 03 21  0.046 -0.067 7  0.081   25.5
2010 03 22  0.045 -0.089 7  0.100   31.6
2010 03 23  0.044 -0.112 7  0.120   38.1
2010 03 24  0.042 -0.134 7  0.140   44.9
2010 03 25  0.039 -0.157 7  0.161   51.7
2010 03 26  0.036 -0.179 7  0.182   58.4
2010 03 27  0.031 -0.200 7  0.202   64.9
2010 03 28  0.025 -0.220 7  0.221   71.0
2010 03 29  0.017 -0.238 7  0.239   76.8
2010 03 30  0.007 -0.255 7  0.255   82.0
2010 03 31 -0.005 -0.270 6  0.270   86.7
2010 04 01 -0.018 -0.282 6  0.283   91.0
2010 04 02 -0.034 -0.293 6  0.295   94.7
2010 04 03 -0.052 -0.301 6  0.305   98.0
2010 04 04 -0.071 -0.307 6  0.315  101.0
2010 04 05 -0.092 -0.311 6  0.325  103.7
2010 04 06 -0.113 -0.314 6  0.334  106.4
2010 04 07 -0.135 -0.315 6  0.343  108.9
2010 04 08 -0.155 -0.316 6  0.352  111.4
2010 04 09 -0.174 -0.316 6  0.360  113.8
2010 04 10 -0.190 -0.315 6  0.368  115.9
2010 04 11 -0.202 -0.315 6  0.374  117.5
2010 04 12 -0.209 -0.315 6  0.378  118.6
2010 04 13 -0.210 -0.315 6  0.379  118.8
2010 04 14 -0.204 -0.315 6  0.376  118.0
2010 04 15 -0.191 -0.315 6  0.369  116.0
2010 04 16 -0.169 -0.315 6  0.358  112.9
2010 04 17 -0.138 -0.314 6  0.343  108.8
2010 04 18 -0.098 -0.310 6  0.326  103.9
2010 04 19 -0.050 -0.304 6  0.308   99.0
2010 04 20  0.007 -0.295 7  0.295   94.8
2010 04 21  0.070 -0.281 7  0.289   92.6
2010 04 22  0.140 -0.261 7  0.296   93.5
2010 04 23  0.212 -0.235 7  0.317   98.2
2010 04 24  0.286 -0.202 8  0.351  106.6
2010 04 25  0.359 -0.161 8  0.394  118.1
2010 04 26  0.428 -0.113 8  0.443  131.5
2010 04 27  0.490 -0.058 8  0.493  145.7
2010 04 28  0.541  0.005 1  0.541  159.7
2010 04 29  0.579  0.073 1  0.583  172.5
2010 04 30  0.601  0.145 1  0.618  183.4
2010 05 01  0.604  0.220 1  0.643  191.9
2010 05 02  0.588  0.295 1  0.658  197.7
2010 05 03  0.550  0.368 1  0.661  200.8
2010 05 04  0.490  0.435 1  0.655  201.2
2010 05 05  0.409  0.494 2  0.642  199.7
2010 05 06  0.310  0.543 2  0.625  197.1
2010 05 07  0.193  0.578 2  0.610  194.4
2010 05 08  0.063  0.598 2  0.601  193.1
2010 05 09 -0.075  0.600 3  0.605  194.3
2010 05 10 -0.217  0.584 3  0.624  198.6
2010 05 11 -0.358  0.550 3  0.656  206.0
2010 05 12 -0.490  0.498 3  0.699  215.9
2010 05 13 -0.610  0.429 4  0.746  226.8
2010 05 14 -0.710  0.346 4  0.790  237.3
2010 05 15 -0.786  0.252 4  0.826  245.9
2010 05 16 -0.835  0.150 4  0.849  251.2
2010 05 17 -0.853  0.045 4  0.855  252.3
2010 05 18 -0.839 -0.059 5  0.841  248.4
2010 05 19 -0.793 -0.158 5  0.808  239.4
2010 05 20 -0.715 -0.247 5  0.756  225.4
2010 05 21 -0.608 -0.322 5  0.688  207.3
2010 05 22 -0.477 -0.379 5  0.610  186.4
2010 05 23 -0.327 -0.417 6  0.530  165.2
2010 05 24 -0.164 -0.432 6  0.462  147.2
2010 05 25  0.006 -0.425 7  0.425  136.7
2010 05 26  0.175 -0.396 7  0.432  137.3
2010 05 27  0.335 -0.345 7  0.481  148.8
2010 05 28  0.481 -0.277 8  0.555  167.7
2010 05 29  0.607 -0.193 8  0.637  189.5
2010 05 30  0.706 -0.099 8  0.713  210.8
2010 05 31  0.775  0.001 1  0.775  228.8
2010 06 01  0.813  0.101 1  0.819  242.1
2010 06 02  0.817  0.198 1  0.841  249.4
2010 06 03  0.789  0.285 1  0.839  250.3
2010 06 04  0.731  0.359 1  0.815  244.7
2010 06 05  0.647  0.415 1  0.769  233.0
2010 06 06  0.541  0.451 1  0.704  215.7
2010 06 07  0.419  0.465 2  0.626  194.1
2010 06 08  0.287  0.457 2  0.540  169.6
2010 06 09  0.153  0.426 2  0.452  144.2
2010 06 10  0.021  0.375 2  0.375  120.6
2010 06 11 -0.102  0.305 3  0.322  102.7
2010 06 12 -0.210  0.222 3  0.305   94.5
2010 06 13 -0.299  0.128 4  0.326   97.5
2010 06 14 -0.367  0.028 4  0.369  108.9
2010 06 15 -0.412 -0.072 5  0.419  123.9
2010 06 16 -0.433 -0.169 5  0.465  138.9
2010 06 17 -0.432 -0.257 5  0.503  151.9
2010 06 18 -0.409 -0.334 5  0.528  161.6
2010 06 19 -0.369 -0.395 6  0.541  167.4
2010 06 20 -0.315 -0.439 6  0.541  169.2
2010 06 21 -0.252 -0.465 6  0.529  166.9
2010 06 22 -0.183 -0.471 6  0.506  160.9
2010 06 23 -0.113 -0.460 6  0.473  151.5
2010 06 24 -0.045 -0.431 6  0.433  139.2
2010 06 25  0.016 -0.387 7  0.387  124.6
2010 06 26  0.068 -0.331 7  0.338  108.3
2010 06 27  0.110 -0.265 7  0.287   91.2
2010 06 28  0.140 -0.193 7  0.238   74.6
2010 06 29  0.159 -0.117 8  0.197   60.1
2010 06 30  0.167 -0.041 8  0.172   50.9
2010 07 01  0.165  0.034 1  0.169   50.0
2010 07 02  0.156  0.105 1  0.188   57.1
2010 07 03  0.141  0.171 2  0.222   69.0
2010 07 04  0.123  0.231 2  0.262   82.7
2010 07 05  0.102  0.285 2  0.302   96.4
2010 07 06  0.081  0.332 2  0.341  109.3
2010 07 07  0.060  0.372 2  0.377  121.1
2010 07 08  0.040  0.407 2  0.409  131.4
2010 07 09  0.021  0.436 2  0.437  140.4
2010 07 10  0.001  0.460 2  0.460  147.9
2010 07 11 -0.019  0.478 3  0.479  153.9
2010 07 12 -0.042  0.491 3  0.493  158.4
2010 07 13 -0.068  0.498 3  0.503  161.4
2010 07 14 -0.100  0.498 3  0.508  162.9
2010 07 15 -0.138  0.490 3  0.509  162.8
2010 07 16 -0.183  0.473 3  0.507  161.3
2010 07 17 -0.235  0.444 3  0.502  158.8
2010 07 18 -0.292  0.404 3  0.498  155.8
2010 07 19 -0.354  0.350 4  0.497  153.5
2010 07 20 -0.417  0.282 4  0.503  152.9
2010 07 21 -0.480  0.200 4  0.520  155.5
2010 07 22 -0.538  0.104 4  0.548  162.2
2010 07 23 -0.588 -0.005 5  0.588  173.6
2010 07 24 -0.626 -0.124 5  0.638  189.1
2010 07 25 -0.649 -0.251 5  0.696  207.8
2010 07 26 -0.653 -0.382 5  0.757  228.6
2010 07 27 -0.636 -0.514 5  0.817  250.0
2010 07 28 -0.596 -0.640 6  0.875  270.9
2010 07 29 -0.534 -0.757 6  0.927  290.1
2010 07 30 -0.450 -0.860 6  0.971  306.9
2010 07 31 -0.346 -0.945 6  1.006  320.5
2010 08 01 -0.226 -1.006 6  1.031  330.3
2010 08 02 -0.094 -1.042 6  1.046  336.1
2010 08 03  0.046 -1.049 7  1.050  337.5
2010 08 04  0.186 -1.027 7  1.043  334.7
2010 08 05  0.322 -0.975 7  1.027  327.6
2010 08 06  0.446 -0.896 7  1.001  316.7
2010 08 07  0.555 -0.791 7  0.966  302.5
2010 08 08  0.641 -0.665 7  0.924  285.5
2010 08 09  0.703 -0.521 8  0.875  266.7
2010 08 10  0.736 -0.367 8  0.822  247.1
2010 08 11  0.740 -0.207 8  0.768  228.2
2010 08 12  0.714 -0.047 8  0.716  211.4
2010 08 13  0.661  0.106 1  0.670  198.2
2010 08 14  0.584  0.246 1  0.634  189.7
2010 08 15  0.486  0.369 1  0.611  186.3
2010 08 16  0.374  0.470 2  0.601  187.2
2010 08 17  0.252  0.547 2  0.603  191.1
2010 08 18  0.127  0.598 2  0.611  195.9
2010 08 19  0.006  0.621 2  0.621  199.8
2010 08 20 -0.107  0.618 3  0.627  201.2
2010 08 21 -0.206  0.590 3  0.625  199.2
2010 08 22 -0.286  0.539 3  0.611  192.9
2010 08 23 -0.345  0.470 3  0.583  182.4
2010 08 24 -0.382  0.386 3  0.543  167.6
2010 08 25 -0.395  0.291 4  0.491  149.5
2010 08 26 -0.386  0.190 4  0.430  129.2
2010 08 27 -0.356  0.087 4  0.366  108.7
2010 08 28 -0.309 -0.015 5  0.310   91.4
2010 08 29 -0.249 -0.112 5  0.273   81.8
2010 08 30 -0.179 -0.201 6  0.269   83.5
2010 08 31 -0.104 -0.280 6  0.299   95.3
2010 09 01 -0.029 -0.349 6  0.350  112.5
2010 09 02  0.044 -0.405 7  0.408  131.0
2010 09 03  0.111 -0.450 7  0.464  148.5
2010 09 04  0.170 -0.484 7  0.513  163.5
2010 09 05  0.220 -0.506 7  0.552  175.2
2010 09 06  0.260 -0.518 7  0.580  183.4
2010 09 07  0.291 -0.520 7  0.596  188.0
2010 09 08  0.314 -0.512 7  0.601  189.1
2010 09 09  0.331 -0.496 7  0.596  186.9
2010 09 10  0.344 -0.469 7  0.582  181.9
2010 09 11  0.355 -0.433 7  0.560  174.3
2010 09 12  0.366 -0.386 7  0.532  164.7
2010 09 13  0.380 -0.328 8  0.501  153.8
2010 09 14  0.395 -0.257 8  0.471  143.0
2010 09 15  0.414 -0.173 8  0.448  134.2
2010 09 16  0.434 -0.075 8  0.441  130.4
2010 09 17  0.455  0.036 1  0.456  134.7
2010 09 18  0.473  0.160 1  0.500  148.9
2010 09 19  0.487  0.296 1  0.570  172.4
2010 09 20  0.492  0.441 1  0.661  203.0
2010 09 21  0.486  0.592 2  0.766  238.4
2010 09 22  0.463  0.746 2  0.878  276.2
2010 09 23  0.423  0.897 2  0.992  314.5
2010 09 24  0.362  1.041 2  1.102  351.5
2010 09 25  0.279  1.172 2  1.205  385.8
2010 09 26  0.174  1.284 2  1.296  416.0
2010 09 27  0.049  1.371 2  1.372  441.1
2010 09 28 -0.094  1.429 3  1.432  460.3
2010 09 29 -0.252  1.453 3  1.474  473.0
2010 09 30 -0.418  1.439 3  1.499  479.0
2010 10 01 -0.587  1.387 3  1.506  478.5
2010 10 02 -0.753  1.295 3  1.498  472.1
2010 10 03 -0.907  1.165 3  1.476  460.5
2010 10 04 -1.042  0.999 4  1.444  444.9
2010 10 05 -1.153  0.802 4  1.404  427.0
2010 10 06 -1.232  0.579 4  1.361  408.5
2010 10 07 -1.275  0.337 4  1.319  391.5
2010 10 08 -1.278  0.084 4  1.280  378.1
2010 10 09 -1.239 -0.172 5  1.251  369.8
2010 10 10 -1.158 -0.422 5  1.232  367.7
2010 10 11 -1.037 -0.657 5  1.227  371.9
2010 10 12 -0.879 -0.870 5  1.237  381.6
2010 10 13 -0.691 -1.053 6  1.259  395.3
2010 10 14 -0.478 -1.201 6  1.293  411.2
2010 10 15 -0.249 -1.309 6  1.332  427.3
2010 10 16 -0.012 -1.375 6  1.375  442.1
2010 10 17  0.222 -1.397 7  1.415  454.0
2010 10 18  0.445 -1.377 7  1.447  462.0
2010 10 19  0.649 -1.318 7  1.469  465.1
2010 10 20  0.825 -1.223 7  1.475  462.6
2010 10 21  0.967 -1.100 7  1.464  454.4
2010 10 22  1.070 -0.953 8  1.433  440.1
2010 10 23  1.131 -0.792 8  1.381  419.9
2010 10 24  1.150 -0.623 8  1.308  394.1
2010 10 25  1.127 -0.455 8  1.215  363.3
2010 10 26  1.065 -0.295 8  1.105  328.3
2010 10 27  0.968 -0.150 8  0.980  289.9
2010 10 28  0.844 -0.025 8  0.844  249.2
2010 10 29  0.699  0.076 1  0.703  207.6
2010 10 30  0.540  0.149 1  0.560  166.5
2010 10 31  0.377  0.194 1  0.424  127.6
2010 11 01  0.218  0.211 1  0.303   93.4
2010 11 02  0.070  0.201 2  0.213   68.0
2010 11 03 -0.059  0.169 3  0.179   57.1
2010 11 04 -0.165  0.119 4  0.203   61.9
2010 11 05 -0.243  0.055 4  0.249   73.8
2010 11 06 -0.290 -0.016 5  0.290   85.7
2010 11 07 -0.306 -0.089 5  0.318   94.6
2010 11 08 -0.291 -0.156 5  0.330   99.5
2010 11 09 -0.248 -0.214 5  0.328  100.5
2010 11 10 -0.181 -0.257 6  0.314   98.4
2010 11 11 -0.095 -0.281 6  0.297   94.7
2010 11 12  0.003 -0.284 7  0.284   91.3
2010 11 13  0.107 -0.264 7  0.285   90.6
2010 11 14  0.210 -0.221 7  0.305   94.5
2010 11 15  0.306 -0.157 8  0.344  103.5
2010 11 16  0.388 -0.074 8  0.395  116.9
2010 11 17  0.450  0.024 1  0.451  133.0
2010 11 18  0.489  0.133 1  0.507  150.5
2010 11 19  0.501  0.248 1  0.559  168.1
2010 11 20  0.485  0.364 1  0.606  184.9
2010 11 21  0.441  0.474 2  0.648  200.5
2010 11 22  0.370  0.574 2  0.683  214.5
2010 11 23  0.276  0.659 2  0.714  226.9
2010 11 24  0.161  0.724 2  0.741  237.5
2010 11 25  0.032  0.766 2  0.767  246.5
2010 11 26 -0.106  0.783 3  0.791  253.8
2010 11 27 -0.247  0.775 3  0.813  259.6
2010 11 28 -0.384  0.741 3  0.834  263.7
2010 11 29 -0.511  0.682 3  0.852  266.1
2010 11 30 -0.622  0.601 4  0.865  266.7
2010 12 01 -0.713  0.502 4  0.872  265.2
2010 12 02 -0.779  0.387 4  0.870  261.6
2010 12 03 -0.818  0.263 4  0.860  256.0
2010 12 04 -0.828  0.134 4  0.839  248.3
2010 12 05 -0.810  0.006 4  0.810  239.0
2010 12 06 -0.763 -0.118 5  0.772  228.4
2010 12 07 -0.691 -0.232 5  0.729  217.2
2010 12 08 -0.597 -0.332 5  0.683  206.1
2010 12 09 -0.486 -0.415 5  0.639  196.0
2010 12 10 -0.363 -0.478 6  0.601  187.5
2010 12 11 -0.233 -0.521 6  0.571  181.1
2010 12 12 -0.102 -0.542 6  0.551  176.8
2010 12 13  0.024 -0.541 7  0.542  174.1
2010 12 14  0.140 -0.521 7  0.539  172.4
2010 12 15  0.242 -0.482 7  0.540  170.7
2010 12 16  0.326 -0.429 7  0.538  168.1
2010 12 17  0.388 -0.363 8  0.532  163.6
2010 12 18  0.428 -0.289 8  0.517  156.9
2010 12 19  0.445 -0.210 8  0.492  147.7
2010 12 20  0.438 -0.130 8  0.457  136.0
2010 12 21  0.410 -0.052 8  0.413  122.2
2010 12 22  0.363  0.020 1  0.363  107.2
2010 12 23  0.299  0.085 1  0.311   92.4
2010 12 24  0.223  0.140 1  0.263   79.7
2010 12 25  0.138  0.183 2  0.230   71.7
2010 12 26  0.050  0.214 2  0.220   70.5
2010 12 27 -0.038  0.233 3  0.236   75.9
2010 12 28 -0.122  0.240 3  0.270   85.3
2010 12 29 -0.198  0.236 3  0.309   95.9
2010 12 30 -0.263  0.223 4  0.345  105.7
2010 12 31 -0.314  0.202 4  0.373  113.1
2011 01 01 -0.350  0.174 4  0.391  117.5
2011 01 02 -0.369  0.143 4  0.396  118.3
2011 01 03 -0.372  0.110 4  0.388  115.4
2011 01 04 -0.359  0.077 4  0.367  108.9
2011 01 05 -0.332  0.045 4  0.335   99.0
2011 01 06 -0.292  0.016 4  0.292   86.3
2011 01 07 -0.242 -0.010 5  0.242   71.4
2011 01 08 -0.184 -0.031 5  0.187   55.3
2011 01 09 -0.122 -0.047 5  0.131   39.2
2011 01 10 -0.059 -0.059 5  0.083   25.7
2011 01 11  0.003 -0.067 7  0.067   21.5
2011 01 12  0.061 -0.072 7  0.094   29.3
2011 01 13  0.113 -0.074 8  0.135   41.0
2011 01 14  0.157 -0.075 8  0.174   52.3
2011 01 15  0.192 -0.076 8  0.207   61.8
2011 01 16  0.218 -0.078 8  0.231   68.9
2011 01 17  0.233 -0.081 8  0.247   73.6
2011 01 18  0.239 -0.086 8  0.255   75.9
2011 01 19  0.237 -0.094 8  0.255   76.3
2011 01 20  0.228 -0.104 8  0.251   75.1
2011 01 21  0.214 -0.115 8  0.243   73.1
2011 01 22  0.195 -0.128 8  0.234   70.9
2011 01 23  0.175 -0.142 8  0.225   68.8
2011 01 24  0.154 -0.155 7  0.218   67.4
2011 01 25  0.135 -0.165 7  0.213   66.4
2011 01 26  0.118 -0.172 7  0.209   65.5
2011 01 27  0.105 -0.175 7  0.204   64.2
2011 01 28  0.096 -0.171 7  0.196   61.9
2011 01 29  0.092 -0.161 7  0.185   58.3
2011 01 30  0.091 -0.142 7  0.169   53.1
2011 01 31  0.094 -0.116 7  0.149   46.5
2011 02 01  0.100 -0.082 8  0.129   39.4
2011 02 02  0.106 -0.040 8  0.114   33.9
2011 02 03  0.113  0.009 1  0.113   33.5
2011 02 04  0.118  0.063 1  0.134   40.2
2011 02 05  0.120  0.120 1  0.170   52.4
2011 02 06  0.119  0.179 2  0.215   67.3
2011 02 07  0.112  0.237 2  0.262   83.0
2011 02 08  0.099  0.292 2  0.308   98.4
2011 02 09  0.080  0.342 2  0.351  112.4
2011 02 10  0.055  0.383 2  0.387  124.4
2011 02 11  0.025  0.415 2  0.416  133.8
2011 02 12 -0.010  0.435 3  0.436  140.1
2011 02 13 -0.049  0.443 3  0.445  143.1
2011 02 14 -0.090  0.436 3  0.445  142.6
2011 02 15 -0.130  0.415 3  0.435  138.8
2011 02 16 -0.169  0.380 3  0.416  131.9
2011 02 17 -0.203  0.332 3  0.389  122.5
2011 02 18 -0.231  0.273 3  0.358  111.2
2011 02 19 -0.251  0.204 4  0.324   99.1
2011 02 20 -0.262  0.129 4  0.292   87.8
2011 02 21 -0.262  0.050 4  0.267   78.9
2011 02 22 -0.250 -0.030 5  0.252   74.4
2011 02 23 -0.226 -0.107 5  0.250   75.2
2011 02 24 -0.191 -0.179 5  0.261   80.4
2011 02 25 -0.145 -0.241 6  0.281   88.4
2011 02 26 -0.089 -0.291 6  0.304   97.2
2011 02 27 -0.027 -0.327 6  0.328  105.4
2011 02 28  0.041 -0.346 7  0.349  112.0
2011 03 01  0.110 -0.349 7  0.366  116.7
2011 03 02  0.177 -0.333 7  0.378  119.3
2011 03 03  0.240 -0.301 7  0.385  120.0
2011 03 04  0.296 -0.253 8  0.389  119.2
2011 03 05  0.340 -0.191 8  0.390  117.6
2011 03 06  0.371 -0.117 8  0.389  115.8
2011 03 07  0.387 -0.036 8  0.388  114.7
2011 03 08  0.385  0.050 1  0.389  114.9
2011 03 09  0.366  0.135 1  0.391  116.6
2011 03 10  0.330  0.217 1  0.395  119.8
2011 03 11  0.277  0.291 2  0.401  124.2
2011 03 12  0.209  0.353 2  0.410  129.2
2011 03 13  0.128  0.401 2  0.421  134.2
2011 03 14  0.038  0.431 2  0.432  139.0
2011 03 15 -0.058  0.442 3  0.446  143.1
2011 03 16 -0.157  0.433 3  0.460  146.7
2011 03 17 -0.254  0.404 3  0.477  149.9
2011 03 18 -0.345  0.355 3  0.495  153.0
2011 03 19 -0.428  0.288 4  0.516  156.6
2011 03 20 -0.498  0.206 4  0.538  161.1
2011 03 21 -0.552  0.111 4  0.563  166.8
2011 03 22 -0.589  0.007 4  0.589  174.0
2011 03 23 -0.608 -0.103 5  0.616  182.4
2011 03 24 -0.607 -0.213 5  0.643  191.8
2011 03 25 -0.586 -0.321 5  0.668  201.5
2011 03 26 -0.547 -0.423 5  0.691  211.1
2011 03 27 -0.491 -0.514 6  0.711  219.9
2011 03 28 -0.420 -0.593 6  0.727  227.5
2011 03 29 -0.336 -0.657 6  0.738  233.4
2011 03 30 -0.241 -0.704 6  0.744  237.4
2011 03 31 -0.140 -0.733 6  0.746  239.3
2011 04 01 -0.035 -0.744 6  0.744  239.4
2011 04 02  0.071 -0.736 7  0.739  237.6
2011 04 03  0.175 -0.711 7  0.732  234.5
2011 04 04  0.275 -0.671 7  0.725  230.4
2011 04 05  0.368 -0.616 7  0.717  225.8
2011 04 06  0.453 -0.548 7  0.711  221.3
2011 04 07  0.527 -0.471 8  0.707  217.2
2011 04 08  0.590 -0.386 8  0.705  213.9
2011 04 09  0.641 -0.295 8  0.706  211.7
2011 04 10  0.679 -0.201 8  0.708  210.5
2011 04 11  0.703 -0.106 8  0.711  210.2
2011 04 12  0.713 -0.011 8  0.713  210.5
2011 04 13  0.709  0.082 1  0.714  211.1
2011 04 14  0.692  0.171 1  0.713  211.6
2011 04 15  0.661  0.255 1  0.709  211.8
2011 04 16  0.618  0.333 1  0.702  211.4
2011 04 17  0.561  0.404 1  0.691  210.5
2011 04 18  0.492  0.468 1  0.679  209.1
2011 04 19  0.412  0.522 2  0.665  207.4
2011 04 20  0.322  0.567 2  0.653  205.8
2011 04 21  0.224  0.602 2  0.643  204.6
2011 04 22  0.118  0.627 2  0.638  204.5
2011 04 23  0.006  0.640 2  0.640  205.9
2011 04 24 -0.109  0.642 3  0.651  209.0
2011 04 25 -0.225  0.633 3  0.671  214.0
2011 04 26 -0.338  0.612 3  0.699  220.6
2011 04 27 -0.448  0.579 3  0.732  228.3
2011 04 28 -0.550  0.535 4  0.767  236.5
2011 04 29 -0.641  0.481 4  0.802  244.4
2011 04 30 -0.720  0.417 4  0.832  251.2
2011 05 01 -0.782  0.344 4  0.854  256.0
2011 05 02 -0.826  0.265 4  0.867  258.1
2011 05 03 -0.849  0.180 4  0.867  257.1
2011 05 04 -0.849  0.091 4  0.854  252.4
2011 05 05 -0.826  0.001 4  0.826  243.9
2011 05 06 -0.779 -0.088 5  0.784  231.7
2011 05 07 -0.708 -0.173 5  0.729  216.3
2011 05 08 -0.614 -0.253 5  0.664  198.5
2011 05 09 -0.497 -0.324 5  0.594  180.1
2011 05 10 -0.362 -0.385 6  0.528  163.5
2011 05 11 -0.209 -0.433 6  0.481  152.4
2011 05 12 -0.044 -0.466 6  0.468  150.5
2011 05 13  0.129 -0.483 7  0.500  160.0
2011 05 14  0.307 -0.482 7  0.572  179.6
2011 05 15  0.482 -0.464 8  0.669  206.2
2011 05 16  0.651 -0.427 8  0.779  236.2
2011 05 17  0.808 -0.372 8  0.889  266.7
2011 05 18  0.946 -0.300 8  0.993  295.5
2011 05 19  1.062 -0.213 8  1.083  320.9
2011 05 20  1.150 -0.114 8  1.156  341.4
2011 05 21  1.206 -0.005 8  1.206  356.1
2011 05 22  1.228  0.111 1  1.233  364.3
2011 05 23  1.214  0.230 1  1.235  365.7
2011 05 24  1.161  0.347 1  1.212  360.5
2011 05 25  1.071  0.459 1  1.166  349.0
2011 05 26  0.946  0.561 1  1.100  332.5
2011 05 27  0.788  0.649 1  1.021  312.5
2011 05 28  0.601  0.720 2  0.938  291.7
2011 05 29  0.390  0.770 2  0.863  273.0
2011 05 30  0.162  0.796 2  0.812  260.4
2011 05 31 -0.077  0.796 3  0.800  257.1
2011 06 01 -0.319  0.770 3  0.834  264.9
2011 06 02 -0.556  0.717 3  0.907  283.1
2011 06 03 -0.782  0.638 4  1.009  308.7
2011 06 04 -0.987  0.534 4  1.123  338.3
2011 06 05 -1.167  0.409 4  1.237  368.7
2011 06 06 -1.315  0.265 4  1.341  397.4
2011 06 07 -1.426  0.107 4  1.430  422.3
2011 06 08 -1.496 -0.060 5  1.498  442.1
2011 06 09 -1.524 -0.231 5  1.542  456.0
2011 06 10 -1.509 -0.401 5  1.562  463.8
2011 06 11 -1.452 -0.563 5  1.558  465.4
2011 06 12 -1.355 -0.714 5  1.532  461.2
2011 06 13 -1.222 -0.847 5  1.487  452.1
2011 06 14 -1.058 -0.959 5  1.428  439.0
2011 06 15 -0.869 -1.046 6  1.360  423.1
2011 06 16 -0.662 -1.105 6  1.288  405.6
2011 06 17 -0.443 -1.135 6  1.218  387.7
2011 06 18 -0.219 -1.135 6  1.156  370.6
2011 06 19  0.001 -1.104 7  1.104  355.1
2011 06 20  0.213 -1.045 7  1.067  342.0
2011 06 21  0.408 -0.960 7  1.043  331.4
2011 06 22  0.583 -0.851 7  1.032  323.3
2011 06 23  0.734 -0.722 8  1.029  317.4
2011 06 24  0.857 -0.576 8  1.033  313.5
2011 06 25  0.950 -0.419 8  1.039  311.2
2011 06 26  1.014 -0.256 8  1.045  310.2
2011 06 27  1.047 -0.089 8  1.051  310.4
2011 06 28  1.052  0.076 1  1.055  311.5
2011 06 29  1.031  0.235 1  1.058  313.6
2011 06 30  0.987  0.386 1  1.059  316.5
2011 07 01  0.922  0.523 1  1.060  320.0
2011 07 02  0.841  0.646 1  1.060  323.7
2011 07 03  0.747  0.753 2  1.060  327.3
2011 07 04  0.643  0.840 2  1.058  330.2
2011 07 05  0.533  0.909 2  1.054  332.0
2011 07 06  0.420  0.959 2  1.047  332.3
2011 07 07  0.306  0.989 2  1.035  330.5
2011 07 08  0.194  0.999 2  1.018  326.4
2011 07 09  0.085  0.992 2  0.995  319.9
2011 07 10 -0.019  0.966 3  0.967  310.8
2011 07 11 -0.118  0.925 3  0.932  299.3
2011 07 12 -0.210  0.867 3  0.892  285.7
2011 07 13 -0.295  0.796 3  0.849  270.3
2011 07 14 -0.373  0.711 3  0.803  253.8
2011 07 15 -0.442  0.615 3  0.757  236.9
2011 07 16 -0.503  0.508 3  0.715  220.7
2011 07 17 -0.554  0.393 4  0.679  206.6
2011 07 18 -0.595  0.270 4  0.654  196.0
2011 07 19 -0.625  0.142 4  0.641  190.2
2011 07 20 -0.644  0.011 4  0.644  190.0
2011 07 21 -0.649 -0.122 5  0.660  195.6
2011 07 22 -0.641 -0.254 5  0.689  206.0
2011 07 23 -0.618 -0.382 5  0.727  219.9
2011 07 24 -0.581 -0.503 5  0.769  235.8
2011 07 25 -0.530 -0.616 6  0.812  252.3
2011 07 26 -0.464 -0.716 6  0.853  267.9
2011 07 27 -0.385 -0.802 6  0.890  281.9
2011 07 28 -0.295 -0.871 6  0.920  293.3
2011 07 29 -0.196 -0.921 6  0.941  301.6
2011 07 30 -0.090 -0.949 6  0.954  306.4
2011 07 31  0.019 -0.956 7  0.956  307.5
2011 08 01  0.128 -0.940 7  0.949  304.6
2011 08 02  0.233 -0.901 7  0.931  297.9
2011 08 03  0.330 -0.841 7  0.904  287.6
2011 08 04  0.417 -0.761 7  0.868  274.0
2011 08 05  0.488 -0.664 7  0.824  257.6
2011 08 06  0.543 -0.552 7  0.774  239.2
2011 08 07  0.579 -0.429 8  0.720  219.6
2011 08 08  0.594 -0.299 8  0.665  199.9
2011 08 09  0.588 -0.167 8  0.611  181.5
2011 08 10  0.561 -0.035 8  0.562  166.0
2011 08 11  0.516  0.090 1  0.523  154.9
2011 08 12  0.453  0.206 1  0.498  149.3
2011 08 13  0.377  0.309 1  0.487  149.2
2011 08 14  0.290  0.397 2  0.491  153.6
2011 08 15  0.197  0.466 2  0.506  160.7
2011 08 16  0.101  0.516 2  0.526  168.7
2011 08 17  0.007  0.547 2  0.547  176.0
2011 08 18 -0.082  0.559 3  0.565  181.3
2011 08 19 -0.161  0.552 3  0.575  183.8
2011 08 20 -0.230  0.529 3  0.577  183.1
2011 08 21 -0.284  0.492 3  0.568  179.1
2011 08 22 -0.323  0.444 3  0.549  171.7
2011 08 23 -0.347  0.388 3  0.521  161.4
2011 08 24 -0.356  0.327 4  0.483  148.6
2011 08 25 -0.351  0.264 4  0.439  134.0
2011 08 26 -0.334  0.203 4  0.391  118.2
2011 08 27 -0.308  0.145 4  0.340  102.1
2011 08 28 -0.274  0.093 4  0.290   86.3
2011 08 29 -0.237  0.049 4  0.242   71.6
2011 08 30 -0.198  0.014 4  0.198   58.6
2011 08 31 -0.161 -0.013 5  0.161   47.6
2011 09 01 -0.127 -0.030 5  0.131   38.8
2011 09 02 -0.100 -0.039 5  0.107   32.0
2011 09 03 -0.079 -0.041 5  0.089   26.8
2011 09 04 -0.067 -0.036 5  0.076   23.0
2011 09 05 -0.063 -0.027 5  0.068   20.5
2011 09 06 -0.067 -0.015 5  0.068   20.3
2011 09 07 -0.078 -0.001 5  0.078   22.9
2011 09 08 -0.094  0.013 4  0.095   28.1
2011 09 09 -0.115  0.025 4  0.118   34.9
2011 09 10 -0.138  0.035 4  0.143   42.3
2011 09 11 -0.162  0.040 4  0.167   49.5
2011 09 12 -0.184  0.042 4  0.189   56.1
2011 09 13 -0.204  0.038 4  0.208   61.6
2011 09 14 -0.220  0.030 4  0.222   65.7
2011 09 15 -0.231  0.016 4  0.231   68.3
2011 09 16 -0.236 -0.004 5  0.236   69.6
2011 09 17 -0.235 -0.028 5  0.237   70.0
2011 09 18 -0.229 -0.057 5  0.235   69.9
2011 09 19 -0.216 -0.090 5  0.234   70.2
2011 09 20 -0.199 -0.128 5  0.237   71.8
2011 09 21 -0.178 -0.170 5  0.246   75.7
2011 09 22 -0.152 -0.215 6  0.263   82.4
2011 09 23 -0.124 -0.263 6  0.291   92.1
2011 09 24 -0.092 -0.314 6  0.327  104.4
2011 09 25 -0.059 -0.366 6  0.371  119.0
2011 09 26 -0.022 -0.420 6  0.420  135.2
2011 09 27  0.016 -0.474 7  0.474  152.5
2011 09 28  0.057 -0.527 7  0.530  170.3
2011 09 29  0.102 -0.578 7  0.587  188.4
2011 09 30  0.150 -0.626 7  0.643  206.0
2011 10 01  0.202 -0.668 7  0.698  223.0
2011 10 02  0.259 -0.703 7  0.749  238.7
2011 10 03  0.321 -0.729 7  0.797  252.9
2011 10 04  0.388 -0.744 7  0.839  265.2
2011 10 05  0.460 -0.745 7  0.875  275.3
2011 10 06  0.537 -0.730 7  0.906  283.3
2011 10 07  0.616 -0.699 7  0.932  289.1
2011 10 08  0.697 -0.649 8  0.952  293.0
2011 10 09  0.778 -0.579 8  0.970  295.6
2011 10 10  0.855 -0.488 8  0.985  297.3
2011 10 11  0.927 -0.378 8  1.001  299.3
2011 10 12  0.988 -0.249 8  1.019  302.5
2011 10 13  1.037 -0.101 8  1.042  308.0
2011 10 14  1.070  0.062 1  1.072  316.5
2011 10 15  1.083  0.237 1  1.109  328.6
2011 10 16  1.073  0.420 1  1.152  344.3
2011 10 17  1.037  0.607 1  1.202  363.2
2011 10 18  0.974  0.793 1  1.256  384.4
2011 10 19  0.883  0.972 2  1.313  407.1
2011 10 20  0.763  1.139 2  1.371  430.0
2011 10 21  0.616  1.287 2  1.427  452.1
2011 10 22  0.443  1.412 2  1.480  472.5
2011 10 23  0.249  1.507 2  1.528  490.3
2011 10 24  0.037  1.570 2  1.570  504.9
2011 10 25 -0.186  1.595 3  1.606  516.0
2011 10 26 -0.415  1.582 3  1.635  523.2
2011 10 27 -0.642  1.528 3  1.657  526.6
2011 10 28 -0.860  1.434 3  1.672  526.3
2011 10 29 -1.061  1.301 3  1.679  522.6
2011 10 30 -1.238  1.133 4  1.678  516.0
2011 10 31 -1.384  0.934 4  1.670  507.1
2011 11 01 -1.494  0.709 4  1.654  496.4
2011 11 02 -1.562  0.466 4  1.630  484.7
2011 11 03 -1.584  0.212 4  1.599  472.6
2011 11 04 -1.560 -0.045 5  1.561  460.8
2011 11 05 -1.489 -0.296 5  1.518  449.7
2011 11 06 -1.373 -0.532 5  1.472  439.8
2011 11 07 -1.214 -0.747 5  1.426  431.5
2011 11 08 -1.019 -0.932 5  1.381  424.6
2011 11 09 -0.794 -1.081 6  1.341  419.3
2011 11 10 -0.547 -1.189 6  1.309  415.2
2011 11 11 -0.287 -1.254 6  1.286  411.9
2011 11 12 -0.023 -1.272 6  1.272  409.0
2011 11 13  0.235 -1.244 7  1.266  406.1
2011 11 14  0.478 -1.172 7  1.266  402.5
2011 11 15  0.695 -1.060 7  1.268  398.0
2011 11 16  0.881 -0.913 7  1.268  392.1
2011 11 17  1.027 -0.737 8  1.264  384.7
2011 11 18  1.129 -0.539 8  1.251  375.7
2011 11 19  1.184 -0.329 8  1.229  365.3
2011 11 20  1.192 -0.115 8  1.197  353.7
2011 11 21  1.152  0.094 1  1.155  341.2
2011 11 22  1.067  0.289 1  1.106  328.5
2011 11 23  0.944  0.464 1  1.052  316.0
2011 11 24  0.788  0.610 1  0.996  304.2
2011 11 25  0.606  0.724 2  0.944  293.5
2011 11 26  0.408  0.800 2  0.898  284.1
2011 11 27  0.203  0.837 2  0.862  275.9
2011 11 28 -0.000  0.835 3  0.835  268.6
2011 11 29 -0.192  0.795 3  0.818  261.9
2011 11 30 -0.365  0.720 3  0.807  255.2
2011 12 01 -0.511  0.614 3  0.799  248.4
2011 12 02 -0.625  0.483 4  0.790  241.2
2011 12 03 -0.703  0.335 4  0.779  233.7
2011 12 04 -0.743  0.175 4  0.763  226.4
2011 12 05 -0.744  0.013 4  0.744  219.7
2011 12 06 -0.709 -0.146 5  0.724  214.4
2011 12 07 -0.640 -0.293 5  0.704  211.0
2011 12 08 -0.542 -0.422 5  0.687  209.9
2011 12 09 -0.422 -0.529 6  0.677  210.9
2011 12 10 -0.287 -0.609 6  0.673  213.3
2011 12 11 -0.144 -0.659 6  0.674  216.1
2011 12 12 -0.001 -0.679 6  0.679  218.2
2011 12 13  0.134 -0.668 7  0.681  218.4
2011 12 14  0.254 -0.629 7  0.678  215.7
2011 12 15  0.354 -0.564 7  0.666  209.4
2011 12 16  0.428 -0.479 7  0.642  199.1
2011 12 17  0.473 -0.377 8  0.605  184.8
2011 12 18  0.487 -0.264 8  0.554  167.0
2011 12 19  0.469 -0.148 8  0.492  146.5
2011 12 20  0.422 -0.033 8  0.423  125.0
2011 12 21  0.347  0.075 1  0.355  105.3
2011 12 22  0.250  0.170 1  0.302   91.7
2011 12 23  0.134  0.247 2  0.281   88.8
2011 12 24  0.007  0.304 2  0.304   97.8
2011 12 25 -0.126  0.338 3  0.360  114.8
2011 12 26 -0.258  0.347 3  0.432  134.9
2011 12 27 -0.381  0.331 4  0.505  154.9
2011 12 28 -0.490  0.292 4  0.571  172.5
2011 12 29 -0.580  0.232 4  0.625  186.8
2011 12 30 -0.646  0.153 4  0.664  197.0
2011 12 31 -0.686  0.061 4  0.688  203.3
2012 01 01 -0.696 -0.042 5  0.697  205.8
2012 01 02 -0.676 -0.148 5  0.692  205.2
2012 01 03 -0.628 -0.255 5  0.677  202.6
2012 01 04 -0.552 -0.355 5  0.657  199.1
2012 01 05 -0.453 -0.446 5  0.635  196.0
2012 01 06 -0.334 -0.521 6  0.619  194.5
2012 01 07 -0.200 -0.579 6  0.612  195.3
2012 01 08 -0.056 -0.615 6  0.618  198.5
2012 01 09  0.091 -0.629 7  0.635  203.9
2012 01 10  0.237 -0.618 7  0.662  210.7
2012 01 11  0.375 -0.583 7  0.693  217.8
2012 01 12  0.500 -0.526 7  0.726  224.4
2012 01 13  0.608 -0.446 8  0.754  229.9
2012 01 14  0.695 -0.349 8  0.777  233.7
2012 01 15  0.757 -0.235 8  0.793  236.0
2012 01 16  0.793 -0.110 8  0.801  236.8
2012 01 17  0.802  0.022 1  0.802  236.7
2012 01 18  0.782  0.157 1  0.798  236.3
2012 01 19  0.736  0.289 1  0.790  236.2
2012 01 20  0.664  0.416 1  0.783  237.1
2012 01 21  0.569  0.531 1  0.778  239.5
2012 01 22  0.454  0.632 2  0.778  243.4
2012 01 23  0.324  0.714 2  0.784  248.7
2012 01 24  0.182  0.774 2  0.796  254.8
2012 01 25  0.034  0.811 2  0.812  261.1
2012 01 26 -0.117  0.823 3  0.832  267.0
2012 01 27 -0.265  0.809 3  0.851  271.7
2012 01 28 -0.405  0.770 3  0.870  274.8
2012 01 29 -0.533  0.705 3  0.884  275.9
2012 01 30 -0.644  0.618 4  0.893  275.0
2012 01 31 -0.736  0.510 4  0.895  272.1
2012 02 01 -0.804  0.385 4  0.891  267.7
2012 02 02 -0.847  0.247 4  0.882  262.2
2012 02 03 -0.862  0.099 4  0.868  256.4
2012 02 04 -0.849 -0.053 5  0.851  251.2
2012 02 05 -0.808 -0.205 5  0.833  247.4
2012 02 06 -0.739 -0.351 5  0.818  245.7
2012 02 07 -0.645 -0.487 5  0.808  246.6
2012 02 08 -0.527 -0.609 6  0.806  250.2
2012 02 09 -0.389 -0.712 6  0.812  256.3
2012 02 10 -0.235 -0.793 6  0.827  264.3
2012 02 11 -0.069 -0.849 6  0.852  273.7
2012 02 12  0.104 -0.877 7  0.883  283.6
2012 02 13  0.278 -0.876 7  0.919  293.5
2012 02 14  0.450 -0.847 7  0.959  302.9
2012 02 15  0.612 -0.789 7  0.998  311.4
2012 02 16  0.760 -0.704 8  1.036  318.7
2012 02 17  0.890 -0.594 8  1.070  324.9
2012 02 18  0.997 -0.463 8  1.099  329.8
2012 02 19  1.078 -0.314 8  1.123  333.8
2012 02 20  1.129 -0.152 8  1.139  336.9
2012 02 21  1.150  0.019 1  1.150  339.4
2012 02 22  1.138  0.192 1  1.154  341.6
2012 02 23  1.095  0.364 1  1.154  343.8
2012 02 24  1.021  0.530 1  1.151  346.3
2012 02 25  0.919  0.684 1  1.145  349.2
2012 02 26  0.791  0.822 2  1.141  352.7
2012 02 27  0.641  0.941 2  1.139  356.9
2012 02 28  0.473  1.038 2  1.141  361.8
2012 02 29  0.293  1.110 2  1.148  367.3
2012 03 01  0.105  1.156 2  1.161  373.2
2012 03 02 -0.086  1.176 3  1.179  379.1
2012 03 03 -0.274  1.170 3  1.201  384.7
2012 03 04 -0.455  1.138 3  1.225  389.7
2012 03 05 -0.624  1.082 3  1.249  393.7
2012 03 06 -0.777  1.005 3  1.270  396.2
2012 03 07 -0.911  0.908 4  1.286  396.9
2012 03 08 -1.022  0.796 4  1.296  395.7
2012 03 09 -1.110  0.671 4  1.297  392.3
2012 03 10 -1.172  0.537 4  1.289  386.7
2012 03 11 -1.209  0.396 4  1.272  378.8
2012 03 12 -1.220  0.252 4  1.245  369.0
2012 03 13 -1.205  0.108 4  1.210  357.5
2012 03 14 -1.167 -0.034 5  1.168  344.8
2012 03 15 -1.108 -0.171 5  1.121  331.5
2012 03 16 -1.028 -0.300 5  1.071  318.3
2012 03 17 -0.930 -0.422 5  1.021  306.2
2012 03 18 -0.818 -0.533 5  0.976  296.0
2012 03 19 -0.693 -0.633 5  0.938  288.4
2012 03 20 -0.558 -0.720 6  0.911  284.3
2012 03 21 -0.417 -0.795 6  0.898  283.8
2012 03 22 -0.271 -0.857 6  0.899  286.9
2012 03 23 -0.124 -0.905 6  0.913  293.2
2012 03 24  0.022 -0.938 7  0.939  301.8
2012 03 25  0.165 -0.958 7  0.972  311.9
2012 03 26  0.302 -0.964 7  1.010  322.5
2012 03 27  0.431 -0.956 7  1.049  332.7
2012 03 28  0.550 -0.934 7  1.084  341.5
2012 03 29  0.658 -0.899 7  1.115  348.5
2012 03 30  0.753 -0.852 7  1.137  352.9
2012 03 31  0.834 -0.793 8  1.151  354.4
2012 04 01  0.899 -0.723 8  1.154  352.8
2012 04 02  0.947 -0.644 8  1.145  347.9
2012 04 03  0.978 -0.557 8  1.125  339.6
2012 04 04  0.992 -0.462 8  1.094  328.3
2012 04 05  0.988 -0.363 8  1.052  314.1
2012 04 06  0.967 -0.261 8  1.001  297.5
2012 04 07  0.930 -0.158 8  0.943  279.0
2012 04 08  0.877 -0.055 8  0.878  259.4
2012 04 09  0.810  0.045 1  0.811  239.4
2012 04 10  0.730  0.141 1  0.743  220.2
2012 04 11  0.639  0.230 1  0.679  202.6
2012 04 12  0.540  0.311 1  0.623  188.0
2012 04 13  0.433  0.383 1  0.578  177.4
2012 04 14  0.321  0.444 2  0.548  171.5
2012 04 15  0.207  0.495 2  0.536  170.4
2012 04 16  0.092  0.533 2  0.541  173.6
2012 04 17 -0.022  0.560 3  0.560  180.1
2012 04 18 -0.133  0.574 3  0.589  188.8
2012 04 19 -0.240  0.577 3  0.625  198.6
2012 04 20 -0.340  0.569 3  0.662  208.5
2012 04 21 -0.432  0.550 3  0.699  218.0
2012 04 22 -0.517  0.521 3  0.734  226.5
2012 04 23 -0.591  0.483 4  0.764  233.7
2012 04 24 -0.656  0.437 4  0.788  239.3
2012 04 25 -0.710  0.385 4  0.807  243.3
2012 04 26 -0.752  0.326 4  0.820  245.5
2012 04 27 -0.782  0.263 4  0.825  245.9
2012 04 28 -0.800  0.195 4  0.824  244.4
2012 04 29 -0.805  0.125 4  0.815  241.0
2012 04 30 -0.797  0.052 4  0.799  235.8
2012 05 01 -0.775 -0.021 5  0.775  228.8
2012 05 02 -0.739 -0.094 5  0.745  220.1
2012 05 03 -0.688 -0.165 5  0.708  210.0
2012 05 04 -0.624 -0.233 5  0.666  198.7
2012 05 05 -0.545 -0.297 5  0.620  187.0
2012 05 06 -0.452 -0.355 5  0.575  175.6
2012 05 07 -0.346 -0.406 6  0.533  165.7
2012 05 08 -0.228 -0.447 6  0.502  158.8
2012 05 09 -0.101 -0.478 6  0.488  156.5
2012 05 10  0.035 -0.496 7  0.498  159.9
2012 05 11  0.175 -0.501 7  0.531  169.2
2012 05 12  0.317 -0.491 7  0.584  183.5
2012 05 13  0.457 -0.465 7  0.652  201.5
2012 05 14  0.591 -0.424 8  0.728  221.6
2012 05 15  0.716 -0.368 8  0.805  242.1
2012 05 16  0.826 -0.296 8  0.878  261.8
2012 05 17  0.918 -0.212 8  0.942  279.4
2012 05 18  0.988 -0.116 8  0.995  294.1
2012 05 19  1.034 -0.011 8  1.034  305.1
2012 05 20  1.052  0.099 1  1.056  312.0
2012 05 21  1.041  0.211 1  1.062  314.6
2012 05 22  1.000  0.322 1  1.050  312.8
2012 05 23  0.930  0.428 1  1.024  307.0
2012 05 24  0.832  0.524 1  0.983  297.9
2012 05 25  0.709  0.607 1  0.934  286.3
2012 05 26  0.565  0.674 2  0.880  273.5
2012 05 27  0.404  0.722 2  0.827  261.0
2012 05 28  0.230  0.749 2  0.783  250.2
2012 05 29  0.052  0.753 2  0.755  242.7
2012 05 30 -0.127  0.734 3  0.745  239.1
2012 05 31 -0.299  0.693 3  0.755  239.7
2012 06 01 -0.458  0.631 3  0.779  243.7
2012 06 02 -0.599  0.549 4  0.812  249.9
2012 06 03 -0.716  0.452 4  0.847  256.4
2012 06 04 -0.806  0.342 4  0.875  262.0
2012 06 05 -0.865  0.224 4  0.894  265.3
2012 06 06 -0.893  0.101 4  0.898  265.5
2012 06 07 -0.887 -0.020 5  0.888  262.0
2012 06 08 -0.850 -0.137 5  0.861  254.8
2012 06 09 -0.784 -0.245 5  0.821  244.4
2012 06 10 -0.691 -0.341 5  0.770  231.5
2012 06 11 -0.576 -0.422 5  0.713  217.3
2012 06 12 -0.443 -0.484 6  0.657  203.4
2012 06 13 -0.299 -0.529 6  0.607  191.6
2012 06 14 -0.149 -0.553 6  0.573  183.4
2012 06 15  0.000 -0.559 7  0.559  179.9
2012 06 16  0.145 -0.548 7  0.566  181.2
2012 06 17  0.278 -0.520 7  0.590  186.3
2012 06 18  0.397 -0.479 7  0.622  193.4
2012 06 19  0.496 -0.427 8  0.654  200.7
2012 06 20  0.575 -0.366 8  0.682  206.6
2012 06 21  0.630 -0.301 8  0.699  209.8
2012 06 22  0.662 -0.234 8  0.702  209.5
2012 06 23  0.671 -0.167 8  0.691  205.2
2012 06 24  0.658 -0.102 8  0.666  196.9
2012 06 25  0.624 -0.042 8  0.626  184.7
2012 06 26  0.573  0.014 1  0.574  169.3
2012 06 27  0.508  0.064 1  0.512  151.4
2012 06 28  0.431  0.109 1  0.445  132.1
2012 06 29  0.347  0.149 1  0.377  112.9
2012 06 30  0.257  0.185 1  0.316   96.2
2012 07 01  0.164  0.218 2  0.273   85.1
2012 07 02  0.072  0.249 2  0.259   82.8
2012 07 03 -0.019  0.279 3  0.280   90.0
2012 07 04 -0.106  0.310 3  0.328  104.6
2012 07 05 -0.189  0.343 3  0.391  123.5
2012 07 06 -0.268  0.376 3  0.462  144.5
2012 07 07 -0.343  0.410 3  0.534  166.2
2012 07 08 -0.413  0.444 3  0.607  187.8
2012 07 09 -0.479  0.478 4  0.677  208.8
2012 07 10 -0.542  0.508 4  0.743  228.7
2012 07 11 -0.601  0.534 4  0.804  246.9
2012 07 12 -0.658  0.552 4  0.859  263.1
2012 07 13 -0.711  0.561 4  0.905  276.7
2012 07 14 -0.760  0.557 4  0.943  287.2
2012 07 15 -0.805  0.540 4  0.969  294.2
2012 07 16 -0.844  0.506 4  0.984  297.5
2012 07 17 -0.876  0.454 4  0.987  297.0
2012 07 18 -0.899  0.385 4  0.978  292.8
2012 07 19 -0.911  0.297 4  0.959  285.5
2012 07 20 -0.911  0.192 4  0.931  276.0
2012 07 21 -0.897  0.072 4  0.900  265.8
2012 07 22 -0.867 -0.062 5  0.870  256.8
2012 07 23 -0.820 -0.206 5  0.846  251.1
2012 07 24 -0.756 -0.357 5  0.836  251.0
2012 07 25 -0.674 -0.510 5  0.845  257.8
2012 07 26 -0.574 -0.661 6  0.876  271.9
2012 07 27 -0.458 -0.805 6  0.926  292.1
2012 07 28 -0.327 -0.938 6  0.993  316.7
2012 07 29 -0.183 -1.055 6  1.071  343.6
2012 07 30 -0.029 -1.153 6  1.153  370.8
2012 07 31  0.132 -1.227 7  1.234  396.6
2012 08 01  0.297 -1.276 7  1.310  419.6
2012 08 02  0.462 -1.297 7  1.377  438.8
2012 08 03  0.624 -1.289 7  1.432  453.5
2012 08 04  0.779 -1.251 7  1.474  463.3
2012 08 05  0.924 -1.184 7  1.502  468.3
2012 08 06  1.055 -1.090 7  1.517  468.8
2012 08 07  1.169 -0.970 8  1.519  465.3
2012 08 08  1.265 -0.828 8  1.512  458.6
2012 08 09  1.340 -0.666 8  1.496  449.8
2012 08 10  1.393 -0.488 8  1.476  440.0
2012 08 11  1.422 -0.299 8  1.453  430.5
2012 08 12  1.426 -0.103 8  1.430  422.3
2012 08 13  1.407  0.095 1  1.410  416.3
2012 08 14  1.363  0.291 1  1.394  413.0
2012 08 15  1.296  0.480 1  1.382  412.4
2012 08 16  1.206  0.659 1  1.374  414.2
2012 08 17  1.095  0.823 1  1.370  417.7
2012 08 18  0.965  0.968 2  1.367  422.0
2012 08 19  0.819  1.092 2  1.365  426.3
2012 08 20  0.657  1.192 2  1.361  429.6
2012 08 21  0.483  1.266 2  1.355  431.4
2012 08 22  0.301  1.312 2  1.346  431.2
2012 08 23  0.113  1.330 2  1.335  429.0
2012 08 24 -0.077  1.319 3  1.321  424.8
2012 08 25 -0.265  1.280 3  1.307  419.1
2012 08 26 -0.448  1.214 3  1.294  412.3
2012 08 27 -0.621  1.124 3  1.284  405.1
2012 08 28 -0.781  1.010 3  1.277  398.3
2012 08 29 -0.923  0.877 4  1.274  392.3
2012 08 30 -1.046  0.729 4  1.275  387.6
2012 08 31 -1.145  0.569 4  1.279  384.3
2012 09 01 -1.218  0.402 4  1.283  382.2
2012 09 02 -1.264  0.233 4  1.286  380.6
2012 09 03 -1.282  0.067 4  1.284  379.0
2012 09 04 -1.272 -0.092 5  1.275  376.5
2012 09 05 -1.234 -0.240 5  1.257  372.3
2012 09 06 -1.171 -0.371 5  1.228  365.6
2012 09 07 -1.085 -0.484 5  1.188  356.0
2012 09 08 -0.979 -0.574 5  1.136  343.1
2012 09 09 -0.859 -0.642 5  1.072  326.9
2012 09 10 -0.728 -0.684 5  1.000  307.7
2012 09 11 -0.592 -0.703 6  0.919  285.8
2012 09 12 -0.456 -0.699 6  0.834  261.9
2012 09 13 -0.324 -0.674 6  0.747  236.8
2012 09 14 -0.201 -0.631 6  0.662  211.4
2012 09 15 -0.091 -0.574 6  0.581  186.6
2012 09 16  0.004 -0.508 7  0.508  163.4
2012 09 17  0.080 -0.437 7  0.444  142.5
2012 09 18  0.137 -0.366 7  0.391  124.4
2012 09 19  0.176 -0.299 7  0.347  109.2
2012 09 20  0.196 -0.241 7  0.311   96.7
2012 09 21  0.200 -0.196 8  0.280   86.3
2012 09 22  0.191 -0.166 8  0.253   77.7
2012 09 23  0.173 -0.155 8  0.232   71.2
2012 09 24  0.149 -0.161 7  0.220   68.0
2012 09 25  0.124 -0.187 7  0.224   70.4
2012 09 26  0.103 -0.230 7  0.252   79.9
2012 09 27  0.090 -0.288 7  0.302   96.3
2012 09 28  0.087 -0.358 7  0.369  118.1
2012 09 29  0.099 -0.437 7  0.448  143.6
2012 09 30  0.126 -0.520 7  0.535  171.4
2012 10 01  0.170 -0.603 7  0.626  200.2
2012 10 02  0.231 -0.679 7  0.718  228.9
2012 10 03  0.307 -0.746 7  0.807  256.5
2012 10 04  0.397 -0.798 7  0.892  282.3
2012 10 05  0.498 -0.832 7  0.970  305.3
2012 10 06  0.605 -0.845 7  1.039  325.2
2012 10 07  0.714 -0.835 7  1.098  341.2
2012 10 08  0.820 -0.800 8  1.146  353.2
2012 10 09  0.920 -0.740 8  1.181  361.0
2012 10 10  1.007 -0.657 8  1.202  364.6
2012 10 11  1.078 -0.552 8  1.211  364.3
2012 10 12  1.129 -0.428 8  1.207  360.5
2012 10 13  1.157 -0.288 8  1.192  353.8
2012 10 14  1.160 -0.136 8  1.168  345.1
2012 10 15  1.137  0.024 1  1.137  335.6
2012 10 16  1.087  0.186 1  1.103  326.4
2012 10 17  1.012  0.347 1  1.070  318.8
2012 10 18  0.913  0.502 1  1.042  314.2
2012 10 19  0.794  0.647 1  1.024  313.4
2012 10 20  0.656  0.779 2  1.019  316.8
2012 10 21  0.505  0.896 2  1.028  324.4
2012 10 22  0.344  0.994 2  1.052  335.3
2012 10 23  0.178  1.072 2  1.087  348.7
2012 10 24  0.011  1.129 2  1.129  363.2
2012 10 25 -0.153  1.166 3  1.176  377.6
2012 10 26 -0.310  1.181 3  1.221  390.8
2012 10 27 -0.456  1.177 3  1.263  401.8
2012 10 28 -0.589  1.154 3  1.296  410.0
2012 10 29 -0.707  1.114 3  1.320  414.7
2012 10 30 -0.807  1.059 3  1.332  415.7
2012 10 31 -0.890  0.990 3  1.331  412.8
2012 11 01 -0.953  0.910 4  1.318  406.0
2012 11 02 -0.999  0.820 4  1.292  395.5
2012 11 03 -1.026  0.722 4  1.255  381.7
2012 11 04 -1.037  0.618 4  1.207  364.9
2012 11 05 -1.032  0.509 4  1.151  345.9
2012 11 06 -1.013  0.398 4  1.089  325.3
2012 11 07 -0.982  0.284 4  1.022  303.8
2012 11 08 -0.939  0.170 4  0.954  282.4
2012 11 09 -0.886  0.057 4  0.888  262.1
2012 11 10 -0.824 -0.054 5  0.826  243.9
2012 11 11 -0.755 -0.162 5  0.772  228.9
2012 11 12 -0.679 -0.266 5  0.730  218.0
2012 11 13 -0.598 -0.364 5  0.700  211.7
2012 11 14 -0.512 -0.454 5  0.684  210.0
2012 11 15 -0.422 -0.535 6  0.681  212.4
2012 11 16 -0.328 -0.606 6  0.689  217.7
2012 11 17 -0.232 -0.666 6  0.705  224.8
2012 11 18 -0.135 -0.712 6  0.725  232.4
2012 11 19 -0.038 -0.744 6  0.745  239.6
2012 11 20  0.058 -0.761 7  0.763  245.4
2012 11 21  0.152 -0.762 7  0.777  249.2
2012 11 22  0.241 -0.748 7  0.786  250.8
2012 11 23  0.326 -0.717 7  0.788  249.9
2012 11 24  0.403 -0.672 7  0.784  246.7
2012 11 25  0.472 -0.612 7  0.773  241.3
2012 11 26  0.531 -0.541 7  0.758  234.1
2012 11 27  0.580 -0.458 8  0.739  225.8
2012 11 28  0.617 -0.367 8  0.718  216.9
2012 11 29  0.641 -0.270 8  0.696  208.2
2012 11 30  0.653 -0.171 8  0.675  200.5
2012 12 01  0.654 -0.070 8  0.657  194.2
2012 12 02  0.642  0.029 1  0.643  189.8
2012 12 03  0.621  0.123 1  0.633  187.5
2012 12 04  0.590  0.210 1  0.627  186.9
2012 12 05  0.552  0.290 1  0.624  187.8
2012 12 06  0.509  0.360 1  0.623  189.6
2012 12 07  0.461  0.419 1  0.623  191.6
2012 12 08  0.411  0.468 2  0.623  193.3
2012 12 09  0.361  0.505 2  0.621  194.3
2012 12 10  0.311  0.532 2  0.616  194.2
2012 12 11  0.262  0.550 2  0.609  192.9
2012 12 12  0.216  0.558 2  0.598  190.3
2012 12 13  0.172  0.558 2  0.584  186.6
2012 12 14  0.130  0.553 2  0.568  181.8
2012 12 15  0.090  0.541 2  0.549  176.1
2012 12 16  0.052  0.526 2  0.528  169.7
2012 12 17  0.013  0.507 2  0.507  163.0
2012 12 18 -0.025  0.485 3  0.486  156.1
2012 12 19 -0.066  0.461 3  0.465  149.4
2012 12 20 -0.108  0.434 3  0.448  143.3
2012 12 21 -0.153  0.406 3  0.434  138.1
2012 12 22 -0.202  0.375 3  0.426  134.4
2012 12 23 -0.254  0.340 3  0.424  132.5
2012 12 24 -0.308  0.302 4  0.431  133.0
2012 12 25 -0.364  0.259 4  0.447  136.1
2012 12 26 -0.421  0.212 4  0.472  141.8
2012 12 27 -0.478  0.159 4  0.503  150.0
2012 12 28 -0.531  0.101 4  0.541  160.1
2012 12 29 -0.580  0.038 4  0.581  171.6
2012 12 30 -0.622 -0.031 5  0.623  183.8
2012 12 31 -0.655 -0.103 5  0.663  196.2
2013 01 01 -0.678 -0.178 5  0.701  208.1
2013 01 02 -0.688 -0.255 5  0.734  219.1
2013 01 03 -0.685 -0.332 5  0.761  228.7
2013 01 04 -0.668 -0.407 5  0.782  236.7
2013 01 05 -0.636 -0.478 5  0.796  242.7
2013 01 06 -0.590 -0.544 5  0.802  246.8
2013 01 07 -0.530 -0.602 6  0.802  248.9
2013 01 08 -0.458 -0.651 6  0.795  249.0
2013 01 09 -0.374 -0.689 6  0.784  247.5
2013 01 10 -0.282 -0.715 6  0.768  244.4
2013 01 11 -0.184 -0.728 6  0.751  240.2
2013 01 12 -0.081 -0.728 6  0.732  235.2
2013 01 13  0.022 -0.714 7  0.715  229.8
2013 01 14  0.125 -0.688 7  0.699  224.2
2013 01 15  0.224 -0.649 7  0.686  218.8
2013 01 16  0.317 -0.598 7  0.677  213.9
2013 01 17  0.402 -0.537 7  0.671  209.6
2013 01 18  0.477 -0.468 8  0.668  206.0
2013 01 19  0.541 -0.391 8  0.667  203.3
2013 01 20  0.592 -0.309 8  0.668  201.2
2013 01 21  0.631 -0.224 8  0.670  199.8
2013 01 22  0.657 -0.136 8  0.671  198.9
2013 01 23  0.670 -0.048 8  0.672  198.4
2013 01 24  0.670  0.038 1  0.671  198.1
2013 01 25  0.658  0.122 1  0.669  198.1
2013 01 26  0.634  0.202 1  0.665  198.1
2013 01 27  0.599  0.277 1  0.660  198.1
2013 01 28  0.555  0.347 1  0.654  198.1
2013 01 29  0.502  0.409 1  0.647  198.0
2013 01 30  0.440  0.463 2  0.639  197.7
2013 01 31  0.372  0.509 2  0.631  197.3
2013 02 01  0.299  0.547 2  0.623  196.7
2013 02 02  0.220  0.574 2  0.615  195.8
2013 02 03  0.138  0.592 2  0.608  194.7
2013 02 04  0.053  0.599 2  0.602  193.4
2013 02 05 -0.033  0.596 3  0.597  191.9
2013 02 06 -0.119  0.581 3  0.593  190.2
2013 02 07 -0.204  0.556 3  0.592  188.6
2013 02 08 -0.285  0.519 3  0.593  187.1
2013 02 09 -0.362  0.472 3  0.595  185.8
2013 02 10 -0.433  0.415 4  0.600  184.9
2013 02 11 -0.496  0.349 4  0.606  184.4
2013 02 12 -0.549  0.276 4  0.614  184.6
2013 02 13 -0.590  0.196 4  0.622  185.2
2013 02 14 -0.619  0.111 4  0.629  186.3
2013 02 15 -0.635  0.025 4  0.636  187.6
2013 02 16 -0.637 -0.062 5  0.640  189.0
2013 02 17 -0.624 -0.146 5  0.641  190.1
2013 02 18 -0.598 -0.226 5  0.639  190.7
2013 02 19 -0.558 -0.298 5  0.633  190.6
2013 02 20 -0.507 -0.361 5  0.623  189.4
2013 02 21 -0.446 -0.413 5  0.608  187.1
2013 02 22 -0.378 -0.453 6  0.590  183.4
2013 02 23 -0.304 -0.479 6  0.567  178.3
2013 02 24 -0.229 -0.491 6  0.542  171.8
2013 02 25 -0.153 -0.490 6  0.514  164.0
2013 02 26 -0.081 -0.476 6  0.483  155.1
2013 02 27 -0.014 -0.451 6  0.452  145.2
2013 02 28  0.046 -0.417 7  0.420  134.8
2013 03 01  0.097 -0.376 7  0.388  124.1
2013 03 02  0.138 -0.330 7  0.357  113.5
2013 03 03  0.168 -0.282 7  0.328  103.4
2013 03 04  0.188 -0.235 7  0.301   93.9
2013 03 05  0.200 -0.192 8  0.277   85.4
2013 03 06  0.203 -0.155 8  0.255   77.9
2013 03 07  0.201 -0.125 8  0.237   71.7
2013 03 08  0.195 -0.105 8  0.222   66.8
2013 03 09  0.189 -0.094 8  0.211   63.4
2013 03 10  0.184 -0.093 8  0.206   61.9
2013 03 11  0.183 -0.100 8  0.209   62.9
2013 03 12  0.188 -0.116 8  0.221   66.9
2013 03 13  0.201 -0.136 8  0.243   73.9
2013 03 14  0.223 -0.160 8  0.275   83.7
2013 03 15  0.255 -0.184 8  0.314   95.7
2013 03 16  0.294 -0.206 8  0.359  109.3
2013 03 17  0.342 -0.222 8  0.408  123.7
2013 03 18  0.395 -0.230 8  0.457  138.2
2013 03 19  0.452 -0.228 8  0.506  152.1
2013 03 20  0.508 -0.212 8  0.551  164.9
2013 03 21  0.562 -0.184 8  0.591  176.0
2013 03 22  0.608 -0.141 8  0.624  185.2
2013 03 23  0.645 -0.084 8  0.650  192.2
2013 03 24  0.667 -0.014 8  0.667  197.0
2013 03 25  0.673  0.066 1  0.676  199.8
2013 03 26  0.660  0.154 1  0.678  201.0
2013 03 27  0.626  0.247 1  0.673  201.1
2013 03 28  0.571  0.340 1  0.665  201.0
2013 03 29  0.495  0.431 1  0.656  201.4
2013 03 30  0.400  0.514 2  0.651  203.0
2013 03 31  0.286  0.586 2  0.652  206.4
2013 04 01  0.159  0.642 2  0.661  211.7
2013 04 02  0.020  0.680 2  0.681  218.8
2013 04 03 -0.124  0.697 3  0.708  227.2
2013 04 04 -0.269  0.692 3  0.742  236.1
2013 04 05 -0.409  0.663 3  0.779  244.9
2013 04 06 -0.540  0.610 3  0.815  252.7
2013 04 07 -0.656  0.535 4  0.846  259.0
2013 04 08 -0.752  0.440 4  0.871  263.3
2013 04 09 -0.825  0.327 4  0.888  265.3
2013 04 10 -0.871  0.202 4  0.894  265.1
2013 04 11 -0.888  0.067 4  0.890  262.9
2013 04 12 -0.874 -0.072 5  0.877  259.1
2013 04 13 -0.831 -0.209 5  0.857  254.3
2013 04 14 -0.758 -0.340 5  0.831  249.1
2013 04 15 -0.659 -0.460 5  0.804  244.3
2013 04 16 -0.536 -0.564 6  0.778  240.7
2013 04 17 -0.394 -0.647 6  0.758  238.5
2013 04 18 -0.239 -0.707 6  0.747  238.1
2013 04 19 -0.075 -0.741 6  0.745  239.4
2013 04 20  0.092 -0.748 7  0.753  242.0
2013 04 21  0.255 -0.726 7  0.769  245.3
2013 04 22  0.407 -0.677 7  0.790  248.7
2013 04 23  0.545 -0.602 7  0.812  251.7
2013 04 24  0.662 -0.504 8  0.832  253.9
2013 04 25  0.754 -0.387 8  0.847  255.0
2013 04 26  0.818 -0.254 8  0.857  254.9
2013 04 27  0.851 -0.111 8  0.859  253.9
2013 04 28  0.853  0.037 1  0.854  252.1
2013 04 29  0.823  0.185 1  0.844  250.2
2013 04 30  0.763  0.327 1  0.831  248.7
2013 05 01  0.676  0.458 1  0.817  248.0
2013 05 02  0.564  0.574 2  0.805  248.6
2013 05 03  0.433  0.671 2  0.798  250.6
2013 05 04  0.287  0.744 2  0.798  253.9
2013 05 05  0.133  0.793 2  0.804  258.1
2013 05 06 -0.022  0.816 3  0.816  262.5
2013 05 07 -0.173  0.813 3  0.831  266.3
2013 05 08 -0.314  0.784 3  0.845  268.7
2013 05 09 -0.438  0.733 3  0.854  268.8
2013 05 10 -0.541  0.661 3  0.854  265.9
2013 05 11 -0.619  0.573 4  0.843  259.5
2013 05 12 -0.668  0.473 4  0.819  249.1
2013 05 13 -0.687  0.366 4  0.778  234.5
2013 05 14 -0.675  0.258 4  0.722  215.8
2013 05 15 -0.633  0.153 4  0.651  193.2
2013 05 16 -0.563  0.056 4  0.566  167.2
2013 05 17 -0.469 -0.028 5  0.470  138.7
2013 05 18 -0.354 -0.094 5  0.367  109.0
2013 05 19 -0.226 -0.141 5  0.266   80.6
2013 05 20 -0.088 -0.166 6  0.188   59.5
2013 05 21  0.052 -0.169 7  0.176   56.4
2013 05 22  0.187 -0.148 8  0.238   72.9
2013 05 23  0.311 -0.107 8  0.329   97.9
2013 05 24  0.418 -0.047 8  0.420  124.2
2013 05 25  0.503  0.028 1  0.503  148.6
2013 05 26  0.561  0.114 1  0.572  169.6
2013 05 27  0.589  0.206 1  0.624  186.1
2013 05 28  0.586  0.298 1  0.658  197.8
2013 05 29  0.551  0.385 1  0.672  204.4
2013 05 30  0.484  0.461 1  0.669  205.9
2013 05 31  0.389  0.520 2  0.650  202.9
2013 06 01  0.270  0.558 2  0.620  196.3
2013 06 02  0.130  0.571 2  0.586  187.7
2013 06 03 -0.024  0.557 3  0.557  179.1
2013 06 04 -0.186  0.512 3  0.545  173.6
2013 06 05 -0.348  0.438 3  0.559  174.2
2013 06 06 -0.503  0.334 4  0.604  183.2
2013 06 07 -0.645  0.203 4  0.676  201.1
2013 06 08 -0.765  0.048 4  0.767  226.4
2013 06 09 -0.860 -0.126 5  0.869  257.0
2013 06 10 -0.923 -0.313 5  0.974  290.4
2013 06 11 -0.951 -0.507 5  1.077  324.6
2013 06 12 -0.941 -0.702 5  1.174  357.8
2013 06 13 -0.893 -0.889 5  1.260  388.8
2013 06 14 -0.807 -1.062 6  1.334  416.4
2013 06 15 -0.686 -1.214 6  1.394  439.7
2013 06 16 -0.533 -1.338 6  1.440  458.1
2013 06 17 -0.352 -1.429 6  1.472  471.2
2013 06 18 -0.151 -1.483 6  1.490  478.9
2013 06 19  0.064 -1.496 7  1.497  481.3
2013 06 20  0.286 -1.466 7  1.494  478.9
2013 06 21  0.506 -1.394 7  1.483  472.5
2013 06 22  0.717 -1.280 7  1.467  462.9
2013 06 23  0.911 -1.127 7  1.449  451.3
2013 06 24  1.081 -0.940 8  1.432  439.4
2013 06 25  1.220 -0.722 8  1.418  428.6
2013 06 26  1.324 -0.482 8  1.409  420.4
2013 06 27  1.388 -0.225 8  1.407  416.2
2013 06 28  1.411  0.040 1  1.411  416.6
2013 06 29  1.391  0.305 1  1.424  422.0
2013 06 30  1.328  0.563 1  1.442  431.8
2013 07 01  1.225  0.805 1  1.466  444.8
2013 07 02  1.086  1.025 1  1.493  459.8
2013 07 03  0.914  1.216 2  1.521  475.1
2013 07 04  0.716  1.373 2  1.548  489.4
2013 07 05  0.497  1.491 2  1.572  501.4
2013 07 06  0.266  1.567 2  1.589  510.0
2013 07 07  0.029  1.600 2  1.600  514.6
2013 07 08 -0.206  1.589 3  1.602  514.6
2013 07 09 -0.431  1.536 3  1.595  510.1
2013 07 10 -0.641  1.443 3  1.579  501.1
2013 07 11 -0.828  1.314 3  1.553  488.1
2013 07 12 -0.988  1.153 3  1.518  471.7
2013 07 13 -1.117  0.966 4  1.476  452.9
2013 07 14 -1.211  0.759 4  1.429  432.9
2013 07 15 -1.270  0.539 4  1.380  413.0
2013 07 16 -1.292  0.313 4  1.330  394.5
2013 07 17 -1.280  0.088 4  1.283  378.8
2013 07 18 -1.234 -0.130 5  1.241  366.7
2013 07 19 -1.160 -0.335 5  1.207  358.9
2013 07 20 -1.061 -0.522 5  1.182  355.2
2013 07 21 -0.942 -0.685 5  1.165  354.7
2013 07 22 -0.809 -0.822 6  1.154  356.3
2013 07 23 -0.669 -0.931 6  1.146  358.6
2013 07 24 -0.528 -1.009 6  1.139  359.9
2013 07 25 -0.391 -1.058 6  1.128  359.2
2013 07 26 -0.263 -1.078 6  1.110  355.3
2013 07 27 -0.151 -1.072 6  1.083  347.6
2013 07 28 -0.057 -1.043 6  1.044  335.7
2013 07 29  0.016 -0.994 7  0.994  319.6
2013 07 30  0.066 -0.930 7  0.932  299.7
2013 07 31  0.094 -0.856 7  0.861  276.8
2013 08 01  0.099 -0.777 7  0.784  251.6
2013 08 02  0.084 -0.698 7  0.703  225.7
2013 08 03  0.053 -0.622 7  0.624  200.7
2013 08 04  0.010 -0.554 7  0.554  178.3
2013 08 05 -0.041 -0.498 6  0.499  160.5
2013 08 06 -0.094 -0.454 6  0.464  148.8
2013 08 07 -0.144 -0.426 6  0.450  143.4
2013 08 08 -0.185 -0.413 6  0.452  143.5
2013 08 09 -0.213 -0.414 6  0.465  147.1
2013 08 10 -0.222 -0.427 6  0.482  152.3
2013 08 11 -0.210 -0.451 6  0.498  157.8
2013 08 12 -0.173 -0.482 6  0.512  163.3
2013 08 13 -0.112 -0.516 6  0.528  169.2
2013 08 14 -0.025 -0.548 6  0.549  176.4
2013 08 15  0.086 -0.574 7  0.580  186.3
2013 08 16  0.217 -0.589 7  0.628  199.9
2013 08 17  0.366 -0.589 7  0.693  217.9
2013 08 18  0.526 -0.569 7  0.775  240.0
2013 08 19  0.691 -0.528 8  0.870  265.5
2013 08 20  0.856 -0.463 8  0.973  293.2
2013 08 21  1.012 -0.372 8  1.078  321.8
2013 08 22  1.153 -0.256 8  1.181  350.1
2013 08 23  1.272 -0.115 8  1.277  377.2
2013 08 24  1.362  0.047 1  1.363  402.3
2013 08 25  1.418  0.227 1  1.436  425.0
2013 08 26  1.437  0.420 1  1.497  445.2
2013 08 27  1.415  0.621 1  1.546  463.1
2013 08 28  1.352  0.825 1  1.584  479.2
2013 08 29  1.247  1.024 1  1.614  493.9
2013 08 30  1.104  1.211 2  1.639  507.8
2013 08 31  0.925  1.382 2  1.663  521.5
2013 09 01  0.716  1.528 2  1.688  535.0
2013 09 02  0.484  1.647 2  1.716  548.4
2013 09 03  0.235  1.732 2  1.748  561.2
2013 09 04 -0.022  1.781 3  1.781  572.8
2013 09 05 -0.278  1.792 3  1.814  582.2
2013 09 06 -0.526  1.765 3  1.842  588.4
2013 09 07 -0.757  1.700 3  1.861  590.6
2013 09 08 -0.965  1.599 3  1.868  587.8
2013 09 09 -1.142  1.466 3  1.859  579.7
2013 09 10 -1.285  1.305 3  1.832  565.8
2013 09 11 -1.390  1.121 4  1.786  546.2
2013 09 12 -1.455  0.920 4  1.721  521.5
2013 09 13 -1.479  0.708 4  1.640  492.4
2013 09 14 -1.464  0.491 4  1.544  460.1
2013 09 15 -1.413  0.275 4  1.439  426.3
2013 09 16 -1.329  0.065 4  1.331  392.8
2013 09 17 -1.217 -0.133 5  1.224  361.8
2013 09 18 -1.083 -0.317 5  1.128  335.5
2013 09 19 -0.933 -0.482 5  1.050  315.9
2013 09 20 -0.772 -0.627 5  0.994  304.2
2013 09 21 -0.607 -0.750 6  0.965  300.3
2013 09 22 -0.443 -0.851 6  0.959  303.2
2013 09 23 -0.284 -0.931 6  0.973  310.8
2013 09 24 -0.135 -0.990 6  0.999  320.9
2013 09 25  0.002 -1.031 7  1.031  331.6
2013 09 26  0.125 -1.056 7  1.063  341.5
2013 09 27  0.232 -1.066 7  1.091  349.5
2013 09 28  0.325 -1.064 7  1.112  355.2
2013 09 29  0.402 -1.051 7  1.126  358.3
2013 09 30  0.466 -1.030 7  1.131  358.8
2013 10 01  0.519 -1.002 7  1.128  356.8
2013 10 02  0.561 -0.968 7  1.119  352.6
2013 10 03  0.596 -0.928 7  1.103  346.4
2013 10 04  0.625 -0.882 7  1.081  338.4
2013 10 05  0.648 -0.832 7  1.055  328.9
2013 10 06  0.668 -0.775 7  1.023  317.9
2013 10 07  0.685 -0.713 7  0.989  305.6
2013 10 08  0.698 -0.644 8  0.950  292.2
2013 10 09  0.708 -0.569 8  0.909  277.9
2013 10 10  0.714 -0.488 8  0.865  262.8
2013 10 11  0.715 -0.401 8  0.820  247.2
2013 10 12  0.709 -0.309 8  0.773  231.7
2013 10 13  0.696 -0.214 8  0.728  216.5
2013 10 14  0.674 -0.116 8  0.684  202.4
2013 10 15  0.643 -0.018 8  0.643  189.9
2013 10 16  0.603  0.077 1  0.608  179.6
2013 10 17  0.553  0.169 1  0.578  172.0
2013 10 18  0.494  0.253 1  0.555  167.0
2013 10 19  0.428  0.328 1  0.539  164.6
2013 10 20  0.356  0.392 2  0.529  164.0
2013 10 21  0.280  0.442 2  0.524  164.5
2013 10 22  0.202  0.479 2  0.520  165.2
2013 10 23  0.126  0.500 2  0.516  165.2
2013 10 24  0.054  0.507 2  0.510  163.8
2013 10 25 -0.012  0.499 3  0.499  160.5
2013 10 26 -0.070  0.478 3  0.483  155.0
2013 10 27 -0.117  0.445 3  0.460  147.2
2013 10 28 -0.153  0.403 3  0.431  137.2
2013 10 29 -0.177  0.354 3  0.396  125.2
2013 10 30 -0.189  0.301 3  0.355  111.7
2013 10 31 -0.190  0.247 3  0.311   97.0
2013 11 01 -0.180  0.194 3  0.264   81.9
2013 11 02 -0.163  0.144 4  0.218   66.8
2013 11 03 -0.140  0.101 4  0.172   52.5
2013 11 04 -0.114  0.065 4  0.131   39.5
2013 11 05 -0.087  0.036 4  0.095   28.3
2013 11 06 -0.063  0.017 4  0.065   19.4
2013 11 07 -0.044  0.005 4  0.044   13.0
2013 11 08 -0.031  0.001 4  0.031    9.1
2013 11 09 -0.026  0.003 4  0.026    7.7
2013 11 10 -0.030  0.009 4  0.031    9.2
2013 11 11 -0.042  0.018 4  0.046   13.7
2013 11 12 -0.064  0.027 4  0.069   20.6
2013 11 13 -0.092  0.034 4  0.098   29.2
2013 11 14 -0.125  0.039 4  0.131   39.0
2013 11 15 -0.162  0.038 4  0.166   49.3
2013 11 16 -0.199  0.033 4  0.201   59.6
2013 11 17 -0.234  0.021 4  0.235   69.3
2013 11 18 -0.264  0.004 4  0.264   77.9
2013 11 19 -0.287 -0.019 5  0.288   85.0
2013 11 20 -0.302 -0.046 5  0.305   90.3
2013 11 21 -0.306 -0.075 5  0.315   93.4
2013 11 22 -0.299 -0.104 5  0.316   94.3
2013 11 23 -0.280 -0.132 5  0.310   92.9
2013 11 24 -0.251 -0.156 5  0.295   89.4
2013 11 25 -0.211 -0.174 5  0.274   83.8
2013 11 26 -0.164 -0.184 6  0.246   76.4
2013 11 27 -0.111 -0.184 6  0.215   67.6
2013 11 28 -0.055 -0.174 6  0.182   58.1
2013 11 29  0.002 -0.152 7  0.152   48.8
2013 11 30  0.056 -0.119 7  0.131   41.6
2013 12 01  0.106 -0.075 8  0.130   39.4
2013 12 02  0.148 -0.022 8  0.149   44.2
2013 12 03  0.181  0.039 1  0.185   54.9
2013 12 04  0.204  0.106 1  0.230   69.1
2013 12 05  0.215  0.176 1  0.278   85.1
2013 12 06  0.214  0.247 2  0.327  101.7
2013 12 07  0.203  0.316 2  0.376  118.0
2013 12 08  0.181  0.380 2  0.421  133.5
2013 12 09  0.151  0.437 2  0.463  147.6
2013 12 10  0.113  0.485 2  0.498  159.6
2013 12 11  0.071  0.522 2  0.527  169.2
2013 12 12  0.027  0.547 2  0.547  176.0
2013 12 13 -0.018  0.559 3  0.559  179.7
2013 12 14 -0.061  0.557 3  0.561  180.2
2013 12 15 -0.100  0.544 3  0.553  177.3
2013 12 16 -0.133  0.519 3  0.535  171.4
2013 12 17 -0.160  0.483 3  0.509  162.4
2013 12 18 -0.180  0.439 3  0.475  150.9
2013 12 19 -0.192  0.389 3  0.433  137.2
2013 12 20 -0.196  0.334 3  0.387  122.0
2013 12 21 -0.194  0.277 3  0.338  105.9
2013 12 22 -0.187  0.219 3  0.288   89.5
2013 12 23 -0.175  0.164 4  0.239   73.7
2013 12 24 -0.160  0.112 4  0.195   59.2
2013 12 25 -0.143  0.064 4  0.157   47.1
2013 12 26 -0.127  0.022 4  0.129   38.2
2013 12 27 -0.113 -0.013 5  0.113   33.5
2013 12 28 -0.101 -0.041 5  0.109   32.6
2013 12 29 -0.093 -0.063 5  0.112   34.1
2013 12 30 -0.091 -0.078 5  0.120   36.7
2013 12 31 -0.093 -0.088 5  0.128   39.6
2014 01 01 -0.102 -0.094 5  0.138   42.6
2014 01 02 -0.116 -0.096 5  0.151   46.1
2014 01 03 -0.136 -0.096 5  0.167   50.7
2014 01 04 -0.161 -0.096 5  0.187   56.6
2014 01 05 -0.190 -0.097 5  0.213   64.0
2014 01 06 -0.222 -0.100 5  0.243   72.9
2014 01 07 -0.256 -0.107 5  0.278   83.1
2014 01 08 -0.292 -0.119 5  0.315   94.2
2014 01 09 -0.327 -0.136 5  0.354  105.9
2014 01 10 -0.360 -0.160 5  0.394  118.0
2014 01 11 -0.390 -0.190 5  0.434  130.3
2014 01 12 -0.415 -0.227 5  0.473  142.6
2014 01 13 -0.433 -0.271 5  0.511  154.7
2014 01 14 -0.444 -0.319 5  0.547  166.6
2014 01 15 -0.446 -0.373 5  0.581  178.0
2014 01 16 -0.437 -0.429 5  0.612  188.8
2014 01 17 -0.417 -0.485 6  0.640  198.8
2014 01 18 -0.385 -0.541 6  0.664  207.8
2014 01 19 -0.340 -0.594 6  0.684  215.7
2014 01 20 -0.282 -0.641 6  0.700  222.2
2014 01 21 -0.213 -0.679 6  0.712  227.2
2014 01 22 -0.131 -0.707 6  0.719  230.6
2014 01 23 -0.040 -0.722 6  0.723  232.5
2014 01 24  0.059 -0.722 7  0.724  232.8
2014 01 25  0.164 -0.706 7  0.725  232.1
2014 01 26  0.273 -0.672 7  0.725  230.6
2014 01 27  0.381 -0.620 7  0.728  229.0
2014 01 28  0.487 -0.550 7  0.735  228.0
2014 01 29  0.586 -0.464 8  0.747  228.2
2014 01 30  0.674 -0.361 8  0.765  230.3
2014 01 31  0.748 -0.246 8  0.788  234.6
2014 02 01  0.806 -0.120 8  0.814  240.9
2014 02 02  0.843  0.013 1  0.843  248.9
2014 02 03  0.858  0.148 1  0.871  257.8
2014 02 04  0.850  0.282 1  0.895  266.7
2014 02 05  0.818  0.409 1  0.914  274.8
2014 02 06  0.761  0.525 1  0.925  281.0
2014 02 07  0.682  0.626 1  0.926  284.7
2014 02 08  0.583  0.708 2  0.917  285.2
2014 02 09  0.466  0.766 2  0.897  282.3
2014 02 10  0.336  0.800 2  0.868  275.8
2014 02 11  0.198  0.807 2  0.831  266.0
2014 02 12  0.057  0.786 2  0.788  253.3
2014 02 13 -0.082  0.738 3  0.742  238.5
2014 02 14 -0.214  0.664 3  0.697  222.6
2014 02 15 -0.333  0.567 3  0.657  207.1
2014 02 16 -0.434  0.451 3  0.626  193.4
2014 02 17 -0.514  0.319 4  0.605  183.1
2014 02 18 -0.569  0.178 4  0.596  177.4
2014 02 19 -0.598  0.032 4  0.599  176.7
2014 02 20 -0.599 -0.112 5  0.610  180.5
2014 02 21 -0.574 -0.250 5  0.626  187.5
2014 02 22 -0.524 -0.375 5  0.644  196.2
2014 02 23 -0.451 -0.484 6  0.662  204.9
2014 02 24 -0.361 -0.572 6  0.676  212.5
2014 02 25 -0.256 -0.636 6  0.685  218.0
2014 02 26 -0.143 -0.674 6  0.689  220.8
2014 02 27 -0.028 -0.686 6  0.686  220.7
2014 02 28  0.086 -0.672 7  0.677  217.5
2014 03 01  0.191 -0.633 7  0.661  211.3
2014 03 02  0.284 -0.573 7  0.640  202.5
2014 03 03  0.360 -0.495 7  0.612  191.4
2014 03 04  0.417 -0.403 8  0.579  178.6
2014 03 05  0.452 -0.301 8  0.543  164.8
2014 03 06  0.465 -0.195 8  0.504  150.9
2014 03 07  0.457 -0.088 8  0.465  137.8
2014 03 08  0.429  0.013 1  0.429  126.6
2014 03 09  0.383  0.107 1  0.398  118.2
2014 03 10  0.324  0.189 1  0.375  113.3
2014 03 11  0.255  0.258 2  0.363  112.0
2014 03 12  0.180  0.312 2  0.361  113.6
2014 03 13  0.105  0.352 2  0.367  117.2
2014 03 14  0.033  0.377 2  0.378  121.5
2014 03 15 -0.032  0.389 3  0.390  125.5
2014 03 16 -0.086  0.391 3  0.401  128.4
2014 03 17 -0.128  0.386 3  0.406  129.7
2014 03 18 -0.156  0.376 3  0.407  129.3
2014 03 19 -0.170  0.364 3  0.402  127.4
2014 03 20 -0.170  0.354 3  0.393  124.5
2014 03 21 -0.159  0.348 3  0.383  121.5
2014 03 22 -0.140  0.348 3  0.375  119.3
2014 03 23 -0.114  0.355 3  0.373  119.1
2014 03 24 -0.087  0.369 3  0.380  121.6
2014 03 25 -0.061  0.391 3  0.395  126.9
2014 03 26 -0.041  0.417 3  0.419  134.7
2014 03 27 -0.030  0.447 3  0.448  143.9
2014 03 28 -0.030  0.476 3  0.477  153.4
2014 03 29 -0.043  0.502 3  0.504  162.1
2014 03 30 -0.071  0.522 3  0.527  169.1
2014 03 31 -0.114  0.530 3  0.542  173.8
2014 04 01 -0.170  0.525 3  0.551  176.0
2014 04 02 -0.237  0.502 3  0.555  175.8
2014 04 03 -0.312  0.459 3  0.555  173.9
2014 04 04 -0.392  0.394 3  0.556  171.7
2014 04 05 -0.472  0.308 4  0.563  170.9
2014 04 06 -0.547  0.201 4  0.582  173.7
2014 04 07 -0.612  0.073 4  0.616  182.2
2014 04 08 -0.663 -0.071 5  0.667  197.1
2014 04 09 -0.696 -0.229 5  0.733  218.3
2014 04 10 -0.707 -0.395 5  0.810  244.5
2014 04 11 -0.694 -0.565 5  0.895  273.8
2014 04 12 -0.655 -0.732 6  0.982  304.5
2014 04 13 -0.589 -0.890 6  1.067  334.8
2014 04 14 -0.497 -1.033 6  1.147  363.2
2014 04 15 -0.381 -1.157 6  1.218  388.5
2014 04 16 -0.244 -1.254 6  1.278  409.7
2014 04 17 -0.090 -1.322 6  1.326  426.1
2014 04 18  0.075 -1.358 7  1.360  437.2
2014 04 19  0.248 -1.358 7  1.380  442.8
2014 04 20  0.422 -1.322 7  1.388  443.0
2014 04 21  0.590 -1.251 7  1.383  438.5
2014 04 22  0.748 -1.146 7  1.369  429.8
2014 04 23  0.890 -1.011 7  1.347  418.0
2014 04 24  1.010 -0.849 8  1.320  404.3
2014 04 25  1.106 -0.665 8  1.290  390.2
2014 04 26  1.172 -0.466 8  1.261  377.1
2014 04 27  1.209 -0.256 8  1.235  366.1
2014 04 28  1.213 -0.044 8  1.214  358.3
2014 04 29  1.186  0.165 1  1.197  354.0
2014 04 30  1.128  0.365 1  1.186  353.1
2014 05 01  1.043  0.549 1  1.178  354.8
2014 05 02  0.932  0.712 1  1.173  358.0
2014 05 03  0.800  0.851 2  1.168  361.5
2014 05 04  0.652  0.962 2  1.162  364.2
2014 05 05  0.493  1.042 2  1.152  365.1
2014 05 06  0.327  1.090 2  1.138  363.5
2014 05 07  0.160  1.107 2  1.118  359.1
2014 05 08 -0.002  1.093 3  1.093  351.5
2014 05 09 -0.154  1.051 3  1.062  341.0
2014 05 10 -0.293  0.984 3  1.026  327.9
2014 05 11 -0.414  0.894 3  0.986  312.6
2014 05 12 -0.514  0.788 3  0.941  295.5
2014 05 13 -0.591  0.670 3  0.894  277.3
2014 05 14 -0.644  0.544 4  0.843  258.3
2014 05 15 -0.671  0.417 4  0.790  239.0
2014 05 16 -0.672  0.292 4  0.733  219.6
2014 05 17 -0.650  0.175 4  0.674  200.1
2014 05 18 -0.606  0.071 4  0.610  180.4
2014 05 19 -0.543 -0.018 5  0.543  160.4
2014 05 20 -0.463 -0.088 5  0.472  139.7
2014 05 21 -0.372 -0.138 5  0.396  118.3
2014 05 22 -0.272 -0.165 5  0.318   96.3
2014 05 23 -0.169 -0.170 6  0.240   74.0
2014 05 24 -0.066 -0.154 6  0.167   53.1
2014 05 25  0.030 -0.117 7  0.120   38.5
2014 05 26  0.117 -0.062 8  0.133   40.0
2014 05 27  0.191  0.008 1  0.191   56.4
2014 05 28  0.247  0.089 1  0.263   78.4
2014 05 29  0.284  0.177 1  0.335  101.4
2014 05 30  0.299  0.268 1  0.402  123.3
2014 05 31  0.292  0.357 2  0.461  143.4
2014 06 01  0.261  0.439 2  0.511  160.8
2014 06 02  0.209  0.510 2  0.551  175.3
2014 06 03  0.136  0.567 2  0.583  186.8
2014 06 04  0.046  0.606 2  0.608  195.5
2014 06 05 -0.058  0.625 3  0.628  201.7
2014 06 06 -0.172  0.621 3  0.645  206.2
2014 06 07 -0.292  0.595 3  0.663  209.8
2014 06 08 -0.411  0.545 3  0.683  213.2
2014 06 09 -0.525  0.474 4  0.707  217.3
2014 06 10 -0.628  0.384 4  0.736  222.6
2014 06 11 -0.715  0.277 4  0.767  229.2
2014 06 12 -0.783  0.157 4  0.799  236.6
2014 06 13 -0.827  0.029 4  0.828  244.4
2014 06 14 -0.845 -0.102 5  0.851  251.5
2014 06 15 -0.834 -0.232 5  0.866  257.2
2014 06 16 -0.794 -0.354 5  0.869  260.6
2014 06 17 -0.725 -0.465 5  0.861  261.1
2014 06 18 -0.630 -0.558 5  0.842  258.5
2014 06 19 -0.511 -0.631 6  0.812  252.9
2014 06 20 -0.373 -0.680 6  0.776  244.8
2014 06 21 -0.220 -0.703 6  0.736  235.1
2014 06 22 -0.058 -0.698 6  0.700  225.0
2014 06 23  0.107 -0.665 7  0.674  216.3
2014 06 24  0.267 -0.606 7  0.663  210.3
2014 06 25  0.417 -0.523 7  0.669  208.4
2014 06 26  0.550 -0.418 8  0.691  210.8
2014 06 27  0.661 -0.296 8  0.724  217.0
2014 06 28  0.744 -0.162 8  0.761  225.6
2014 06 29  0.796 -0.021 8  0.796  234.9
2014 06 30  0.814  0.120 1  0.822  243.3
2014 07 01  0.797  0.257 1  0.837  249.3
2014 07 02  0.745  0.382 1  0.838  252.0
2014 07 03  0.661  0.491 1  0.823  250.9
2014 07 04  0.547  0.578 2  0.796  246.2
2014 07 05  0.408  0.640 2  0.758  238.3
2014 07 06  0.248  0.673 2  0.717  228.4
2014 07 07  0.075  0.675 2  0.679  218.2
2014 07 08 -0.104  0.646 3  0.654  209.9
2014 07 09 -0.283  0.585 3  0.650  205.8
2014 07 10 -0.454  0.494 3  0.671  207.8
2014 07 11 -0.611  0.375 4  0.717  216.9
2014 07 12 -0.746  0.233 4  0.781  232.5
2014 07 13 -0.855  0.071 4  0.857  253.3
2014 07 14 -0.932 -0.106 5  0.938  277.3
2014 07 15 -0.976 -0.291 5  1.019  303.0
2014 07 16 -0.985 -0.480 5  1.095  329.1
2014 07 17 -0.957 -0.667 5  1.166  354.5
2014 07 18 -0.894 -0.845 5  1.230  378.7
2014 07 19 -0.798 -1.010 6  1.287  401.2
2014 07 20 -0.673 -1.156 6  1.338  421.6
2014 07 21 -0.524 -1.281 6  1.384  439.9
2014 07 22 -0.355 -1.380 6  1.424  455.8
2014 07 23 -0.172 -1.450 6  1.461  469.2
2014 07 24  0.018 -1.492 7  1.492  479.7
2014 07 25  0.210 -1.503 7  1.517  487.2
2014 07 26  0.397 -1.484 7  1.536  491.3
2014 07 27  0.575 -1.436 7  1.546  491.8
2014 07 28  0.737 -1.360 7  1.547  488.4
2014 07 29  0.881 -1.259 7  1.536  481.1
2014 07 30  1.002 -1.135 7  1.514  469.9
2014 07 31  1.099 -0.993 8  1.481  455.0
2014 08 01  1.170 -0.833 8  1.436  437.1
2014 08 02  1.214 -0.662 8  1.383  416.8
2014 08 03  1.233 -0.480 8  1.323  395.4
2014 08 04  1.227 -0.294 8  1.261  374.2
2014 08 05  1.197 -0.104 8  1.201  354.9
2014 08 06  1.146  0.085 1  1.149  339.4
2014 08 07  1.076  0.270 1  1.110  329.3
2014 08 08  0.990  0.450 1  1.087  326.1
2014 08 09  0.890  0.620 1  1.085  329.9
2014 08 10  0.780  0.780 2  1.103  340.4
2014 08 11  0.660  0.926 2  1.138  356.0
2014 08 12  0.534  1.058 2  1.185  375.0
2014 08 13  0.403  1.173 2  1.240  395.6
2014 08 14  0.269  1.270 2  1.298  416.0
2014 08 15  0.134  1.347 2  1.354  435.0
2014 08 16 -0.002  1.403 3  1.403  451.2
2014 08 17 -0.137  1.437 3  1.444  463.9
2014 08 18 -0.270  1.448 3  1.473  472.5
2014 08 19 -0.401  1.435 3  1.490  476.5
2014 08 20 -0.528  1.398 3  1.495  475.9
2014 08 21 -0.650  1.337 3  1.487  470.9
2014 08 22 -0.765  1.252 3  1.467  461.7
2014 08 23 -0.872  1.144 3  1.439  449.0
2014 08 24 -0.969  1.014 3  1.403  433.8
2014 08 25 -1.054  0.864 4  1.363  417.1
2014 08 26 -1.124  0.697 4  1.323  400.4
2014 08 27 -1.178  0.515 4  1.285  385.1
2014 08 28 -1.212  0.323 4  1.255  372.6
2014 08 29 -1.226  0.123 4  1.232  364.1
2014 08 30 -1.217 -0.079 5  1.220  360.1
2014 08 31 -1.184 -0.277 5  1.216  360.7
2014 09 01 -1.126 -0.468 5  1.220  364.9
2014 09 02 -1.044 -0.645 5  1.227  371.5
2014 09 03 -0.938 -0.805 5  1.235  378.9
2014 09 04 -0.809 -0.941 6  1.241  385.4
2014 09 05 -0.661 -1.049 6  1.240  389.7
2014 09 06 -0.497 -1.127 6  1.231  390.8
2014 09 07 -0.321 -1.170 6  1.213  388.0
2014 09 08 -0.137 -1.178 6  1.186  381.0
2014 09 09  0.047 -1.150 7  1.151  370.1
2014 09 10  0.228 -1.087 7  1.110  355.9
2014 09 11  0.399 -0.990 7  1.067  339.4
2014 09 12  0.554 -0.863 7  1.025  322.0
2014 09 13  0.688 -0.710 7  0.988  305.4
2014 09 14  0.796 -0.536 8  0.960  291.6
2014 09 15  0.876 -0.349 8  0.943  281.9
2014 09 16  0.925 -0.154 8  0.937  277.3
2014 09 17  0.940  0.041 1  0.941  277.8
2014 09 18  0.923  0.228 1  0.951  282.1
2014 09 19  0.874  0.401 1  0.962  288.5
2014 09 20  0.797  0.552 1  0.970  294.8
2014 09 21  0.696  0.677 1  0.971  299.2
2014 09 22  0.574  0.770 2  0.960  300.0
2014 09 23  0.440  0.827 2  0.937  296.0
2014 09 24  0.298  0.848 2  0.899  286.5
2014 09 25  0.156  0.831 2  0.845  271.1
2014 09 26  0.020  0.777 2  0.778  250.1
2014 09 27 -0.103  0.691 3  0.698  224.1
2014 09 28 -0.207  0.574 3  0.611  194.6
2014 09 29 -0.289  0.434 3  0.522  163.7
2014 09 30 -0.344  0.277 4  0.442  135.0
2014 10 01 -0.370  0.109 4  0.386  114.7
2014 10 02 -0.366 -0.061 5  0.371  109.8
2014 10 03 -0.333 -0.226 5  0.402  122.2
2014 10 04 -0.273 -0.378 6  0.466  145.8
2014 10 05 -0.190 -0.510 6  0.545  173.4
2014 10 06 -0.087 -0.618 6  0.624  200.3
2014 10 07  0.028 -0.695 7  0.695  223.5
2014 10 08  0.150 -0.738 7  0.753  241.5
2014 10 09  0.273 -0.747 7  0.795  253.2
2014 10 10  0.389 -0.720 7  0.818  258.3
2014 10 11  0.491 -0.659 7  0.822  256.8
2014 10 12  0.575 -0.568 8  0.808  249.3
2014 10 13  0.635 -0.450 8  0.778  236.8
2014 10 14  0.666 -0.313 8  0.736  220.9
2014 10 15  0.668 -0.161 8  0.687  203.8
2014 10 16  0.638 -0.003 8  0.638  188.2
2014 10 17  0.577  0.153 1  0.597  177.2
2014 10 18  0.486  0.301 1  0.572  173.2
2014 10 19  0.371  0.433 2  0.570  177.1
2014 10 20  0.234  0.543 2  0.592  187.9
2014 10 21  0.082  0.626 2  0.631  202.8
2014 10 22 -0.078  0.678 3  0.682  219.1
2014 10 23 -0.240  0.695 3  0.735  234.5
2014 10 24 -0.396  0.678 3  0.785  247.4
2014 10 25 -0.539  0.628 3  0.827  256.9
2014 10 26 -0.663  0.545 4  0.858  262.6
2014 10 27 -0.761  0.435 4  0.877  264.6
2014 10 28 -0.830  0.302 4  0.883  263.5
2014 10 29 -0.865  0.152 4  0.879  260.0
2014 10 30 -0.865 -0.008 5  0.865  255.4
2014 10 31 -0.829 -0.169 5  0.846  250.7
2014 11 01 -0.758 -0.326 5  0.825  247.1
2014 11 02 -0.655 -0.469 5  0.806  245.3
2014 11 03 -0.523 -0.594 6  0.791  245.6
2014 11 04 -0.368 -0.693 6  0.785  247.9
2014 11 05 -0.196 -0.762 6  0.787  251.7
2014 11 06 -0.014 -0.797 6  0.797  256.3
2014 11 07  0.171 -0.796 7  0.815  261.0
2014 11 08  0.351 -0.760 7  0.837  265.4
2014 11 09  0.519 -0.688 7  0.862  269.1
2014 11 10  0.669 -0.584 8  0.888  272.4
2014 11 11  0.793 -0.451 8  0.912  275.4
2014 11 12  0.888 -0.296 8  0.936  278.8
2014 11 13  0.949 -0.123 8  0.957  283.0
2014 11 14  0.975  0.059 1  0.977  288.4
2014 11 15  0.964  0.243 1  0.995  295.2
2014 11 16  0.918  0.423 1  1.011  303.2
2014 11 17  0.839  0.590 1  1.026  311.9
2014 11 18  0.729  0.739 2  1.038  320.6
2014 11 19  0.595  0.863 2  1.048  328.3
2014 11 20  0.441  0.957 2  1.054  334.3
2014 11 21  0.275  1.019 2  1.056  337.6
2014 11 22  0.102  1.046 2  1.051  337.8
2014 11 23 -0.069  1.038 3  1.040  334.4
2014 11 24 -0.233  0.995 3  1.021  327.1
2014 11 25 -0.382  0.919 3  0.995  316.3
2014 11 26 -0.511  0.814 3  0.961  302.2
2014 11 27 -0.615  0.685 3  0.921  285.5
2014 11 28 -0.691  0.537 4  0.875  267.3
2014 11 29 -0.736  0.376 4  0.827  248.6
2014 11 30 -0.749  0.209 4  0.777  231.0
2014 12 01 -0.730  0.041 4  0.731  215.8
2014 12 02 -0.680 -0.119 5  0.690  204.3
2014 12 03 -0.603 -0.267 5  0.659  197.5
2014 12 04 -0.501 -0.396 5  0.639  195.2
2014 12 05 -0.380 -0.503 6  0.630  196.7
2014 12 06 -0.244 -0.583 6  0.632  200.8
2014 12 07 -0.101 -0.634 6  0.642  205.9
2014 12 08  0.045 -0.654 7  0.655  210.7
2014 12 09  0.187 -0.644 7  0.670  214.2
2014 12 10  0.318 -0.604 7  0.682  215.6
2014 12 11  0.434 -0.536 7  0.690  214.8
2014 12 12  0.530 -0.444 8  0.691  211.8
2014 12 13  0.601 -0.331 8  0.686  206.8
2014 12 14  0.643 -0.203 8  0.674  200.7
2014 12 15  0.655 -0.063 8  0.658  194.5
2014 12 16  0.636  0.081 1  0.641  189.4
2014 12 17  0.584  0.224 1  0.626  186.9
2014 12 18  0.502  0.361 1  0.619  188.3
2014 12 19  0.391  0.487 2  0.624  194.5
2014 12 20  0.255  0.595 2  0.648  205.7
2014 12 21  0.097  0.683 2  0.689  221.4
2014 12 22 -0.077  0.745 3  0.749  240.6
2014 12 23 -0.262  0.779 3  0.822  262.2
2014 12 24 -0.452  0.784 3  0.905  285.1
2014 12 25 -0.640  0.757 3  0.992  308.3
2014 12 26 -0.820  0.701 4  1.079  330.7
2014 12 27 -0.986  0.614 4  1.161  351.6
2014 12 28 -1.131  0.500 4  1.236  370.5
2014 12 29 -1.250  0.362 4  1.301  386.8
2014 12 30 -1.338  0.204 4  1.354  400.4
2014 12 31 -1.392  0.030 4  1.392  410.9
2015 01 01 -1.408 -0.155 5  1.417  418.6
2015 01 02 -1.385 -0.344 5  1.428  423.7
2015 01 03 -1.323 -0.532 5  1.426  426.5
2015 01 04 -1.223 -0.713 5  1.416  427.6
2015 01 05 -1.086 -0.881 5  1.399  427.8
2015 01 06 -0.917 -1.030 6  1.379  427.8
2015 01 07 -0.720 -1.156 6  1.362  428.2
2015 01 08 -0.500 -1.254 6  1.351  429.6
2015 01 09 -0.265 -1.322 6  1.348  432.3
2015 01 10 -0.021 -1.357 6  1.357  436.3
2015 01 11  0.225 -1.357 7  1.375  441.3
2015 01 12  0.464 -1.322 7  1.401  446.7
2015 01 13  0.690 -1.254 7  1.431  451.8
2015 01 14  0.895 -1.155 7  1.461  455.8
2015 01 15  1.074 -1.028 8  1.486  457.9
2015 01 16  1.220 -0.876 8  1.502  457.2
2015 01 17  1.330 -0.706 8  1.506  453.4
2015 01 18  1.400 -0.522 8  1.494  446.1
2015 01 19  1.429 -0.331 8  1.467  435.1
2015 01 20  1.417 -0.138 8  1.424  420.6
2015 01 21  1.365  0.050 1  1.366  403.2
2015 01 22  1.275  0.227 1  1.295  383.4
2015 01 23  1.152  0.389 1  1.216  362.3
2015 01 24  1.001  0.530 1  1.132  341.0
2015 01 25  0.827  0.647 1  1.050  320.8
2015 01 26  0.638  0.737 2  0.975  302.8
2015 01 27  0.441  0.799 2  0.913  288.0
2015 01 28  0.243  0.832 2  0.867  277.0
2015 01 29  0.052  0.837 2  0.838  269.5
2015 01 30 -0.126  0.816 3  0.825  264.9
2015 01 31 -0.285  0.771 3  0.822  261.8
2015 02 01 -0.419  0.707 3  0.822  258.9
2015 02 02 -0.524  0.629 3  0.819  254.6
2015 02 03 -0.599  0.540 4  0.806  247.7
2015 02 04 -0.640  0.447 4  0.781  237.4
2015 02 05 -0.650  0.354 4  0.740  223.1
2015 02 06 -0.629  0.267 4  0.683  204.5
2015 02 07 -0.580  0.191 4  0.610  181.8
2015 02 08 -0.507  0.127 4  0.523  155.2
2015 02 09 -0.416  0.080 4  0.424  125.5
2015 02 10 -0.312  0.051 4  0.316   93.6
2015 02 11 -0.201  0.041 4  0.205   60.9
2015 02 12 -0.090  0.050 4  0.103   30.9
2015 02 13  0.017  0.075 2  0.077   24.6
2015 02 14  0.112  0.114 2  0.160   49.5
2015 02 15  0.193  0.165 1  0.254   77.8
2015 02 16  0.254  0.222 1  0.338  103.6
2015 02 17  0.293  0.283 1  0.407  125.5
2015 02 18  0.309  0.341 2  0.460  142.7
2015 02 19  0.302  0.393 2  0.496  154.6
2015 02 20  0.271  0.435 2  0.513  161.1
2015 02 21  0.220  0.462 2  0.512  162.3
2015 02 22  0.152  0.473 2  0.497  158.7
2015 02 23  0.069  0.465 2  0.470  151.0
2015 02 24 -0.023  0.437 3  0.438  140.7
2015 02 25 -0.121  0.389 3  0.407  130.0
2015 02 26 -0.219  0.321 3  0.389  121.8
2015 02 27 -0.313  0.236 4  0.392  119.5
2015 02 28 -0.398  0.137 4  0.421  125.4
2015 03 01 -0.471  0.025 4  0.472  139.4
2015 03 02 -0.530 -0.094 5  0.538  159.2
2015 03 03 -0.571 -0.216 5  0.610  182.2
2015 03 04 -0.593 -0.338 5  0.682  205.9
2015 03 05 -0.595 -0.455 5  0.749  228.7
2015 03 06 -0.579 -0.563 5  0.808  249.0
2015 03 07 -0.543 -0.659 6  0.854  265.9
2015 03 08 -0.491 -0.740 6  0.889  278.8
2015 03 09 -0.425 -0.804 6  0.909  287.2
2015 03 10 -0.345 -0.848 6  0.916  291.1
2015 03 11 -0.257 -0.873 6  0.910  290.6
2015 03 12 -0.161 -0.877 6  0.892  286.1
2015 03 13 -0.061 -0.862 6  0.865  277.9
2015 03 14  0.039 -0.829 7  0.830  267.0
2015 03 15  0.138 -0.780 7  0.792  254.1
2015 03 16  0.234 -0.716 7  0.753  240.4
2015 03 17  0.323 -0.640 7  0.717  226.9
2015 03 18  0.404 -0.555 7  0.687  214.7
2015 03 19  0.476 -0.463 8  0.664  204.8
2015 03 20  0.538 -0.366 8  0.651  197.8
2015 03 21  0.588 -0.268 8  0.647  193.9
2015 03 22  0.627 -0.170 8  0.649  192.9
2015 03 23  0.653 -0.074 8  0.657  194.2
2015 03 24  0.666  0.017 1  0.667  196.8
2015 03 25  0.668  0.104 1  0.676  199.9
2015 03 26  0.657  0.183 1  0.682  202.8
2015 03 27  0.635  0.255 1  0.685  204.7
2015 03 28  0.602  0.319 1  0.682  205.3
2015 03 29  0.559  0.375 1  0.673  204.3
2015 03 30  0.506  0.422 1  0.659  201.9
2015 03 31  0.446  0.460 2  0.641  198.1
2015 04 01  0.378  0.490 2  0.619  193.2
2015 04 02  0.306  0.512 2  0.596  187.7
2015 04 03  0.229  0.525 2  0.573  182.0
2015 04 04  0.150  0.531 2  0.552  176.5
2015 04 05  0.070  0.530 2  0.535  171.8
2015 04 06 -0.008  0.523 3  0.523  168.1
2015 04 07 -0.083  0.509 3  0.516  165.5
2015 04 08 -0.154  0.490 3  0.513  163.9
2015 04 09 -0.219  0.465 3  0.514  163.0
2015 04 10 -0.277  0.436 3  0.517  162.4
2015 04 11 -0.327  0.404 3  0.519  161.8
2015 04 12 -0.367  0.368 3  0.520  160.5
2015 04 13 -0.398  0.329 4  0.517  158.2
2015 04 14 -0.419  0.289 4  0.509  154.7
2015 04 15 -0.430  0.247 4  0.496  149.8
2015 04 16 -0.432  0.204 4  0.478  143.3
2015 04 17 -0.424  0.161 4  0.454  135.5
2015 04 18 -0.409  0.117 4  0.426  126.5
2015 04 19 -0.387  0.075 4  0.394  116.6
2015 04 20 -0.358  0.033 4  0.360  106.3
2015 04 21 -0.326 -0.007 5  0.326   96.2
2015 04 22 -0.290 -0.045 5  0.293   86.7
2015 04 23 -0.252 -0.080 5  0.265   78.8
2015 04 24 -0.214 -0.114 5  0.243   73.0
2015 04 25 -0.177 -0.144 5  0.228   69.9
2015 04 26 -0.142 -0.172 6  0.223   69.3
2015 04 27 -0.110 -0.196 6  0.225   70.9
2015 04 28 -0.082 -0.217 6  0.232   73.9
2015 04 29 -0.058 -0.235 6  0.242   77.5
2015 04 30 -0.040 -0.250 6  0.253   81.2
2015 05 01 -0.026 -0.262 6  0.263   84.5
2015 05 02 -0.018 -0.271 6  0.272   87.4
2015 05 03 -0.014 -0.278 6  0.279   89.6
2015 05 04 -0.015 -0.284 6  0.284   91.4
2015 05 05 -0.020 -0.288 6  0.289   92.9
2015 05 06 -0.026 -0.292 6  0.293   94.2
2015 05 07 -0.035 -0.295 6  0.297   95.5
2015 05 08 -0.043 -0.299 6  0.302   96.9
2015 05 09 -0.049 -0.303 6  0.307   98.5
2015 05 10 -0.052 -0.308 6  0.312  100.2
2015 05 11 -0.050 -0.313 6  0.317  101.9
2015 05 12 -0.042 -0.319 6  0.322  103.4
2015 05 13 -0.025 -0.325 6  0.326  104.6
2015 05 14  0.002 -0.329 7  0.329  105.8
2015 05 15  0.039 -0.331 7  0.333  107.0
2015 05 16  0.088 -0.329 7  0.341  109.1
2015 05 17  0.150 -0.322 7  0.355  112.7
2015 05 18  0.223 -0.308 7  0.380  118.9
2015 05 19  0.307 -0.285 8  0.419  128.9
2015 05 20  0.400 -0.251 8  0.473  143.2
2015 05 21  0.502 -0.205 8  0.542  162.1
2015 05 22  0.608 -0.145 8  0.625  185.4
2015 05 23  0.716 -0.070 8  0.719  212.4
2015 05 24  0.822  0.021 1  0.822  242.6
2015 05 25  0.921  0.127 1  0.930  275.0
2015 05 26  1.011  0.249 1  1.041  308.8
2015 05 27  1.085  0.384 1  1.151  343.1
2015 05 28  1.139  0.531 1  1.257  377.1
2015 05 29  1.170  0.686 1  1.357  409.9
2015 05 30  1.174  0.847 1  1.448  440.7
2015 05 31  1.146  1.009 1  1.527  468.9
2015 06 01  1.086  1.168 2  1.595  493.8
2015 06 02  0.991  1.319 2  1.649  515.1
2015 06 03  0.861  1.455 2  1.691  532.4
2015 06 04  0.696  1.573 2  1.720  545.9
2015 06 05  0.498  1.667 2  1.739  555.7
2015 06 06  0.271  1.731 2  1.752  562.5
2015 06 07  0.018  1.763 2  1.763  567.0
2015 06 08 -0.256  1.758 3  1.777  570.5
2015 06 09 -0.544  1.714 3  1.799  574.2
2015 06 10 -0.839  1.630 3  1.833  579.7
2015 06 11 -1.135  1.504 3  1.884  588.4
2015 06 12 -1.423  1.338 4  1.953  601.4
2015 06 13 -1.696  1.134 4  2.040  619.2
2015 06 14 -1.944  0.894 4  2.140  642.0
2015 06 15 -2.162  0.624 4  2.251  669.1
2015 06 16 -2.343  0.328 4  2.366  699.5
2015 06 17 -2.479  0.013 4  2.479  731.8
2015 06 18 -2.567 -0.314 5  2.586  764.4
2015 06 19 -2.603 -0.646 5  2.682  795.8
2015 06 20 -2.583 -0.975 5  2.761  824.5
2015 06 21 -2.508 -1.293 5  2.822  849.2
2015 06 22 -2.378 -1.593 5  2.862  868.9
2015 06 23 -2.194 -1.866 5  2.880  882.9
2015 06 24 -1.960 -2.107 6  2.878  891.0
2015 06 25 -1.681 -2.309 6  2.856  893.0
2015 06 26 -1.362 -2.467 6  2.818  889.5
2015 06 27 -1.011 -2.577 6  2.769  880.9
2015 06 28 -0.635 -2.637 6  2.712  868.4
2015 06 29 -0.243 -2.644 6  2.655  853.2
2015 06 30  0.155 -2.598 7  2.603  836.7
2015 07 01  0.552 -2.500 7  2.560  820.3
2015 07 02  0.937 -2.353 7  2.532  805.5
2015 07 03  1.301 -2.159 7  2.521  793.4
2015 07 04  1.637 -1.923 7  2.525  784.7
2015 07 05  1.935 -1.651 8  2.544  779.8
2015 07 06  2.190 -1.348 8  2.572  778.3
2015 07 07  2.395 -1.022 8  2.604  779.6
2015 07 08  2.546 -0.680 8  2.635  782.7
2015 07 09  2.639 -0.331 8  2.660  786.2
2015 07 10  2.673  0.018 1  2.673  788.9
2015 07 11  2.647  0.359 1  2.671  789.8
2015 07 12  2.563  0.683 1  2.653  787.9
2015 07 13  2.424  0.985 1  2.617  782.5
2015 07 14  2.235  1.256 1  2.563  773.4
2015 07 15  2.000  1.491 1  2.494  760.5
2015 07 16  1.726  1.686 1  2.413  744.0
2015 07 17  1.422  1.835 2  2.322  724.3
2015 07 18  1.097  1.938 2  2.227  702.2
2015 07 19  0.758  1.991 2  2.131  678.3
2015 07 20  0.416  1.996 2  2.039  653.6
2015 07 21  0.080  1.954 2  1.956  628.8
2015 07 22 -0.243  1.867 3  1.882  604.6
2015 07 23 -0.543  1.739 3  1.821  581.6
2015 07 24 -0.813  1.574 3  1.772  560.2
2015 07 25 -1.048  1.379 3  1.732  540.7
2015 07 26 -1.242  1.160 4  1.700  523.2
2015 07 27 -1.393  0.924 4  1.672  507.4
2015 07 28 -1.499  0.678 4  1.645  493.3
2015 07 29 -1.560  0.429 4  1.617  480.5
2015 07 30 -1.576  0.184 4  1.587  468.9
2015 07 31 -1.551 -0.051 5  1.552  458.1
2015 08 01 -1.488 -0.269 5  1.513  447.8
2015 08 02 -1.393 -0.466 5  1.469  437.7
2015 08 03 -1.271 -0.638 5  1.422  427.6
2015 08 04 -1.128 -0.781 5  1.372  417.1
2015 08 05 -0.970 -0.895 5  1.320  406.0
2015 08 06 -0.804 -0.977 6  1.265  393.8
2015 08 07 -0.635 -1.029 6  1.209  380.3
2015 08 08 -0.469 -1.051 6  1.151  365.2
2015 08 09 -0.310 -1.046 6  1.091  348.6
2015 08 10 -0.161 -1.016 6  1.029  330.3
2015 08 11 -0.026 -0.966 6  0.966  310.6
2015 08 12  0.094 -0.897 7  0.902  289.8
2015 08 13  0.198 -0.814 7  0.838  268.3
2015 08 14  0.286 -0.721 7  0.776  246.7
2015 08 15  0.358 -0.621 7  0.717  225.9
2015 08 16  0.417 -0.516 7  0.664  206.7
2015 08 17  0.464 -0.410 8  0.619  190.2
2015 08 18  0.500 -0.305 8  0.586  177.3
2015 08 19  0.527 -0.202 8  0.565  168.8
2015 08 20  0.548 -0.103 8  0.557  165.1
2015 08 21  0.562 -0.009 8  0.563  166.0
2015 08 22  0.572  0.082 1  0.578  170.9
2015 08 23  0.578  0.167 1  0.601  178.7
2015 08 24  0.578  0.247 1  0.629  188.3
2015 08 25  0.574  0.322 1  0.658  198.6
2015 08 26  0.564  0.392 1  0.687  208.9
2015 08 27  0.547  0.457 1  0.713  218.4
2015 08 28  0.522  0.516 1  0.734  226.5
2015 08 29  0.488  0.569 2  0.749  232.7
2015 08 30  0.444  0.614 2  0.757  236.8
2015 08 31  0.389  0.650 2  0.757  238.4
2015 09 01  0.323  0.676 2  0.749  237.4
2015 09 02  0.248  0.691 2  0.734  234.0
2015 09 03  0.165  0.693 2  0.713  228.2
2015 09 04  0.075  0.682 2  0.686  220.5
2015 09 05 -0.020  0.657 3  0.657  211.3
2015 09 06 -0.116  0.617 3  0.628  201.3
2015 09 07 -0.210  0.563 3  0.600  191.2
2015 09 08 -0.298  0.495 3  0.578  182.0
2015 09 09 -0.378  0.416 3  0.562  174.2
2015 09 10 -0.447  0.327 4  0.554  168.7
2015 09 11 -0.501  0.230 4  0.552  165.5
2015 09 12 -0.540  0.130 4  0.555  164.7
2015 09 13 -0.561  0.029 4  0.562  165.8
2015 09 14 -0.565 -0.070 5  0.569  168.2
2015 09 15 -0.552 -0.164 5  0.575  171.1
2015 09 16 -0.523 -0.248 5  0.579  173.8
2015 09 17 -0.481 -0.321 5  0.578  175.6
2015 09 18 -0.430 -0.380 5  0.573  176.0
2015 09 19 -0.371 -0.424 6  0.563  174.8
2015 09 20 -0.310 -0.452 6  0.548  171.7
2015 09 21 -0.249 -0.464 6  0.527  166.5
2015 09 22 -0.193 -0.463 6  0.501  159.4
2015 09 23 -0.145 -0.448 6  0.471  150.4
2015 09 24 -0.107 -0.424 6  0.437  139.9
2015 09 25 -0.081 -0.392 6  0.400  128.3
2015 09 26 -0.068 -0.357 6  0.363  116.4
2015 09 27 -0.068 -0.321 6  0.328  105.2
2015 09 28 -0.079 -0.289 6  0.299   95.8
2015 09 29 -0.100 -0.263 6  0.282   89.6
2015 09 30 -0.128 -0.247 6  0.278   87.9
2015 10 01 -0.159 -0.242 6  0.289   90.7
2015 10 02 -0.188 -0.249 6  0.312   97.5
2015 10 03 -0.213 -0.270 6  0.344  107.1
2015 10 04 -0.228 -0.302 6  0.379  118.3
2015 10 05 -0.230 -0.346 6  0.416  130.4
2015 10 06 -0.215 -0.398 6  0.453  143.0
2015 10 07 -0.182 -0.455 6  0.490  156.0
2015 10 08 -0.127 -0.514 6  0.530  169.5
2015 10 09 -0.052 -0.570 6  0.572  183.9
2015 10 10  0.043 -0.618 7  0.620  199.2
2015 10 11  0.156 -0.655 7  0.674  215.7
2015 10 12  0.283 -0.677 7  0.734  233.2
2015 10 13  0.421 -0.680 7  0.800  251.5
2015 10 14  0.565 -0.661 7  0.870  270.3
2015 10 15  0.709 -0.620 8  0.941  288.9
2015 10 16  0.846 -0.555 8  1.012  306.8
2015 10 17  0.971 -0.467 8  1.077  323.5
2015 10 18  1.078 -0.358 8  1.135  338.3
2015 10 19  1.161 -0.230 8  1.184  350.7
2015 10 20  1.218 -0.088 8  1.221  360.5
2015 10 21  1.243  0.064 1  1.245  367.4
2015 10 22  1.235  0.221 1  1.255  371.4
2015 10 23  1.194  0.377 1  1.252  372.6
2015 10 24  1.119  0.526 1  1.237  371.2
2015 10 25  1.014  0.664 1  1.212  367.6
2015 10 26  0.880  0.785 1  1.180  362.3
2015 10 27  0.723  0.885 2  1.143  355.8
2015 10 28  0.548  0.961 2  1.106  348.7
2015 10 29  0.360  1.009 2  1.072  341.5
2015 10 30  0.167  1.029 2  1.043  334.7
2015 10 31 -0.026  1.021 3  1.022  328.5
2015 11 01 -0.212  0.986 3  1.008  323.0
2015 11 02 -0.385  0.924 3  1.002  318.3
2015 11 03 -0.541  0.841 3  1.000  314.0
2015 11 04 -0.673  0.739 3  1.000  309.9
2015 11 05 -0.780  0.624 4  0.999  305.4
2015 11 06 -0.859  0.499 4  0.993  300.1
2015 11 07 -0.909  0.370 4  0.981  293.5
2015 11 08 -0.930  0.242 4  0.961  285.2
2015 11 09 -0.923  0.119 4  0.930  275.0
2015 11 10 -0.890  0.007 4  0.890  262.6
2015 11 11 -0.834 -0.092 5  0.839  248.0
2015 11 12 -0.760 -0.175 5  0.780  231.2
2015 11 13 -0.670 -0.240 5  0.712  212.4
2015 11 14 -0.571 -0.285 5  0.638  191.8
2015 11 15 -0.466 -0.310 5  0.560  169.8
2015 11 16 -0.359 -0.317 5  0.479  147.0
2015 11 17 -0.256 -0.305 6  0.398  123.8
2015 11 18 -0.159 -0.278 6  0.320  100.9
2015 11 19 -0.073 -0.237 6  0.248   79.2
2015 11 20  0.002 -0.186 7  0.186   59.9
2015 11 21  0.062 -0.128 7  0.142   45.1
2015 11 22  0.107 -0.066 8  0.126   38.0
2015 11 23  0.137 -0.003 8  0.137   40.4
2015 11 24  0.152  0.058 1  0.162   48.5
2015 11 25  0.153  0.115 1  0.191   58.3
2015 11 26  0.142  0.165 2  0.218   67.6
2015 11 27  0.121  0.207 2  0.240   75.6
2015 11 28  0.092  0.240 2  0.257   81.9
2015 11 29  0.058  0.264 2  0.270   86.6
2015 11 30  0.021  0.278 2  0.279   89.7
2015 12 01 -0.017  0.283 3  0.284   91.3
2015 12 02 -0.054  0.280 3  0.286   91.6
2015 12 03 -0.088  0.271 3  0.285   90.8
2015 12 04 -0.119  0.255 3  0.281   89.2
2015 12 05 -0.146  0.235 3  0.277   87.0
2015 12 06 -0.168  0.212 3  0.270   84.3
2015 12 07 -0.186  0.187 3  0.264   81.5
2015 12 08 -0.201  0.161 4  0.257   78.7
2015 12 09 -0.213  0.134 4  0.252   76.4
2015 12 10 -0.224  0.108 4  0.249   74.7
2015 12 11 -0.235  0.081 4  0.248   74.0
2015 12 12 -0.246  0.053 4  0.252   74.7
2015 12 13 -0.260  0.025 4  0.261   77.0
2015 12 14 -0.275 -0.006 5  0.275   81.3
2015 12 15 -0.294 -0.039 5  0.296   87.6
2015 12 16 -0.315 -0.077 5  0.324   96.1
2015 12 17 -0.338 -0.119 5  0.358  106.7
2015 12 18 -0.361 -0.166 5  0.397  119.2
2015 12 19 -0.384 -0.219 5  0.442  133.5
2015 12 20 -0.404 -0.278 5  0.490  149.0
2015 12 21 -0.420 -0.342 5  0.541  165.6
2015 12 22 -0.428 -0.410 5  0.593  182.6
2015 12 23 -0.427 -0.481 6  0.643  199.5
2015 12 24 -0.414 -0.553 6  0.691  215.7
2015 12 25 -0.388 -0.623 6  0.734  230.9
2015 12 26 -0.347 -0.690 6  0.772  244.4
2015 12 27 -0.292 -0.749 6  0.804  255.9
2015 12 28 -0.221 -0.799 6  0.829  265.1
2015 12 29 -0.136 -0.836 6  0.847  271.8
2015 12 30 -0.038 -0.858 6  0.859  276.1
2015 12 31  0.071 -0.862 7  0.865  278.1
2016 01 01  0.187 -0.848 7  0.868  278.2
2016 01 02  0.307 -0.813 7  0.869  276.7
2016 01 03  0.427 -0.758 7  0.870  274.4
2016 01 04  0.542 -0.683 7  0.872  271.8
2016 01 05  0.648 -0.590 8  0.877  269.5
2016 01 06  0.742 -0.480 8  0.884  268.1
2016 01 07  0.819 -0.357 8  0.894  267.8
2016 01 08  0.877 -0.224 8  0.905  268.7
2016 01 09  0.912 -0.086 8  0.916  270.7
2016 01 10  0.924  0.055 1  0.926  273.4
2016 01 11  0.912  0.192 1  0.932  276.3
2016 01 12  0.877  0.322 1  0.934  278.8
2016 01 13  0.819  0.441 1  0.931  280.4
2016 01 14  0.743  0.545 1  0.921  280.7
2016 01 15  0.650  0.631 1  0.906  279.3
2016 01 16  0.546  0.697 2  0.885  275.9
2016 01 17  0.434  0.741 2  0.858  270.4
2016 01 18  0.319  0.763 2  0.827  262.8
2016 01 19  0.207  0.764 2  0.791  253.0
2016 01 20  0.101  0.744 2  0.751  241.3
2016 01 21  0.006  0.708 2  0.708  227.6
2016 01 22 -0.076  0.656 3  0.661  212.3
2016 01 23 -0.142  0.594 3  0.611  195.5
2016 01 24 -0.191  0.524 3  0.558  177.7
2016 01 25 -0.222  0.451 3  0.503  159.2
2016 01 26 -0.237  0.378 3  0.447  140.4
2016 01 27 -0.237  0.310 3  0.390  121.7
2016 01 28 -0.225  0.248 3  0.335  103.8
2016 01 29 -0.203  0.196 4  0.282   87.0
2016 01 30 -0.177  0.155 4  0.235   72.1
2016 01 31 -0.149  0.125 4  0.195   59.6
2016 02 01 -0.124  0.108 4  0.164   50.3
2016 02 02 -0.105  0.100 4  0.145   44.7
2016 02 03 -0.095  0.102 3  0.140   43.2
2016 02 04 -0.098  0.110 3  0.147   45.8
2016 02 05 -0.114  0.122 3  0.167   51.8
2016 02 06 -0.144  0.135 4  0.198   60.8
2016 02 07 -0.188  0.145 4  0.238   72.6
2016 02 08 -0.245  0.150 4  0.287   86.8
2016 02 09 -0.311  0.145 4  0.343  103.1
2016 02 10 -0.385  0.131 4  0.406  121.0
2016 02 11 -0.461  0.103 4  0.473  140.2
2016 02 12 -0.537  0.062 4  0.541  159.8
2016 02 13 -0.607  0.008 4  0.607  179.3
2016 02 14 -0.668 -0.059 5  0.671  198.1
2016 02 15 -0.715 -0.138 5  0.728  215.6
2016 02 16 -0.744 -0.226 5  0.777  231.2
2016 02 17 -0.753 -0.319 5  0.818  244.7
2016 02 18 -0.739 -0.415 5  0.848  255.7
2016 02 19 -0.702 -0.510 5  0.867  264.2
2016 02 20 -0.641 -0.599 5  0.877  270.0
2016 02 21 -0.558 -0.678 6  0.878  273.3
2016 02 22 -0.454 -0.745 6  0.872  274.4
2016 02 23 -0.333 -0.794 6  0.861  273.7
2016 02 24 -0.199 -0.825 6  0.848  271.6
2016 02 25 -0.056 -0.833 6  0.835  268.5
2016 02 26  0.092 -0.819 7  0.824  264.9
2016 02 27  0.237 -0.782 7  0.818  261.2
2016 02 28  0.377 -0.723 7  0.815  257.7
2016 02 29  0.505 -0.643 7  0.817  254.7
2016 03 01  0.616 -0.544 8  0.822  252.3
2016 03 02  0.708 -0.429 8  0.828  250.4
2016 03 03  0.777 -0.302 8  0.834  249.1
2016 03 04  0.821 -0.168 8  0.838  248.1
2016 03 05  0.838 -0.030 8  0.838  247.5
2016 03 06  0.828  0.107 1  0.835  246.9
2016 03 07  0.793  0.238 1  0.828  246.4
2016 03 08  0.735  0.360 1  0.818  245.8
2016 03 09  0.655  0.468 1  0.805  245.0
2016 03 10  0.557  0.560 2  0.790  243.8
2016 03 11  0.445  0.633 2  0.774  242.2
2016 03 12  0.324  0.684 2  0.757  239.9
2016 03 13  0.197  0.714 2  0.740  236.8
2016 03 14  0.071  0.720 2  0.724  232.6
2016 03 15 -0.052  0.705 3  0.707  227.3
2016 03 16 -0.167  0.669 3  0.690  220.8
2016 03 17 -0.270  0.614 3  0.671  212.9
2016 03 18 -0.358  0.542 3  0.650  203.8
2016 03 19 -0.429  0.456 3  0.626  193.7
2016 03 20 -0.480  0.359 4  0.600  182.8
2016 03 21 -0.511  0.255 4  0.571  171.7
2016 03 22 -0.521  0.148 4  0.542  161.0
2016 03 23 -0.511  0.040 4  0.513  151.5
2016 03 24 -0.482 -0.064 5  0.487  143.8
2016 03 25 -0.436 -0.162 5  0.465  138.8
2016 03 26 -0.374 -0.251 5  0.450  136.8
2016 03 27 -0.301 -0.327 6  0.444  137.6
2016 03 28 -0.218 -0.389 6  0.446  140.7
2016 03 29 -0.130 -0.435 6  0.454  145.1
2016 03 30 -0.040 -0.465 6  0.467  150.0
2016 03 31  0.048 -0.478 7  0.480  154.3
2016 04 01  0.131 -0.474 7  0.492  157.3
2016 04 02  0.205 -0.455 7  0.499  158.2
2016 04 03  0.268 -0.421 7  0.499  156.8
2016 04 04  0.317 -0.375 7  0.492  152.8
2016 04 05  0.351 -0.320 8  0.475  146.1
2016 04 06  0.369 -0.258 8  0.450  136.9
2016 04 07  0.371 -0.192 8  0.417  125.5
2016 04 08  0.356 -0.124 8  0.377  112.5
2016 04 09  0.327 -0.059 8  0.333   98.5
2016 04 10  0.286  0.001 1  0.286   84.4
2016 04 11  0.235  0.054 1  0.241   71.6
2016 04 12  0.178  0.098 1  0.203   61.2
2016 04 13  0.118  0.131 2  0.176   54.7
2016 04 14  0.058  0.153 2  0.164   52.2
2016 04 15  0.002  0.164 2  0.164   52.8
2016 04 16 -0.046  0.164 3  0.170   54.4
2016 04 17 -0.083  0.154 3  0.175   55.2
2016 04 18 -0.107  0.136 3  0.173   54.0
2016 04 19 -0.117  0.112 4  0.162   50.0
2016 04 20 -0.112  0.085 4  0.140   42.9
2016 04 21 -0.091  0.057 4  0.108   32.6
2016 04 22 -0.056  0.031 4  0.064   19.3
2016 04 23 -0.008  0.009 3  0.013    3.9
2016 04 24  0.049 -0.005 8  0.050   14.7
2016 04 25  0.115 -0.011 8  0.115   34.0
2016 04 26  0.183 -0.006 8  0.183   54.1
2016 04 27  0.251  0.010 1  0.252   74.2
2016 04 28  0.315  0.036 1  0.317   93.8
2016 04 29  0.371  0.074 1  0.378  112.1
2016 04 30  0.415  0.121 1  0.433  128.6
2016 05 01  0.445  0.176 1  0.479  143.0
2016 05 02  0.458  0.236 1  0.515  155.0
2016 05 03  0.452  0.300 1  0.542  164.5
2016 05 04  0.427  0.363 1  0.560  171.7
2016 05 05  0.382  0.423 2  0.570  176.7
2016 05 06  0.319  0.477 2  0.574  180.0
2016 05 07  0.240  0.522 2  0.574  182.2
2016 05 08  0.147  0.555 2  0.574  183.8
2016 05 09  0.043  0.575 2  0.577  185.5
2016 05 10 -0.069  0.580 3  0.584  187.7
2016 05 11 -0.184  0.569 3  0.598  190.8
2016 05 12 -0.298  0.541 3  0.618  195.0
2016 05 13 -0.408  0.497 3  0.643  200.1
2016 05 14 -0.510  0.437 4  0.672  205.9
2016 05 15 -0.600  0.363 4  0.701  212.1
2016 05 16 -0.675  0.277 4  0.730  218.3
2016 05 17 -0.733  0.181 4  0.755  224.1
2016 05 18 -0.772  0.078 4  0.776  229.1
2016 05 19 -0.789 -0.029 5  0.790  233.2
2016 05 20 -0.786 -0.137 5  0.798  236.2
2016 05 21 -0.761 -0.244 5  0.799  238.0
2016 05 22 -0.715 -0.346 5  0.795  238.7
2016 05 23 -0.649 -0.441 5  0.785  238.4
2016 05 24 -0.565 -0.525 5  0.771  237.3
2016 05 25 -0.463 -0.597 6  0.756  235.7
2016 05 26 -0.346 -0.654 6  0.740  233.9
2016 05 27 -0.217 -0.695 6  0.728  232.5
2016 05 28 -0.078 -0.718 6  0.722  232.0
2016 05 29  0.068 -0.722 7  0.725  232.9
2016 05 30  0.218 -0.706 7  0.739  235.9
2016 05 31  0.368 -0.670 7  0.764  241.3
2016 06 01  0.515 -0.614 7  0.802  249.3
2016 06 02  0.656 -0.539 8  0.849  260.0
2016 06 03  0.787 -0.446 8  0.905  273.0
2016 06 04  0.904 -0.336 8  0.964  287.8
2016 06 05  1.003 -0.211 8  1.025  303.7
2016 06 06  1.080 -0.074 8  1.083  319.7
2016 06 07  1.132  0.072 1  1.135  335.0
2016 06 08  1.157  0.223 1  1.178  348.8
2016 06 09  1.150  0.375 1  1.210  360.3
2016 06 10  1.111  0.525 1  1.228  368.7
2016 06 11  1.038  0.666 1  1.233  373.7
2016 06 12  0.931  0.794 1  1.223  375.0
2016 06 13  0.790  0.904 2  1.201  372.7
2016 06 14  0.619  0.991 2  1.169  367.4
2016 06 15  0.420  1.051 2  1.132  359.9
2016 06 16  0.199  1.079 2  1.097  351.8
2016 06 17 -0.040  1.072 3  1.073  344.9
2016 06 18 -0.289  1.028 3  1.068  341.5
2016 06 19 -0.541  0.946 3  1.090  343.6
2016 06 20 -0.787  0.827 3  1.141  352.9
2016 06 21 -1.018  0.670 4  1.219  369.7
2016 06 22 -1.225  0.481 4  1.316  393.3
2016 06 23 -1.401  0.263 4  1.425  422.1
2016 06 24 -1.537  0.021 4  1.538  453.8
2016 06 25 -1.628 -0.236 5  1.645  486.4
2016 06 26 -1.667 -0.502 5  1.741  517.7
2016 06 27 -1.651 -0.766 5  1.820  546.1
2016 06 28 -1.579 -1.021 5  1.881  570.1
2016 06 29 -1.452 -1.256 5  1.920  588.9
2016 06 30 -1.273 -1.462 6  1.938  601.8
2016 07 01 -1.046 -1.631 6  1.938  608.7
2016 07 02 -0.779 -1.756 6  1.921  609.7
2016 07 03 -0.481 -1.831 6  1.893  605.5
2016 07 04 -0.162 -1.850 6  1.857  596.9
2016 07 05  0.166 -1.813 7  1.820  585.0
2016 07 06  0.491 -1.718 7  1.787  571.1
2016 07 07  0.800 -1.567 7  1.760  556.5
2016 07 08  1.081 -1.365 7  1.741  542.7
2016 07 09  1.323 -1.117 8  1.732  530.7
2016 07 10  1.517 -0.832 8  1.730  521.5
2016 07 11  1.653 -0.518 8  1.732  515.5
2016 07 12  1.726 -0.186 8  1.736  512.9
2016 07 13  1.732  0.152 1  1.739  513.6
2016 07 14  1.671  0.484 1  1.740  517.2
2016 07 15  1.544  0.800 1  1.739  523.4
2016 07 16  1.356  1.087 1  1.738  531.5
2016 07 17  1.114  1.337 2  1.740  541.2
2016 07 18  0.826  1.540 2  1.748  552.1
2016 07 19  0.504  1.690 2  1.764  563.5
2016 07 20  0.159  1.783 2  1.790  575.2
2016 07 21 -0.195  1.815 3  1.825  586.4
2016 07 22 -0.546  1.786 3  1.868  596.6
2016 07 23 -0.880  1.699 3  1.914  605.0
2016 07 24 -1.186  1.558 3  1.958  611.1
2016 07 25 -1.452  1.367 4  1.995  614.1
2016 07 26 -1.670  1.136 4  2.020  613.7
2016 07 27 -1.833  0.873 4  2.030  609.5
2016 07 28 -1.935  0.588 4  2.022  601.6
2016 07 29 -1.974  0.291 4  1.996  590.2
2016 07 30 -1.951 -0.009 5  1.951  576.0
2016 07 31 -1.868 -0.300 5  1.892  559.7
2016 08 01 -1.729 -0.575 5  1.822  542.7
2016 08 02 -1.540 -0.824 5  1.747  526.3
2016 08 03 -1.310 -1.042 5  1.674  511.6
2016 08 04 -1.047 -1.222 6  1.609  500.0
2016 08 05 -0.761 -1.362 6  1.560  492.2
2016 08 06 -0.462 -1.459 6  1.530  488.5
2016 08 07 -0.161 -1.512 6  1.520  488.5
2016 08 08  0.135 -1.523 7  1.529  491.4
2016 08 09  0.416 -1.494 7  1.551  495.8
2016 08 10  0.674 -1.428 7  1.579  500.6
2016 08 11  0.904 -1.331 7  1.609  504.3
2016 08 12  1.100 -1.206 7  1.632  505.8
2016 08 13  1.260 -1.060 8  1.646  504.4
2016 08 14  1.381 -0.897 8  1.647  499.4
2016 08 15  1.463 -0.724 8  1.633  490.7
2016 08 16  1.508 -0.545 8  1.603  478.3
2016 08 17  1.516 -0.366 8  1.559  462.6
2016 08 18  1.491 -0.190 8  1.503  444.3
2016 08 19  1.437 -0.021 8  1.437  424.1
2016 08 20  1.357  0.137 1  1.364  403.1
2016 08 21  1.257  0.284 1  1.289  382.1
2016 08 22  1.140  0.416 1  1.214  362.3
2016 08 23  1.012  0.534 1  1.144  344.5
2016 08 24  0.876  0.637 1  1.083  329.7
2016 08 25  0.735  0.724 1  1.032  318.2
2016 08 26  0.595  0.795 2  0.993  310.2
2016 08 27  0.456  0.852 2  0.967  305.3
2016 08 28  0.322  0.895 2  0.951  303.1
2016 08 29  0.194  0.924 2  0.945  302.8
2016 08 30  0.074  0.941 2  0.944  303.4
2016 08 31 -0.037  0.945 3  0.946  304.1
2016 09 01 -0.138  0.938 3  0.948  304.4
2016 09 02 -0.229  0.920 3  0.948  303.5
2016 09 03 -0.311  0.891 3  0.944  301.0
2016 09 04 -0.382  0.854 3  0.935  296.7
2016 09 05 -0.442  0.807 3  0.920  290.4
2016 09 06 -0.492  0.752 3  0.899  282.1
2016 09 07 -0.532  0.690 3  0.871  271.9
2016 09 08 -0.562  0.622 3  0.838  259.9
2016 09 09 -0.582  0.549 4  0.800  246.3
2016 09 10 -0.593  0.472 4  0.758  231.7
2016 09 11 -0.595  0.393 4  0.713  216.3
2016 09 12 -0.587  0.313 4  0.666  200.6
2016 09 13 -0.573  0.235 4  0.619  185.1
2016 09 14 -0.551  0.158 4  0.573  170.4
2016 09 15 -0.523  0.085 4  0.530  156.9
2016 09 16 -0.491  0.017 4  0.491  145.0
2016 09 17 -0.455 -0.046 5  0.457  135.1
2016 09 18 -0.417 -0.103 5  0.429  127.3
2016 09 19 -0.377 -0.153 5  0.407  121.6
2016 09 20 -0.337 -0.196 5  0.390  117.9
2016 09 21 -0.298 -0.233 5  0.379  115.7
2016 09 22 -0.261 -0.265 6  0.372  114.8
2016 09 23 -0.225 -0.292 6  0.368  115.0
2016 09 24 -0.191 -0.315 6  0.368  115.9
2016 09 25 -0.159 -0.335 6  0.371  117.5
2016 09 26 -0.128 -0.354 6  0.376  119.9
2016 09 27 -0.098 -0.371 6  0.384  122.9
2016 09 28 -0.068 -0.389 6  0.395  126.8
2016 09 29 -0.036 -0.408 6  0.409  131.5
2016 09 30 -0.001 -0.427 6  0.427  137.2
2016 10 01  0.036 -0.446 7  0.448  143.9
2016 10 02  0.078 -0.465 7  0.472  151.4
2016 10 03  0.124 -0.483 7  0.499  159.7
2016 10 04  0.175 -0.499 7  0.529  168.7
2016 10 05  0.230 -0.511 7  0.561  177.9
2016 10 06  0.289 -0.518 7  0.593  187.0
2016 10 07  0.349 -0.517 7  0.624  195.7
2016 10 08  0.410 -0.508 7  0.653  203.4
2016 10 09  0.468 -0.490 7  0.678  209.6
2016 10 10  0.522 -0.461 8  0.697  213.9
2016 10 11  0.569 -0.421 8  0.708  215.8
2016 10 12  0.606 -0.370 8  0.710  214.9
2016 10 13  0.631 -0.309 8  0.702  211.0
2016 10 14  0.640 -0.239 8  0.683  204.0
2016 10 15  0.633 -0.162 8  0.653  193.9
2016 10 16  0.607 -0.081 8  0.612  181.0
2016 10 17  0.562  0.001 1  0.562  165.9
2016 10 18  0.498  0.082 1  0.505  149.5
2016 10 19  0.417  0.158 1  0.446  133.2
2016 10 20  0.320  0.225 1  0.391  119.1
2016 10 21  0.210  0.281 2  0.351  109.7
2016 10 22  0.091  0.323 2  0.336  107.4
2016 10 23 -0.034  0.349 3  0.351  112.8
2016 10 24 -0.158  0.357 3  0.391  124.1
2016 10 25 -0.279  0.347 3  0.445  138.7
2016 10 26 -0.389  0.319 4  0.503  154.0
2016 10 27 -0.486  0.273 4  0.557  168.2
2016 10 28 -0.564  0.213 4  0.603  179.9
2016 10 29 -0.620  0.140 4  0.635  188.4
2016 10 30 -0.651  0.059 4  0.653  193.0
2016 10 31 -0.656 -0.027 5  0.656  193.7
2016 11 01 -0.634 -0.113 5  0.644  190.5
2016 11 02 -0.586 -0.195 5  0.617  183.9
2016 11 03 -0.513 -0.268 5  0.579  174.4
2016 11 04 -0.420 -0.329 5  0.534  163.1
2016 11 05 -0.310 -0.374 6  0.486  151.1
2016 11 06 -0.187 -0.400 6  0.442  140.1
2016 11 07 -0.057 -0.406 6  0.410  131.7
2016 11 08  0.074 -0.390 7  0.397  127.4
2016 11 09  0.201 -0.353 7  0.406  128.1
2016 11 10  0.318 -0.296 8  0.434  133.7
2016 11 11  0.421 -0.220 8  0.475  143.1
2016 11 12  0.506 -0.129 8  0.522  154.9
2016 11 13  0.568 -0.026 8  0.569  167.8
2016 11 14  0.606  0.085 1  0.612  180.9
2016 11 15  0.619  0.198 1  0.650  193.4
2016 11 16  0.606  0.311 1  0.681  204.9
2016 11 17  0.569  0.418 1  0.706  215.1
2016 11 18  0.509  0.516 2  0.725  223.8
2016 11 19  0.430  0.600 2  0.738  231.0
2016 11 20  0.335  0.669 2  0.748  236.6
2016 11 21  0.228  0.718 2  0.754  240.6
2016 11 22  0.114  0.748 2  0.757  242.9
2016 11 23 -0.003  0.757 3  0.757  243.4
2016 11 24 -0.118  0.746 3  0.755  242.3
2016 11 25 -0.228  0.714 3  0.750  239.3
2016 11 26 -0.327  0.665 3  0.741  234.6
2016 11 27 -0.415  0.599 3  0.729  228.3
2016 11 28 -0.486  0.520 3  0.712  220.4
2016 11 29 -0.541  0.430 4  0.692  211.4
2016 11 30 -0.578  0.333 4  0.667  201.4
2016 12 01 -0.596  0.231 4  0.639  191.0
2016 12 02 -0.596  0.127 4  0.610  180.7
2016 12 03 -0.579  0.025 4  0.579  171.1
2016 12 04 -0.545 -0.073 5  0.550  162.7
2016 12 05 -0.498 -0.164 5  0.524  156.1
2016 12 06 -0.438 -0.247 5  0.503  151.7
2016 12 07 -0.368 -0.320 5  0.488  149.7
2016 12 08 -0.292 -0.381 6  0.480  149.7
2016 12 09 -0.210 -0.429 6  0.478  151.4
2016 12 10 -0.127 -0.465 6  0.482  154.1
2016 12 11 -0.044 -0.487 6  0.489  157.1
2016 12 12  0.036 -0.496 7  0.497  159.8
2016 12 13  0.112 -0.492 7  0.505  161.7
2016 12 14  0.180 -0.477 7  0.509  162.1
2016 12 15  0.239 -0.450 7  0.509  160.9
2016 12 16  0.287 -0.413 7  0.503  157.7
2016 12 17  0.325 -0.368 7  0.491  152.3
2016 12 18  0.350 -0.317 8  0.472  144.9
2016 12 19  0.362 -0.260 8  0.445  135.5
2016 12 20  0.361 -0.200 8  0.412  124.4
2016 12 21  0.347 -0.139 8  0.374  111.8
2016 12 22  0.322 -0.078 8  0.331   98.3
2016 12 23  0.286 -0.020 8  0.286   84.6
2016 12 24  0.240  0.033 1  0.242   71.7
2016 12 25  0.187  0.080 1  0.204   61.0
2016 12 26  0.129  0.120 1  0.176   54.2
2016 12 27  0.068  0.151 2  0.166   52.5
2016 12 28  0.006  0.173 2  0.173   55.5
2016 12 29 -0.053  0.184 3  0.192   61.3
2016 12 30 -0.107  0.186 3  0.215   67.7
2016 12 31 -0.153  0.179 3  0.236   73.3
2017 01 01 -0.190  0.164 4  0.251   76.9
2017 01 02 -0.214  0.142 4  0.257   78.0
2017 01 03 -0.226  0.114 4  0.253   76.2
2017 01 04 -0.224  0.084 4  0.239   71.3
2017 01 05 -0.207  0.053 4  0.214   63.5
2017 01 06 -0.177  0.023 4  0.179   52.8
2017 01 07 -0.135 -0.003 5  0.135   39.9
2017 01 08 -0.083 -0.023 5  0.086   25.6
2017 01 09 -0.023 -0.036 6  0.043   13.5
2017 01 10  0.041 -0.040 8  0.057   17.6
2017 01 11  0.105 -0.034 8  0.111   33.0
2017 01 12  0.167 -0.018 8  0.168   49.6
2017 01 13  0.221  0.007 1  0.221   65.4
2017 01 14  0.265  0.041 1  0.269   79.4
2017 01 15  0.296  0.082 1  0.307   91.2
2017 01 16  0.310  0.128 1  0.335  100.2
2017 01 17  0.305  0.175 1  0.352  106.3
2017 01 18  0.282  0.222 1  0.359  109.6
2017 01 19  0.239  0.265 2  0.356  110.5
2017 01 20  0.177  0.300 2  0.349  109.8
2017 01 21  0.099  0.326 2  0.340  108.7
2017 01 22  0.007  0.338 2  0.338  108.6
2017 01 23 -0.095  0.335 3  0.348  111.3
2017 01 24 -0.203  0.315 3  0.375  117.7
2017 01 25 -0.311  0.278 4  0.417  128.1
2017 01 26 -0.415  0.223 4  0.471  142.0
2017 01 27 -0.510  0.151 4  0.532  158.1
2017 01 28 -0.590  0.064 4  0.593  175.3
2017 01 29 -0.651 -0.036 5  0.652  192.5
2017 01 30 -0.689 -0.144 5  0.704  208.7
2017 01 31 -0.702 -0.259 5  0.748  223.2
2017 02 01 -0.686 -0.375 5  0.782  235.7
2017 02 02 -0.642 -0.487 5  0.806  245.9
2017 02 03 -0.569 -0.592 6  0.822  254.0
2017 02 04 -0.470 -0.685 6  0.831  260.3
2017 02 05 -0.347 -0.761 6  0.836  265.3
2017 02 06 -0.205 -0.817 6  0.843  269.7
2017 02 07 -0.047 -0.851 6  0.852  274.0
2017 02 08  0.120 -0.860 7  0.868  278.8
2017 02 09  0.290 -0.843 7  0.892  284.3
2017 02 10  0.456 -0.801 7  0.922  290.6
2017 02 11  0.613 -0.734 7  0.956  297.3
2017 02 12  0.753 -0.644 8  0.991  303.8
2017 02 13  0.871 -0.535 8  1.022  309.3
2017 02 14  0.962 -0.410 8  1.046  313.2
2017 02 15  1.023 -0.273 8  1.059  314.6
2017 02 16  1.051 -0.130 8  1.059  313.0
2017 02 17  1.044  0.015 1  1.044  308.1
2017 02 18  1.002  0.156 1  1.014  300.0
2017 02 19  0.927  0.288 1  0.971  288.9
2017 02 20  0.821  0.408 1  0.917  275.6
2017 02 21  0.689  0.510 1  0.857  261.3
2017 02 22  0.535  0.592 2  0.798  247.4
2017 02 23  0.365  0.652 2  0.747  235.6
2017 02 24  0.185  0.687 2  0.712  227.6
2017 02 25  0.001  0.698 2  0.698  224.6
2017 02 26 -0.179  0.686 3  0.709  226.9
2017 02 27 -0.350  0.652 3  0.739  233.6
2017 02 28 -0.505  0.597 3  0.782  243.1
2017 03 01 -0.640  0.527 4  0.829  253.7
2017 03 02 -0.750  0.443 4  0.871  263.4
2017 03 03 -0.833  0.350 4  0.904  270.6
2017 03 04 -0.887  0.253 4  0.922  274.1
2017 03 05 -0.910  0.156 4  0.923  273.2
2017 03 06 -0.903  0.062 4  0.905  267.2
2017 03 07 -0.868 -0.024 5  0.868  256.2
2017 03 08 -0.807 -0.100 5  0.813  240.2
2017 03 09 -0.723 -0.162 5  0.741  219.7
2017 03 10 -0.621 -0.210 5  0.656  195.4
2017 03 11 -0.506 -0.242 5  0.561  168.4
2017 03 12 -0.381 -0.258 5  0.460  139.8
2017 03 13 -0.253 -0.258 6  0.362  111.7
2017 03 14 -0.126 -0.244 6  0.275   86.9
2017 03 15 -0.004 -0.217 6  0.217   69.9
2017 03 16  0.108 -0.180 7  0.210   66.2
2017 03 17  0.207 -0.136 8  0.248   75.2
2017 03 18  0.291 -0.087 8  0.303   90.2
2017 03 19  0.357 -0.036 8  0.358  105.9
2017 03 20  0.404  0.014 1  0.404  119.2
2017 03 21  0.432  0.060 1  0.436  128.9
2017 03 22  0.441  0.100 1  0.452  134.1
2017 03 23  0.432  0.132 1  0.452  134.6
2017 03 24  0.408  0.155 1  0.437  130.4
2017 03 25  0.370  0.168 1  0.406  121.7
2017 03 26  0.320  0.170 1  0.362  109.1
2017 03 27  0.262  0.162 1  0.308   93.1
2017 03 28  0.198  0.144 1  0.245   74.5
2017 03 29  0.130  0.119 1  0.176   54.2
2017 03 30  0.062  0.087 2  0.107   33.4
2017 03 31 -0.005  0.051 3  0.051   16.4
2017 04 01 -0.068  0.012 4  0.069   20.5
2017 04 02 -0.126 -0.028 5  0.129   38.4
2017 04 03 -0.178 -0.066 5  0.190   56.7
2017 04 04 -0.222 -0.102 5  0.244   73.3
2017 04 05 -0.258 -0.133 5  0.291   87.5
2017 04 06 -0.286 -0.159 5  0.328   98.8
2017 04 07 -0.305 -0.180 5  0.354  107.1
2017 04 08 -0.316 -0.194 5  0.371  112.1
2017 04 09 -0.318 -0.202 5  0.377  114.1
2017 04 10 -0.312 -0.204 5  0.372  112.9
2017 04 11 -0.297 -0.201 5  0.358  108.9
2017 04 12 -0.275 -0.193 5  0.336  102.1
2017 04 13 -0.244 -0.182 5  0.304   92.8
2017 04 14 -0.206 -0.168 5  0.266   81.4
2017 04 15 -0.162 -0.152 5  0.222   68.4
2017 04 16 -0.110 -0.136 6  0.175   54.4
2017 04 17 -0.053 -0.118 6  0.130   41.2
2017 04 18  0.009 -0.101 7  0.102   32.7
2017 04 19  0.074 -0.084 7  0.113   34.9
2017 04 20  0.143 -0.068 8  0.158   47.4
2017 04 21  0.212 -0.052 8  0.218   64.6
2017 04 22  0.280 -0.035 8  0.282   83.3
2017 04 23  0.345 -0.019 8  0.345  101.9
2017 04 24  0.405 -0.002 8  0.405  119.4
2017 04 25  0.458  0.015 1  0.458  135.2
2017 04 26  0.502  0.034 1  0.503  148.5
2017 04 27  0.535  0.053 1  0.538  158.9
2017 04 28  0.557  0.073 1  0.561  166.0
2017 04 29  0.565  0.093 1  0.573  169.5
2017 04 30  0.560  0.114 1  0.572  169.4
2017 05 01  0.542  0.134 1  0.558  165.6
2017 05 02  0.511  0.153 1  0.533  158.5
2017 05 03  0.468  0.170 1  0.498  148.5
2017 05 04  0.414  0.186 1  0.454  136.1
2017 05 05  0.353  0.198 1  0.405  122.3
2017 05 06  0.287  0.208 1  0.355  108.0
2017 05 07  0.218  0.215 1  0.306   94.4
2017 05 08  0.148  0.219 2  0.264   82.9
2017 05 09  0.082  0.220 2  0.234   74.7
2017 05 10  0.021  0.218 2  0.219   70.4
2017 05 11 -0.033  0.215 3  0.217   69.7
2017 05 12 -0.078  0.210 3  0.224   71.4
2017 05 13 -0.112  0.205 3  0.234   73.9
2017 05 14 -0.136  0.201 3  0.243   76.0
2017 05 15 -0.150  0.197 3  0.248   77.3
2017 05 16 -0.154  0.195 3  0.248   77.5
2017 05 17 -0.149  0.195 3  0.246   76.7
2017 05 18 -0.137  0.198 3  0.241   75.4
2017 05 19 -0.121  0.202 3  0.236   74.2
2017 05 20 -0.102  0.209 3  0.232   73.6
2017 05 21 -0.083  0.216 3  0.232   73.7
2017 05 22 -0.066  0.224 3  0.233   74.5
2017 05 23 -0.053  0.231 3  0.237   75.8
2017 05 24 -0.045  0.236 3  0.240   76.9
2017 05 25 -0.044  0.238 3  0.242   77.5
2017 05 26 -0.050  0.236 3  0.241   77.2
2017 05 27 -0.064  0.228 3  0.237   75.8
2017 05 28 -0.083  0.216 3  0.231   73.6
2017 05 29 -0.109  0.197 3  0.225   70.9
2017 05 30 -0.139  0.172 3  0.220   68.7
2017 05 31 -0.171  0.140 4  0.221   67.7
2017 06 01 -0.203  0.104 4  0.228   68.7
2017 06 02 -0.235  0.063 4  0.243   72.2
2017 06 03 -0.263  0.019 4  0.263   77.8
2017 06 04 -0.285 -0.026 5  0.287   84.6
2017 06 05 -0.301 -0.072 5  0.310   91.9
2017 06 06 -0.310 -0.116 5  0.331   98.7
2017 06 07 -0.310 -0.156 5  0.347  104.3
2017 06 08 -0.302 -0.191 5  0.357  108.2
2017 06 09 -0.285 -0.220 5  0.360  109.9
2017 06 10 -0.261 -0.241 5  0.355  109.3
2017 06 11 -0.229 -0.255 6  0.343  106.3
2017 06 12 -0.192 -0.260 6  0.323  101.0
2017 06 13 -0.151 -0.256 6  0.297   93.6
2017 06 14 -0.107 -0.244 6  0.267   84.6
2017 06 15 -0.062 -0.225 6  0.233   74.5
2017 06 16 -0.016 -0.198 6  0.199   64.0
2017 06 17  0.029 -0.167 7  0.169   54.3
2017 06 18  0.072 -0.130 7  0.149   47.0
2017 06 19  0.113 -0.091 8  0.145   44.3
2017 06 20  0.150 -0.049 8  0.158   47.0
2017 06 21  0.183 -0.006 8  0.183   54.2
2017 06 22  0.213  0.037 1  0.216   63.9
2017 06 23  0.238  0.080 1  0.251   74.7
2017 06 24  0.258  0.122 1  0.285   85.5
2017 06 25  0.272  0.162 1  0.317   95.8
2017 06 26  0.281  0.201 1  0.346  105.2
2017 06 27  0.283  0.238 1  0.370  113.4
2017 06 28  0.278  0.273 1  0.389  120.1
2017 06 29  0.264  0.305 2  0.403  125.3
2017 06 30  0.241  0.333 2  0.412  128.7
2017 07 01  0.208  0.358 2  0.414  130.5
2017 07 02  0.164  0.378 2  0.412  130.7
2017 07 03  0.108  0.391 2  0.405  129.6
2017 07 04  0.041  0.396 2  0.398  127.9
2017 07 05 -0.037  0.391 3  0.393  126.4
2017 07 06 -0.125  0.376 3  0.396  126.3
2017 07 07 -0.221  0.347 3  0.411  129.2
2017 07 08 -0.322  0.303 4  0.442  136.2
2017 07 09 -0.426  0.244 4  0.491  148.1
2017 07 10 -0.528  0.168 4  0.554  165.0
2017 07 11 -0.626  0.075 4  0.630  186.2
2017 07 12 -0.713 -0.035 5  0.714  210.7
2017 07 13 -0.786 -0.159 5  0.801  237.4
2017 07 14 -0.839 -0.296 5  0.890  265.4
2017 07 15 -0.870 -0.443 5  0.976  293.6
2017 07 16 -0.874 -0.595 5  1.057  321.2
2017 07 17 -0.848 -0.749 5  1.132  347.4
2017 07 18 -0.792 -0.898 6  1.197  371.5
2017 07 19 -0.704 -1.038 6  1.254  393.1
2017 07 20 -0.585 -1.162 6  1.301  411.6
2017 07 21 -0.438 -1.264 6  1.338  426.7
2017 07 22 -0.267 -1.340 6  1.367  438.2
2017 07 23 -0.076 -1.385 6  1.387  446.0
2017 07 24  0.128 -1.395 7  1.401  450.1
2017 07 25  0.337 -1.367 7  1.408  450.7
2017 07 26  0.544 -1.300 7  1.410  448.0
2017 07 27  0.741 -1.196 7  1.407  442.3
2017 07 28  0.920 -1.054 7  1.399  434.3
2017 07 29  1.072 -0.880 8  1.387  424.5
2017 07 30  1.191 -0.678 8  1.370  413.6
2017 07 31  1.271 -0.454 8  1.350  402.6
2017 08 01  1.309 -0.216 8  1.326  392.5
2017 08 02  1.301  0.028 1  1.301  384.0
2017 08 03  1.247  0.269 1  1.275  378.0
2017 08 04  1.148  0.499 1  1.252  374.9
2017 08 05  1.008  0.709 1  1.232  374.9
2017 08 06  0.832  0.891 2  1.220  377.5
2017 08 07  0.628  1.039 2  1.214  382.1
2017 08 08  0.402  1.147 2  1.216  387.6
2017 08 09  0.164  1.212 2  1.223  392.8
2017 08 10 -0.075  1.232 3  1.234  396.7
2017 08 11 -0.306  1.206 3  1.244  398.2
2017 08 12 -0.520  1.137 3  1.250  396.5
2017 08 13 -0.708  1.028 3  1.248  391.1
2017 08 14 -0.861  0.886 3  1.235  381.7
2017 08 15 -0.974  0.716 4  1.209  368.4
2017 08 16 -1.043  0.527 4  1.168  351.4
2017 08 17 -1.064  0.328 4  1.114  331.4
2017 08 18 -1.039  0.127 4  1.046  309.3
2017 08 19 -0.967 -0.065 5  0.969  286.2
2017 08 20 -0.854 -0.242 5  0.887  263.7
2017 08 21 -0.704 -0.394 5  0.807  243.4
2017 08 22 -0.525 -0.516 5  0.736  227.0
2017 08 23 -0.325 -0.602 6  0.684  216.0
2017 08 24 -0.113 -0.649 6  0.658  211.2
2017 08 25  0.101 -0.655 7  0.663  212.8
2017 08 26  0.308 -0.621 7  0.694  219.6
2017 08 27  0.500 -0.550 7  0.743  230.2
2017 08 28  0.666 -0.444 8  0.801  243.1
2017 08 29  0.802 -0.310 8  0.860  256.9
2017 08 30  0.901 -0.154 8  0.914  270.4
2017 08 31  0.958  0.016 1  0.959  282.9
2017 09 01  0.973  0.191 1  0.992  293.8
2017 09 02  0.945  0.365 1  1.013  302.6
2017 09 03  0.875  0.527 1  1.022  308.9
2017 09 04  0.768  0.670 1  1.019  312.7
2017 09 05  0.627  0.788 2  1.007  313.7
2017 09 06  0.460  0.874 2  0.988  312.1
2017 09 07  0.275  0.924 2  0.964  308.0
2017 09 08  0.078  0.936 2  0.940  302.0
2017 09 09 -0.120  0.909 3  0.917  294.6
2017 09 10 -0.312  0.844 3  0.900  286.8
2017 09 11 -0.490  0.744 3  0.890  279.4
2017 09 12 -0.644  0.612 4  0.889  273.7
2017 09 13 -0.771  0.454 4  0.895  270.4
2017 09 14 -0.863  0.278 4  0.907  270.0
2017 09 15 -0.918  0.091 4  0.922  272.5
2017 09 16 -0.933 -0.098 5  0.938  277.2
2017 09 17 -0.909 -0.282 5  0.952  283.2
2017 09 18 -0.847 -0.452 5  0.960  289.0
2017 09 19 -0.749 -0.599 5  0.960  293.4
2017 09 20 -0.622 -0.719 6  0.951  295.2
2017 09 21 -0.471 -0.804 6  0.932  293.6
2017 09 22 -0.303 -0.851 6  0.904  288.0
2017 09 23 -0.126 -0.858 6  0.867  278.5
2017 09 24  0.052 -0.824 7  0.826  265.5
2017 09 25  0.223 -0.751 7  0.783  250.2
2017 09 26  0.378 -0.641 7  0.744  234.3
2017 09 27  0.510 -0.499 8  0.714  220.1
2017 09 28  0.614 -0.332 8  0.698  210.3
2017 09 29  0.683 -0.148 8  0.699  207.3
2017 09 30  0.716  0.046 1  0.718  211.9
2017 10 01  0.710  0.241 1  0.750  223.5
2017 10 02  0.666  0.427 1  0.791  239.8
2017 10 03  0.586  0.596 2  0.835  258.0
2017 10 04  0.473  0.739 2  0.877  275.6
2017 10 05  0.333  0.850 2  0.913  290.5
2017 10 06  0.172  0.924 2  0.940  301.3
2017 10 07 -0.001  0.955 3  0.955  307.2
2017 10 08 -0.179  0.943 3  0.960  307.9
2017 10 09 -0.353  0.887 3  0.955  303.7
2017 10 10 -0.514  0.789 3  0.942  295.6
2017 10 11 -0.654  0.653 4  0.924  285.1
2017 10 12 -0.766  0.483 4  0.905  274.3
2017 10 13 -0.845  0.287 4  0.892  265.9
2017 10 14 -0.886  0.073 4  0.889  262.4
2017 10 15 -0.886 -0.150 5  0.899  266.0
2017 10 16 -0.846 -0.374 5  0.925  277.1
2017 10 17 -0.766 -0.589 5  0.966  294.9
2017 10 18 -0.650 -0.786 6  1.020  317.3
2017 10 19 -0.502 -0.959 6  1.082  342.0
2017 10 20 -0.328 -1.100 6  1.148  366.7
2017 10 21 -0.136 -1.204 6  1.212  389.3
2017 10 22  0.066 -1.268 7  1.270  408.3
2017 10 23  0.270 -1.291 7  1.319  422.8
2017 10 24  0.467 -1.273 7  1.356  431.9
2017 10 25  0.650 -1.215 7  1.378  435.4
2017 10 26  0.812 -1.122 7  1.385  433.2
2017 10 27  0.946 -0.999 7  1.376  425.6
2017 10 28  1.049 -0.851 8  1.351  413.2
2017 10 29  1.117 -0.686 8  1.311  396.7
2017 10 30  1.149 -0.511 8  1.258  376.9
2017 10 31  1.147 -0.332 8  1.194  355.0
2017 11 01  1.111 -0.158 8  1.123  332.0
2017 11 02  1.046  0.006 1  1.046  308.9
2017 11 03  0.957  0.154 1  0.969  286.8
2017 11 04  0.848  0.283 1  0.894  266.5
2017 11 05  0.727  0.389 1  0.825  248.5
2017 11 06  0.599  0.473 1  0.763  233.2
2017 11 07  0.471  0.532 2  0.711  220.5
2017 11 08  0.348  0.569 2  0.668  210.0
2017 11 09  0.235  0.587 2  0.633  201.2
2017 11 10  0.136  0.589 2  0.604  193.6
2017 11 11  0.052  0.579 2  0.581  186.7
2017 11 12 -0.014  0.560 3  0.561  180.3
2017 11 13 -0.064  0.539 3  0.543  174.3
2017 11 14 -0.098  0.518 3  0.527  169.2
2017 11 15 -0.119  0.502 3  0.516  165.2
2017 11 16 -0.131  0.493 3  0.510  163.2
2017 11 17 -0.137  0.494 3  0.512  163.7
2017 11 18 -0.141  0.504 3  0.524  167.4
2017 11 19 -0.149  0.525 3  0.545  174.4
2017 11 20 -0.163  0.554 3  0.578  184.6
2017 11 21 -0.187  0.591 3  0.619  197.7
2017 11 22 -0.223  0.630 3  0.669  213.2
2017 11 23 -0.273  0.671 3  0.724  230.3
2017 11 24 -0.338  0.707 3  0.784  248.3
2017 11 25 -0.416  0.735 3  0.845  266.5
2017 11 26 -0.506  0.752 3  0.906  284.1
2017 11 27 -0.604  0.753 3  0.965  300.7
2017 11 28 -0.707  0.736 3  1.020  315.4
2017 11 29 -0.810  0.698 4  1.069  327.9
2017 11 30 -0.909  0.638 4  1.110  337.6
2017 12 01 -0.998  0.555 4  1.142  344.5
2017 12 02 -1.073  0.452 4  1.164  348.3
2017 12 03 -1.128  0.328 4  1.175  349.3
2017 12 04 -1.161  0.188 4  1.176  347.9
2017 12 05 -1.168  0.034 4  1.168  344.8
2017 12 06 -1.147 -0.128 5  1.154  341.0
2017 12 07 -1.097 -0.295 5  1.136  337.5
2017 12 08 -1.020 -0.462 5  1.119  335.6
2017 12 09 -0.915 -0.623 5  1.107  336.3
2017 12 10 -0.787 -0.774 5  1.104  340.4
2017 12 11 -0.639 -0.909 6  1.111  347.9
2017 12 12 -0.474 -1.026 6  1.131  358.5
2017 12 13 -0.299 -1.122 6  1.161  371.3
2017 12 14 -0.118 -1.192 6  1.198  385.0
2017 12 15  0.064 -1.237 7  1.239  398.3
2017 12 16  0.241 -1.256 7  1.278  409.9
2017 12 17  0.408 -1.247 7  1.312  418.8
2017 12 18  0.561 -1.214 7  1.337  424.0
2017 12 19  0.696 -1.156 7  1.350  424.9
2017 12 20  0.811 -1.078 7  1.349  421.2
2017 12 21  0.904 -0.980 7  1.333  413.0
2017 12 22  0.973 -0.867 8  1.304  400.4
2017 12 23  1.019 -0.742 8  1.261  383.9
2017 12 24  1.042 -0.608 8  1.206  364.4
2017 12 25  1.042 -0.469 8  1.143  342.7
2017 12 26  1.023 -0.329 8  1.075  319.9
2017 12 27  0.986 -0.189 8  1.004  297.3
2017 12 28  0.934 -0.053 8  0.935  276.2
2017 12 29  0.870  0.076 1  0.873  257.8
2017 12 30  0.796  0.196 1  0.820  243.2
2017 12 31  0.715  0.307 1  0.778  233.1
2018 01 01  0.631  0.406 1  0.750  227.4
2018 01 02  0.545  0.493 1  0.735  225.8
2018 01 03  0.459  0.567 2  0.730  227.2
2018 01 04  0.375  0.629 2  0.733  230.7
2018 01 05  0.295  0.678 2  0.740  234.9
2018 01 06  0.220  0.716 2  0.749  239.1
2018 01 07  0.149  0.742 2  0.757  242.6
2018 01 08  0.084  0.758 2  0.763  245.0
2018 01 09  0.024  0.765 2  0.765  246.0
2018 01 10 -0.030  0.763 3  0.764  245.6
2018 01 11 -0.081  0.755 3  0.759  243.9
2018 01 12 -0.127  0.740 3  0.751  241.0
2018 01 13 -0.171  0.721 3  0.741  237.2
2018 01 14 -0.212  0.697 3  0.728  232.6
2018 01 15 -0.252  0.669 3  0.715  227.7
2018 01 16 -0.290  0.639 3  0.701  222.5
2018 01 17 -0.328  0.605 3  0.688  217.4
2018 01 18 -0.366  0.569 3  0.676  212.4
2018 01 19 -0.403  0.530 3  0.666  207.9
2018 01 20 -0.440  0.488 3  0.657  203.7
2018 01 21 -0.477  0.443 4  0.650  200.1
2018 01 22 -0.512  0.393 4  0.646  197.1
2018 01 23 -0.545  0.340 4  0.643  194.6
2018 01 24 -0.576  0.282 4  0.641  192.6
2018 01 25 -0.602  0.219 4  0.641  191.2
2018 01 26 -0.624  0.151 4  0.642  190.4
2018 01 27 -0.639  0.079 4  0.643  190.2
2018 01 28 -0.646  0.001 4  0.646  190.6
2018 01 29 -0.644 -0.080 5  0.649  191.9
2018 01 30 -0.633 -0.164 5  0.654  194.1
2018 01 31 -0.610 -0.251 5  0.660  197.3
2018 02 01 -0.576 -0.337 5  0.667  201.6
2018 02 02 -0.529 -0.422 5  0.677  207.0
2018 02 03 -0.471 -0.504 6  0.690  213.4
2018 02 04 -0.400 -0.580 6  0.704  220.7
2018 02 05 -0.318 -0.647 6  0.721  228.4
2018 02 06 -0.226 -0.705 6  0.740  236.3
2018 02 07 -0.126 -0.750 6  0.761  244.1
2018 02 08 -0.019 -0.781 6  0.782  251.3
2018 02 09  0.093 -0.797 7  0.802  257.7
2018 02 10  0.206 -0.795 7  0.822  262.9
2018 02 11  0.318 -0.777 7  0.839  266.8
2018 02 12  0.425 -0.741 7  0.854  269.3
2018 02 13  0.526 -0.688 7  0.866  270.3
2018 02 14  0.617 -0.619 7  0.874  269.9
2018 02 15  0.696 -0.537 8  0.879  268.3
2018 02 16  0.760 -0.442 8  0.879  265.6
2018 02 17  0.807 -0.339 8  0.876  262.0
2018 02 18  0.837 -0.229 8  0.868  257.8
2018 02 19  0.848 -0.116 8  0.856  253.0
2018 02 20  0.840 -0.003 8  0.840  247.9
2018 02 21  0.813  0.107 1  0.820  242.4
2018 02 22  0.768  0.210 1  0.797  236.7
2018 02 23  0.707  0.305 1  0.770  230.6
2018 02 24  0.632  0.387 1  0.741  224.3
2018 02 25  0.544  0.457 1  0.710  217.6
2018 02 26  0.446  0.512 2  0.679  210.7
2018 02 27  0.341  0.551 2  0.648  203.7
2018 02 28  0.231  0.574 2  0.619  196.8
2018 03 01  0.120  0.582 2  0.594  190.4
2018 03 02  0.009  0.574 2  0.574  184.7
2018 03 03 -0.098  0.553 3  0.562  180.2
2018 03 04 -0.199  0.520 3  0.557  177.2
2018 03 05 -0.293  0.476 3  0.559  175.7
2018 03 06 -0.377  0.423 3  0.567  175.9
2018 03 07 -0.451  0.364 4  0.580  177.4
2018 03 08 -0.514  0.301 4  0.595  179.8
2018 03 09 -0.564  0.234 4  0.611  182.8
2018 03 10 -0.602  0.167 4  0.625  185.6
2018 03 11 -0.627  0.101 4  0.635  188.0
2018 03 12 -0.640  0.037 4  0.641  189.4
2018 03 13 -0.642 -0.024 5  0.642  189.5
2018 03 14 -0.632 -0.082 5  0.637  188.3
2018 03 15 -0.611 -0.135 5  0.626  185.5
2018 03 16 -0.581 -0.183 5  0.609  181.3
2018 03 17 -0.541 -0.227 5  0.587  175.7
2018 03 18 -0.494 -0.267 5  0.561  169.2
2018 03 19 -0.439 -0.302 5  0.533  161.9
2018 03 20 -0.378 -0.332 5  0.503  154.5
2018 03 21 -0.312 -0.359 6  0.475  147.5
2018 03 22 -0.240 -0.381 6  0.450  141.5
2018 03 23 -0.165 -0.399 6  0.432  137.2
2018 03 24 -0.087 -0.413 6  0.422  135.2
2018 03 25 -0.007 -0.422 6  0.422  135.7
2018 03 26  0.074 -0.426 7  0.433  138.9
2018 03 27  0.154 -0.426 7  0.453  144.2
2018 03 28  0.233 -0.419 7  0.479  151.2
2018 03 29  0.309 -0.406 7  0.510  159.2
2018 03 30  0.380 -0.386 7  0.542  167.3
2018 03 31  0.446 -0.359 8  0.572  175.0
2018 04 01  0.504 -0.325 8  0.600  181.8
2018 04 02  0.554 -0.283 8  0.622  187.1
2018 04 03  0.594 -0.234 8  0.638  190.7
2018 04 04  0.622 -0.178 8  0.647  192.4
2018 04 05  0.639 -0.116 8  0.649  192.2
2018 04 06  0.643 -0.049 8  0.644  190.3
2018 04 07  0.633  0.023 1  0.633  186.9
2018 04 08  0.609  0.097 1  0.617  182.5
2018 04 09  0.572  0.172 1  0.597  177.7
2018 04 10  0.521  0.247 1  0.577  173.1
2018 04 11  0.457  0.319 1  0.558  169.6
2018 04 12  0.382  0.387 2  0.543  167.8
2018 04 13  0.296  0.447 2  0.536  168.3
2018 04 14  0.201  0.500 2  0.538  171.2
2018 04 15  0.099  0.541 2  0.550  176.5
2018 04 16 -0.007  0.571 3  0.571  183.7
2018 04 17 -0.116  0.587 3  0.599  191.9
2018 04 18 -0.224  0.589 3  0.630  200.6
2018 04 19 -0.328  0.575 3  0.662  208.8
2018 04 20 -0.426  0.546 3  0.693  216.0
2018 04 21 -0.515  0.501 4  0.719  221.5
2018 04 22 -0.591  0.441 4  0.738  224.9
2018 04 23 -0.652  0.368 4  0.749  226.0
2018 04 24 -0.695  0.283 4  0.751  224.5
2018 04 25 -0.719  0.188 4  0.743  220.6
2018 04 26 -0.720  0.086 4  0.725  214.4
2018 04 27 -0.699 -0.020 5  0.699  206.4
2018 04 28 -0.654 -0.126 5  0.666  197.3
2018 04 29 -0.586 -0.230 5  0.629  188.0
2018 04 30 -0.495 -0.327 5  0.593  179.9
2018 05 01 -0.383 -0.413 6  0.563  174.4
2018 05 02 -0.252 -0.485 6  0.547  172.9
2018 05 03 -0.106 -0.540 6  0.550  176.4
2018 05 04  0.051 -0.574 7  0.576  185.0
2018 05 05  0.214 -0.584 7  0.622  198.2
2018 05 06  0.380 -0.570 7  0.685  214.8
2018 05 07  0.541 -0.530 8  0.757  233.5
2018 05 08  0.693 -0.464 8  0.833  253.0
2018 05 09  0.828 -0.372 8  0.908  272.2
2018 05 10  0.942 -0.258 8  0.977  290.2
2018 05 11  1.030 -0.123 8  1.037  306.5
2018 05 12  1.086  0.029 1  1.086  320.6
2018 05 13  1.107  0.193 1  1.123  332.5
2018 05 14  1.090  0.363 1  1.149  342.3
2018 05 15  1.034  0.534 1  1.164  350.2
2018 05 16  0.939  0.699 1  1.171  356.8
2018 05 17  0.806  0.852 2  1.173  362.8
2018 05 18  0.638  0.986 2  1.175  369.0
2018 05 19  0.440  1.097 2  1.182  375.9
2018 05 20  0.216  1.178 2  1.197  384.1
2018 05 21 -0.026  1.225 3  1.225  393.9
2018 05 22 -0.278  1.234 3  1.265  405.4
2018 05 23 -0.533  1.205 3  1.317  418.1
2018 05 24 -0.781  1.135 3  1.378  431.7
2018 05 25 -1.013  1.026 3  1.442  445.3
2018 05 26 -1.222  0.880 4  1.506  458.5
2018 05 27 -1.399  0.701 4  1.565  470.5
2018 05 28 -1.538  0.492 4  1.615  480.8
2018 05 29 -1.633  0.262 4  1.654  489.3
2018 05 30 -1.680  0.016 4  1.680  495.9
2018 05 31 -1.676 -0.239 5  1.693  500.7
2018 06 01 -1.622 -0.493 5  1.695  504.2
2018 06 02 -1.517 -0.738 5  1.687  506.7
2018 06 03 -1.365 -0.968 5  1.673  508.9
2018 06 04 -1.170 -1.173 6  1.656  511.3
2018 06 05 -0.938 -1.348 6  1.642  514.2
2018 06 06 -0.677 -1.486 6  1.633  517.8
2018 06 07 -0.394 -1.583 6  1.631  522.1
2018 06 08 -0.098 -1.635 6  1.638  526.6
2018 06 09  0.200 -1.641 7  1.653  531.0
2018 06 10  0.493 -1.600 7  1.674  534.8
2018 06 11  0.771 -1.513 7  1.699  537.3
2018 06 12  1.027 -1.383 7  1.723  538.3
2018 06 13  1.251 -1.214 8  1.743  537.4
2018 06 14  1.439 -1.009 8  1.758  534.6
2018 06 15  1.586 -0.776 8  1.765  530.4
2018 06 16  1.686 -0.520 8  1.765  525.2
2018 06 17  1.740 -0.250 8  1.757  519.7
2018 06 18  1.744  0.028 1  1.744  514.9
2018 06 19  1.701  0.305 1  1.728  511.7
2018 06 20  1.613  0.575 1  1.712  510.7
2018 06 21  1.482  0.830 1  1.699  512.4
2018 06 22  1.313  1.064 1  1.690  516.9
2018 06 23  1.112  1.269 2  1.687  523.7
2018 06 24  0.883  1.443 2  1.692  532.1
2018 06 25  0.635  1.579 2  1.702  541.2
2018 06 26  0.373  1.675 2  1.716  549.7
2018 06 27  0.104  1.728 2  1.731  556.6
2018 06 28 -0.164  1.738 3  1.746  561.0
2018 06 29 -0.425  1.704 3  1.757  562.3
2018 06 30 -0.673  1.628 3  1.762  560.1
2018 07 01 -0.902  1.512 3  1.761  554.3
2018 07 02 -1.106  1.359 3  1.752  545.4
2018 07 03 -1.281  1.172 4  1.736  533.9
2018 07 04 -1.423  0.957 4  1.715  520.8
2018 07 05 -1.530  0.720 4  1.691  507.4
2018 07 06 -1.598  0.467 4  1.665  495.0
2018 07 07 -1.627  0.205 4  1.640  484.7
2018 07 08 -1.617 -0.061 5  1.618  477.7
2018 07 09 -1.569 -0.321 5  1.601  474.4
2018 07 10 -1.484 -0.570 5  1.590  474.8
2018 07 11 -1.365 -0.801 5  1.583  478.3
2018 07 12 -1.216 -1.008 5  1.580  483.7
2018 07 13 -1.042 -1.185 6  1.578  489.8
2018 07 14 -0.847 -1.328 6  1.576  495.0
2018 07 15 -0.638 -1.433 6  1.569  498.0
2018 07 16 -0.421 -1.499 6  1.557  497.7
2018 07 17 -0.202 -1.523 6  1.536  493.3
2018 07 18  0.012 -1.506 7  1.506  484.3
2018 07 19  0.215 -1.450 7  1.466  470.6
2018 07 20  0.402 -1.358 7  1.416  452.5
2018 07 21  0.567 -1.233 7  1.357  430.5
2018 07 22  0.706 -1.082 7  1.292  405.5
2018 07 23  0.815 -0.909 7  1.221  378.7
2018 07 24  0.894 -0.722 8  1.149  351.4
2018 07 25  0.939 -0.527 8  1.077  325.0
2018 07 26  0.953 -0.332 8  1.009  300.9
2018 07 27  0.936 -0.143 8  0.947  280.2
2018 07 28  0.892  0.032 1  0.893  263.5
2018 07 29  0.824  0.190 1  0.845  250.7
2018 07 30  0.736  0.324 1  0.804  241.0
2018 07 31  0.634  0.431 1  0.767  232.9
2018 08 01  0.524  0.509 1  0.730  225.1
2018 08 02  0.410  0.557 2  0.691  216.1
2018 08 03  0.299  0.574 2  0.647  204.6
2018 08 04  0.195  0.563 2  0.596  190.1
2018 08 05  0.103  0.527 2  0.537  172.1
2018 08 06  0.025  0.468 2  0.469  150.8
2018 08 07 -0.034  0.392 3  0.394  126.6
2018 08 08 -0.075  0.304 3  0.313  100.1
2018 08 09 -0.096  0.207 3  0.229   72.5
2018 08 10 -0.099  0.109 3  0.148   45.8
2018 08 11 -0.086  0.014 4  0.087   25.8
2018 08 12 -0.059 -0.075 6  0.095   29.7
2018 08 13 -0.021 -0.152 6  0.154   49.4
2018 08 14  0.023 -0.216 7  0.217   69.7
2018 08 15  0.071 -0.263 7  0.273   87.3
2018 08 16  0.117 -0.294 7  0.317  100.7
2018 08 17  0.159 -0.308 7  0.347  109.6
2018 08 18  0.194 -0.305 7  0.362  113.6
2018 08 19  0.218 -0.288 7  0.361  112.8
2018 08 20  0.231 -0.258 7  0.347  107.5
2018 08 21  0.231 -0.219 8  0.318   98.0
2018 08 22  0.219 -0.172 8  0.279   85.1
2018 08 23  0.195 -0.122 8  0.230   69.6
2018 08 24  0.161 -0.070 8  0.175   52.5
2018 08 25  0.118 -0.020 8  0.120   35.4
2018 08 26  0.069  0.027 1  0.074   22.1
2018 08 27  0.017  0.067 2  0.069   22.2
2018 08 28 -0.036  0.101 3  0.107   34.2
2018 08 29 -0.087  0.127 3  0.154   48.3
2018 08 30 -0.135  0.145 3  0.198   61.3
2018 08 31 -0.177  0.155 4  0.235   72.1
2018 09 01 -0.213  0.157 4  0.264   80.5
2018 09 02 -0.241  0.152 4  0.285   86.3
2018 09 03 -0.262  0.141 4  0.298   89.7
2018 09 04 -0.276  0.124 4  0.303   90.8
2018 09 05 -0.284  0.102 4  0.302   90.1
2018 09 06 -0.286  0.077 4  0.296   88.0
2018 09 07 -0.284  0.048 4  0.288   85.2
2018 09 08 -0.278  0.015 4  0.278   82.2
2018 09 09 -0.269 -0.020 5  0.270   79.7
2018 09 10 -0.258 -0.058 5  0.265   78.5
2018 09 11 -0.245 -0.099 5  0.264   79.0
2018 09 12 -0.229 -0.143 5  0.270   81.7
2018 09 13 -0.210 -0.188 5  0.282   86.7
2018 09 14 -0.187 -0.235 6  0.301   93.7
2018 09 15 -0.159 -0.283 6  0.325  102.4
2018 09 16 -0.124 -0.330 6  0.352  112.2
2018 09 17 -0.080 -0.374 6  0.383  122.7
2018 09 18 -0.028 -0.415 6  0.416  133.6
2018 09 19  0.035 -0.448 7  0.449  144.4
2018 09 20  0.107 -0.472 7  0.484  155.0
2018 09 21  0.190 -0.483 7  0.519  165.2
2018 09 22  0.280 -0.480 7  0.556  175.2
2018 09 23  0.377 -0.460 7  0.595  185.2
2018 09 24  0.477 -0.421 8  0.636  195.3
2018 09 25  0.576 -0.362 8  0.680  206.0
2018 09 26  0.671 -0.281 8  0.727  217.7
2018 09 27  0.756 -0.180 8  0.777  230.5
2018 09 28  0.826 -0.060 8  0.828  244.6
2018 09 29  0.877  0.078 1  0.881  260.1
2018 09 30  0.904  0.228 1  0.933  276.8
2018 10 01  0.904  0.388 1  0.983  294.4
2018 10 02  0.872  0.551 1  1.032  312.5
2018 10 03  0.809  0.711 1  1.077  330.6
2018 10 04  0.713  0.863 2  1.119  348.3
2018 10 05  0.585  1.000 2  1.159  365.0
2018 10 06  0.430  1.115 2  1.195  380.4
2018 10 07  0.250  1.203 2  1.229  393.9
2018 10 08  0.052  1.259 2  1.260  405.1
2018 10 09 -0.157  1.278 3  1.288  413.7
2018 10 10 -0.370  1.259 3  1.312  419.3
2018 10 11 -0.577  1.200 3  1.332  421.8
2018 10 12 -0.770  1.103 3  1.345  421.1
2018 10 13 -0.940  0.968 3  1.350  417.1
2018 10 14 -1.080  0.802 4  1.345  410.0
2018 10 15 -1.183  0.608 4  1.330  400.2
2018 10 16 -1.244  0.394 4  1.305  388.3
2018 10 17 -1.258  0.169 4  1.269  375.2
2018 10 18 -1.224 -0.059 5  1.225  361.8
2018 10 19 -1.143 -0.282 5  1.177  349.3
2018 10 20 -1.017 -0.489 5  1.128  338.8
2018 10 21 -0.851 -0.672 5  1.084  331.3
2018 10 22 -0.650 -0.824 6  1.050  327.3
2018 10 23 -0.425 -0.938 6  1.030  326.8
2018 10 24 -0.183 -1.009 6  1.026  329.1
2018 10 25  0.065 -1.034 7  1.037  333.2
2018 10 26  0.308 -1.012 7  1.058  337.9
2018 10 27  0.535 -0.944 7  1.085  342.1
2018 10 28  0.737 -0.832 7  1.111  344.7
2018 10 29  0.904 -0.681 8  1.132  345.2
2018 10 30  1.029 -0.499 8  1.143  343.3
2018 10 31  1.105 -0.292 8  1.143  339.5
2018 11 01  1.130 -0.072 8  1.132  334.3
2018 11 02  1.101  0.154 1  1.112  328.8
2018 11 03  1.020  0.373 1  1.086  324.2
2018 11 04  0.890  0.577 1  1.061  321.7
2018 11 05  0.717  0.755 2  1.041  322.1
2018 11 06  0.508  0.899 2  1.033  325.7
2018 11 07  0.271  1.003 2  1.039  332.3
2018 11 08  0.018  1.060 2  1.060  341.0
2018 11 09 -0.240  1.068 3  1.095  350.7
2018 11 10 -0.492  1.026 3  1.137  360.3
2018 11 11 -0.726  0.933 3  1.183  368.8
2018 11 12 -0.933  0.795 4  1.225  375.6
2018 11 13 -1.102  0.615 4  1.262  380.6
2018 11 14 -1.225  0.402 4  1.290  384.1
2018 11 15 -1.298  0.163 4  1.308  386.7
2018 11 16 -1.315 -0.092 5  1.319  389.4
2018 11 17 -1.277 -0.351 5  1.324  393.3
2018 11 18 -1.182 -0.605 5  1.328  399.5
2018 11 19 -1.035 -0.842 5  1.335  408.4
2018 11 20 -0.842 -1.053 6  1.348  420.1
2018 11 21 -0.609 -1.229 6  1.371  434.0
2018 11 22 -0.346 -1.360 6  1.404  449.2
2018 11 23 -0.062 -1.443 6  1.444  464.4
2018 11 24  0.230 -1.472 7  1.490  478.2
2018 11 25  0.519 -1.446 7  1.536  489.5
2018 11 26  0.794 -1.364 7  1.578  497.4
2018 11 27  1.044 -1.229 7  1.613  501.3
2018 11 28  1.259 -1.046 8  1.637  501.3
2018 11 29  1.430 -0.821 8  1.649  497.8
2018 11 30  1.550 -0.561 8  1.649  491.8
2018 12 01  1.615 -0.275 8  1.638  484.9
2018 12 02  1.622  0.025 1  1.622  478.8
2018 12 03  1.569  0.330 1  1.604  475.3
2018 12 04  1.460  0.629 1  1.590  476.1
2018 12 05  1.297  0.912 1  1.586  482.3
2018 12 06  1.087  1.167 2  1.595  493.8
2018 12 07  0.837  1.387 2  1.620  510.0
2018 12 08  0.557  1.564 2  1.660  529.2
2018 12 09  0.255  1.693 2  1.712  549.6
2018 12 10 -0.057  1.768 3  1.769  568.9
2018 12 11 -0.367  1.789 3  1.827  585.5
2018 12 12 -0.667  1.755 3  1.877  597.6
2018 12 13 -0.944  1.667 3  1.916  604.2
2018 12 14 -1.190  1.530 3  1.938  604.5
2018 12 15 -1.398  1.348 4  1.942  598.3
2018 12 16 -1.559  1.128 4  1.925  586.1
2018 12 17 -1.671  0.879 4  1.888  568.5
2018 12 18 -1.730  0.608 4  1.834  546.9
2018 12 19 -1.736  0.325 4  1.766  523.0
2018 12 20 -1.690  0.040 4  1.690  498.9
2018 12 21 -1.594 -0.239 5  1.612  476.7
2018 12 22 -1.453 -0.504 5  1.538  458.5
2018 12 23 -1.274 -0.745 5  1.476  445.9
2018 12 24 -1.063 -0.958 5  1.431  439.8
2018 12 25 -0.829 -1.136 6  1.406  439.7
2018 12 26 -0.580 -1.275 6  1.401  444.5
2018 12 27 -0.325 -1.374 6  1.412  452.2
2018 12 28 -0.072 -1.431 6  1.433  460.7
2018 12 29  0.170 -1.447 7  1.457  468.0
2018 12 30  0.395 -1.423 7  1.477  472.4
2018 12 31  0.596 -1.364 7  1.489  472.6
2019 01 01  0.767 -1.273 7  1.487  467.9
2019 01 02  0.906 -1.156 7  1.469  458.0
2019 01 03  1.010 -1.018 7  1.434  442.7
2019 01 04  1.077 -0.865 8  1.381  422.5
2019 01 05  1.108 -0.704 8  1.313  397.9
2019 01 06  1.106 -0.541 8  1.231  369.8
2019 01 07  1.072 -0.380 8  1.137  339.2
2019 01 08  1.010 -0.228 8  1.036  307.1
2019 01 09  0.926 -0.088 8  0.930  274.8
2019 01 10  0.824  0.035 1  0.824  243.4
2019 01 11  0.709  0.141 1  0.723  214.0
2019 01 12  0.586  0.227 1  0.629  187.8
2019 01 13  0.462  0.292 1  0.546  165.5
2019 01 14  0.339  0.338 1  0.479  147.7
2019 01 15  0.223  0.365 2  0.428  134.5
2019 01 16  0.116  0.375 2  0.393  125.3
2019 01 17  0.022  0.371 2  0.371  119.3
2019 01 18 -0.060  0.355 3  0.360  115.4
2019 01 19 -0.127  0.330 3  0.354  112.5
2019 01 20 -0.181  0.299 3  0.350  110.1
2019 01 21 -0.222  0.266 3  0.346  107.6
2019 01 22 -0.252  0.231 4  0.342  105.1
2019 01 23 -0.273  0.198 4  0.337  102.5
2019 01 24 -0.287  0.167 4  0.332  100.2
2019 01 25 -0.297  0.139 4  0.328   98.4
2019 01 26 -0.305  0.116 4  0.326   97.3
2019 01 27 -0.313  0.095 4  0.327   97.2
2019 01 28 -0.322  0.078 4  0.331   98.3
2019 01 29 -0.334  0.062 4  0.340  100.7
2019 01 30 -0.350  0.047 4  0.353  104.3
2019 01 31 -0.368  0.031 4  0.369  109.0
2019 02 01 -0.388  0.012 4  0.388  114.5
2019 02 02 -0.409 -0.010 5  0.409  120.6
2019 02 03 -0.428 -0.036 5  0.429  126.8
2019 02 04 -0.444 -0.068 5  0.449  132.7
2019 02 05 -0.453 -0.103 5  0.465  137.8
2019 02 06 -0.454 -0.143 5  0.476  141.6
2019 02 07 -0.443 -0.186 5  0.481  143.8
2019 02 08 -0.420 -0.229 5  0.478  144.2
2019 02 09 -0.382 -0.272 5  0.468  142.6
2019 02 10 -0.328 -0.311 5  0.452  139.1
2019 02 11 -0.259 -0.343 6  0.430  134.2
2019 02 12 -0.175 -0.366 6  0.406  128.7
2019 02 13 -0.079 -0.378 6  0.386  123.7
2019 02 14  0.029 -0.375 7  0.376  120.9
2019 02 15  0.143 -0.356 7  0.384  122.1
2019 02 16  0.260 -0.320 7  0.413  128.4
2019 02 17  0.377 -0.266 8  0.461  140.2
2019 02 18  0.487 -0.194 8  0.524  156.7
2019 02 19  0.587 -0.105 8  0.597  176.6
2019 02 20  0.672 -0.002 8  0.672  198.4
2019 02 21  0.738  0.112 1  0.747  220.9
2019 02 22  0.782  0.235 1  0.816  242.8
2019 02 23  0.800  0.362 1  0.878  263.2
2019 02 24  0.791  0.489 1  0.930  281.5
2019 02 25  0.755  0.610 1  0.971  296.9
2019 02 26  0.693  0.721 2  1.000  309.1
2019 02 27  0.605  0.817 2  1.017  317.8
2019 02 28  0.496  0.895 2  1.023  322.8
2019 03 01  0.368  0.950 2  1.019  324.2
2019 03 02  0.228  0.980 2  1.006  322.2
2019 03 03  0.079  0.983 2  0.987  317.1
2019 03 04 -0.071  0.959 3  0.962  309.2
2019 03 05 -0.218  0.909 3  0.934  299.1
2019 03 06 -0.354  0.832 3  0.905  287.4
2019 03 07 -0.476  0.734 3  0.875  274.6
2019 03 08 -0.578  0.616 3  0.845  261.5
2019 03 09 -0.657  0.484 4  0.816  248.7
2019 03 10 -0.711  0.342 4  0.789  236.8
2019 03 11 -0.737  0.196 4  0.762  226.4
2019 03 12 -0.736  0.050 4  0.737  217.7
2019 03 13 -0.709 -0.089 5  0.714  211.1
2019 03 14 -0.658 -0.218 5  0.693  206.5
2019 03 15 -0.588 -0.332 5  0.675  203.7
2019 03 16 -0.502 -0.429 5  0.660  202.3
2019 03 17 -0.405 -0.506 6  0.648  201.8
2019 03 18 -0.302 -0.562 6  0.638  201.5
2019 03 19 -0.199 -0.598 6  0.630  201.0
2019 03 20 -0.101 -0.614 6  0.623  199.8
2019 03 21 -0.011 -0.614 6  0.614  197.5
2019 03 22  0.066 -0.599 7  0.603  193.8
2019 03 23  0.128 -0.575 7  0.589  188.6
2019 03 24  0.175 -0.543 7  0.570  182.1
2019 03 25  0.205 -0.509 7  0.548  174.4
2019 03 26  0.220 -0.476 7  0.524  166.1
2019 03 27  0.221 -0.447 7  0.498  157.8
2019 03 28  0.213 -0.425 7  0.475  150.3
2019 03 29  0.197 -0.411 7  0.456  144.5
2019 03 30  0.180 -0.407 7  0.445  141.3
2019 03 31  0.164 -0.412 7  0.443  141.0
2019 04 01  0.153 -0.425 7  0.451  143.8
2019 04 02  0.152 -0.442 7  0.467  149.1
2019 04 03  0.162 -0.462 7  0.490  156.1
2019 04 04  0.185 -0.480 7  0.515  163.9
2019 04 05  0.222 -0.493 7  0.541  171.6
2019 04 06  0.273 -0.496 7  0.566  178.7
2019 04 07  0.334 -0.485 7  0.590  184.7
2019 04 08  0.404 -0.458 7  0.611  189.5
2019 04 09  0.478 -0.411 8  0.630  193.2
2019 04 10  0.550 -0.343 8  0.648  196.3
2019 04 11  0.617 -0.253 8  0.666  199.4
2019 04 12  0.671 -0.143 8  0.686  203.2
2019 04 13  0.707 -0.014 8  0.708  208.9
2019 04 14  0.722  0.131 1  0.733  217.1
2019 04 15  0.709  0.286 1  0.765  228.6
2019 04 16  0.667  0.446 1  0.802  243.6
2019 04 17  0.594  0.605 2  0.848  261.9
2019 04 18  0.489  0.757 2  0.901  282.9
2019 04 19  0.353  0.895 2  0.962  306.0
2019 04 20  0.191  1.012 2  1.030  330.2
2019 04 21  0.005  1.102 2  1.102  354.5
2019 04 22 -0.198  1.162 3  1.178  378.1
2019 04 23 -0.411  1.186 3  1.255  400.0
2019 04 24 -0.626  1.172 3  1.328  419.6
2019 04 25 -0.836  1.119 3  1.396  436.2
2019 04 26 -1.032  1.027 4  1.456  449.4
2019 04 27 -1.207  0.899 4  1.505  458.8
2019 04 28 -1.352  0.739 4  1.541  464.4
2019 04 29 -1.462  0.550 4  1.562  466.4
2019 04 30 -1.531  0.340 4  1.569  465.0
2019 05 01 -1.556  0.115 4  1.561  460.9
2019 05 02 -1.535 -0.117 5  1.540  454.7
2019 05 03 -1.467 -0.349 5  1.508  447.3
2019 05 04 -1.353 -0.572 5  1.469  439.7
2019 05 05 -1.197 -0.779 5  1.428  433.0
2019 05 06 -1.002 -0.963 5  1.390  428.2
2019 05 07 -0.775 -1.118 6  1.360  426.0
2019 05 08 -0.521 -1.239 6  1.344  427.0
2019 05 09 -0.249 -1.322 6  1.345  431.5
2019 05 10  0.034 -1.366 7  1.366  439.2
2019 05 11  0.319 -1.368 7  1.405  449.9
2019 05 12  0.599 -1.330 7  1.459  462.9
2019 05 13  0.866 -1.253 7  1.524  477.3
2019 05 14  1.113 -1.141 7  1.594  492.5
2019 05 15  1.334 -0.996 8  1.665  507.7
2019 05 16  1.524 -0.824 8  1.733  522.1
2019 05 17  1.678 -0.630 8  1.793  535.2
2019 05 18  1.794 -0.420 8  1.842  546.4
2019 05 19  1.869 -0.199 8  1.880  555.4
2019 05 20  1.903  0.025 1  1.903  561.8
2019 05 21  1.896  0.248 1  1.912  565.3
2019 05 22  1.849  0.464 1  1.906  565.7
2019 05 23  1.764  0.667 1  1.886  563.1
2019 05 24  1.644  0.854 1  1.852  557.5
2019 05 25  1.493  1.019 1  1.807  549.1
2019 05 26  1.314  1.161 1  1.753  538.2
2019 05 27  1.112  1.275 2  1.692  525.2
2019 05 28  0.892  1.361 2  1.627  510.8
2019 05 29  0.658  1.418 2  1.563  495.7
2019 05 30  0.417  1.445 2  1.504  480.7
2019 05 31  0.172  1.442 2  1.453  466.6
2019 06 01 -0.070  1.412 3  1.413  454.4
2019 06 02 -0.306  1.354 3  1.388  444.6
2019 06 03 -0.529  1.272 3  1.377  437.8
2019 06 04 -0.737  1.168 3  1.381  433.9
2019 06 05 -0.925  1.045 3  1.395  432.9
2019 06 06 -1.090  0.907 4  1.418  434.2
2019 06 07 -1.229  0.757 4  1.443  436.8
2019 06 08 -1.340  0.599 4  1.468  440.1
2019 06 09 -1.423  0.437 4  1.488  442.9
2019 06 10 -1.476  0.275 4  1.501  444.4
2019 06 11 -1.499  0.117 4  1.504  444.1
2019 06 12 -1.494 -0.035 5  1.495  441.2
2019 06 13 -1.463 -0.178 5  1.474  435.6
2019 06 14 -1.408 -0.308 5  1.441  427.2
2019 06 15 -1.331 -0.425 5  1.397  416.0
2019 06 16 -1.237 -0.526 5  1.344  402.4
2019 06 17 -1.128 -0.612 5  1.283  386.7
2019 06 18 -1.009 -0.681 5  1.217  369.5
2019 06 19 -0.883 -0.734 5  1.148  351.5
2019 06 20 -0.753 -0.771 6  1.078  333.1
2019 06 21 -0.624 -0.795 6  1.011  315.1
2019 06 22 -0.497 -0.806 6  0.947  297.9
2019 06 23 -0.375 -0.807 6  0.890  282.1
2019 06 24 -0.259 -0.798 6  0.839  267.8
2019 06 25 -0.151 -0.782 6  0.796  255.4
2019 06 26 -0.051 -0.760 6  0.761  244.8
2019 06 27  0.041 -0.733 7  0.734  235.9
2019 06 28  0.126 -0.702 7  0.713  228.7
2019 06 29  0.205 -0.667 7  0.698  223.0
2019 06 30  0.277 -0.630 7  0.688  218.5
2019 07 01  0.346 -0.589 7  0.683  215.0
2019 07 02  0.410 -0.543 7  0.681  212.5
2019 07 03  0.472 -0.492 7  0.682  210.9
2019 07 04  0.531 -0.435 8  0.687  210.2
2019 07 05  0.587 -0.371 8  0.695  210.5
2019 07 06  0.640 -0.299 8  0.706  211.9
2019 07 07  0.687 -0.218 8  0.721  214.6
2019 07 08  0.728 -0.128 8  0.739  218.7
2019 07 09  0.760 -0.029 8  0.760  224.5
2019 07 10  0.781  0.078 1  0.785  231.8
2019 07 11  0.788  0.191 1  0.811  240.6
2019 07 12  0.780  0.308 1  0.839  250.6
2019 07 13  0.753  0.427 1  0.866  261.3
2019 07 14  0.708  0.543 1  0.892  272.2
2019 07 15  0.642  0.652 2  0.915  282.6
2019 07 16  0.555  0.751 2  0.934  291.8
2019 07 17  0.450  0.835 2  0.948  299.4
2019 07 18  0.326  0.899 2  0.956  304.7
2019 07 19  0.189  0.940 2  0.958  307.3
2019 07 20  0.040  0.954 2  0.955  307.0
2019 07 21 -0.115  0.939 3  0.946  304.0
2019 07 22 -0.271  0.894 3  0.934  298.5
2019 07 23 -0.423  0.818 3  0.921  291.1
2019 07 24 -0.564  0.711 3  0.908  282.9
2019 07 25 -0.689  0.577 4  0.899  275.3
2019 07 26 -0.793  0.418 4  0.896  269.8
2019 07 27 -0.871  0.238 4  0.903  268.1
2019 07 28 -0.918  0.044 4  0.919  271.4
2019 07 29 -0.934 -0.159 5  0.947  280.3
2019 07 30 -0.915 -0.363 5  0.984  294.2
2019 07 31 -0.862 -0.562 5  1.029  312.1
2019 08 01 -0.777 -0.748 5  1.078  332.3
2019 08 02 -0.662 -0.914 6  1.129  353.0
2019 08 03 -0.520 -1.055 6  1.177  372.5
2019 08 04 -0.358 -1.165 6  1.219  389.3
2019 08 05 -0.180 -1.240 6  1.253  402.2
2019 08 06  0.007 -1.276 7  1.276  410.2
2019 08 07  0.195 -1.271 7  1.286  412.8
2019 08 08  0.377 -1.226 7  1.283  409.7
2019 08 09  0.547 -1.142 7  1.266  401.2
2019 08 10  0.699 -1.021 7  1.237  387.8
2019 08 11  0.826 -0.867 7  1.198  370.5
2019 08 12  0.924 -0.686 8  1.151  350.9
2019 08 13  0.989 -0.483 8  1.101  330.8
2019 08 14  1.019 -0.266 8  1.053  312.7
2019 08 15  1.012 -0.041 8  1.013  299.0
2019 08 16  0.969  0.184 1  0.986  292.0
2019 08 17  0.890  0.401 1  0.976  292.7
2019 08 18  0.780  0.603 1  0.986  300.9
2019 08 19  0.640  0.784 2  1.012  314.9
2019 08 20  0.477  0.937 2  1.051  332.4
2019 08 21  0.295  1.057 2  1.097  350.9
2019 08 22  0.100  1.141 2  1.146  368.2
2019 08 23 -0.101  1.186 3  1.190  382.5
2019 08 24 -0.301  1.190 3  1.227  392.8
2019 08 25 -0.494  1.153 3  1.254  398.4
2019 08 26 -0.674  1.076 3  1.270  399.2
2019 08 27 -0.834  0.962 3  1.274  395.5
2019 08 28 -0.971  0.814 4  1.267  388.2
2019 08 29 -1.079  0.636 4  1.253  378.5
2019 08 30 -1.154  0.435 4  1.234  368.3
2019 08 31 -1.195  0.215 4  1.215  359.6
2019 09 01 -1.200 -0.016 5  1.200  354.3
2019 09 02 -1.168 -0.251 5  1.195  354.2
2019 09 03 -1.101 -0.483 5  1.202  360.2
2019 09 04 -1.000 -0.706 5  1.224  372.3
2019 09 05 -0.867 -0.912 6  1.259  389.4
2019 09 06 -0.708 -1.096 6  1.305  409.8
2019 09 07 -0.526 -1.252 6  1.358  431.6
2019 09 08 -0.326 -1.376 6  1.414  452.9
2019 09 09 -0.116 -1.464 6  1.468  472.0
2019 09 10  0.099 -1.513 7  1.516  487.4
2019 09 11  0.313 -1.523 7  1.554  498.3
2019 09 12  0.520 -1.492 7  1.580  503.8
2019 09 13  0.712 -1.424 7  1.592  503.7
2019 09 14  0.885 -1.318 7  1.588  498.0
2019 09 15  1.033 -1.181 7  1.569  487.0
2019 09 16  1.153 -1.014 8  1.536  471.4
2019 09 17  1.241 -0.824 8  1.490  452.3
2019 09 18  1.296 -0.617 8  1.435  430.9
2019 09 19  1.316 -0.399 8  1.375  408.9
2019 09 20  1.301 -0.176 8  1.313  388.1
2019 09 21  1.253  0.044 1  1.254  370.1
2019 09 22  1.175  0.256 1  1.203  356.5
2019 09 23  1.070  0.454 1  1.163  348.0
2019 09 24  0.944  0.633 1  1.136  344.9
2019 09 25  0.800  0.787 1  1.122  346.2
2019 09 26  0.646  0.914 2  1.119  350.4
2019 09 27  0.488  1.012 2  1.123  355.8
2019 09 28  0.331  1.079 2  1.129  360.4
2019 09 29  0.183  1.116 2  1.131  362.8
2019 09 30  0.047  1.124 2  1.125  361.8
2019 10 01 -0.071  1.106 3  1.109  356.4
2019 10 02 -0.166  1.066 3  1.079  346.4
2019 10 03 -0.237  1.008 3  1.036  331.7
2019 10 04 -0.283  0.937 3  0.979  312.7
2019 10 05 -0.302  0.858 3  0.910  290.1
2019 10 06 -0.298  0.778 3  0.833  265.1
2019 10 07 -0.271  0.700 3  0.751  238.9
2019 10 08 -0.227  0.630 3  0.670  213.5
2019 10 09 -0.170  0.573 3  0.597  190.9
2019 10 10 -0.106  0.530 3  0.540  173.3
2019 10 11 -0.040  0.505 3  0.506  162.7
2019 10 12  0.020  0.497 2  0.497  160.0
2019 10 13  0.070  0.507 2  0.512  164.4
2019 10 14  0.103  0.533 2  0.543  174.1
2019 10 15  0.115  0.572 2  0.584  187.1
2019 10 16  0.102  0.621 2  0.629  201.8
2019 10 17  0.062  0.674 2  0.677  217.4
2019 10 18 -0.005  0.726 3  0.726  233.6
2019 10 19 -0.099  0.773 3  0.779  250.2
2019 10 20 -0.217  0.808 3  0.837  267.6
2019 10 21 -0.357  0.826 3  0.900  285.9
2019 10 22 -0.512  0.824 3  0.970  305.0
2019 10 23 -0.676  0.797 3  1.045  324.7
2019 10 24 -0.842  0.742 4  1.123  344.7
2019 10 25 -1.004  0.660 4  1.201  364.4
2019 10 26 -1.152  0.549 4  1.276  383.1
2019 10 27 -1.280  0.411 4  1.345  400.4
2019 10 28 -1.381  0.250 4  1.404  415.6
2019 10 29 -1.450  0.070 4  1.451  428.4
2019 10 30 -1.480 -0.125 5  1.485  438.7
2019 10 31 -1.470 -0.327 5  1.506  446.4
2019 11 01 -1.418 -0.529 5  1.513  451.8
2019 11 02 -1.324 -0.726 5  1.510  455.1
2019 11 03 -1.190 -0.909 5  1.497  456.9
2019 11 04 -1.020 -1.072 6  1.480  457.7
2019 11 05 -0.819 -1.209 6  1.460  457.9
2019 11 06 -0.593 -1.316 6  1.443  457.9
2019 11 07 -0.351 -1.388 6  1.431  458.1
2019 11 08 -0.100 -1.423 6  1.426  458.4
2019 11 09  0.152 -1.420 7  1.428  458.9
2019 11 10  0.396 -1.381 7  1.436  459.2
2019 11 11  0.623 -1.307 7  1.448  458.9
2019 11 12  0.829 -1.203 7  1.461  457.6
2019 11 13  1.005 -1.073 7  1.470  454.9
2019 11 14  1.148 -0.922 8  1.472  450.2
2019 11 15  1.254 -0.758 8  1.465  443.2
2019 11 16  1.323 -0.587 8  1.447  433.6
2019 11 17  1.353 -0.416 8  1.415  421.1
2019 11 18  1.347 -0.251 8  1.370  405.7
2019 11 19  1.308 -0.098 8  1.311  387.3
2019 11 20  1.239  0.038 1  1.240  366.0
2019 11 21  1.147  0.154 1  1.157  342.0
2019 11 22  1.036  0.245 1  1.064  315.7
2019 11 23  0.912  0.313 1  0.964  287.5
2019 11 24  0.783  0.355 1  0.859  257.7
2019 11 25  0.652  0.375 1  0.752  227.0
2019 11 26  0.526  0.373 1  0.644  196.1
2019 11 27  0.408  0.354 1  0.540  165.5
2019 11 28  0.301  0.320 2  0.440  136.1
2019 11 29  0.209  0.278 2  0.348  108.5
2019 11 30  0.132  0.230 2  0.265   83.5
2019 12 01  0.069  0.182 2  0.194   61.9
2019 12 02  0.021  0.137 2  0.138   44.4
2019 12 03 -0.016  0.099 3  0.100   32.1
2019 12 04 -0.044  0.070 3  0.082   25.9
2019 12 05 -0.064  0.053 4  0.083   25.4
2019 12 06 -0.082  0.047 4  0.094   28.5
2019 12 07 -0.098  0.054 4  0.112   33.9
2019 12 08 -0.117  0.072 4  0.138   41.6
2019 12 09 -0.140  0.099 4  0.172   52.3
2019 12 10 -0.169  0.133 4  0.215   65.8
2019 12 11 -0.205  0.171 4  0.267   81.7
2019 12 12 -0.246  0.210 4  0.324   99.3
2019 12 13 -0.294  0.247 4  0.384  117.7
2019 12 14 -0.345  0.280 4  0.444  135.9
2019 12 15 -0.398  0.305 4  0.502  153.1
2019 12 16 -0.451  0.320 4  0.553  168.4
2019 12 17 -0.500  0.325 4  0.597  181.0
2019 12 18 -0.543  0.319 4  0.630  190.4
2019 12 19 -0.578  0.302 4  0.652  196.2
2019 12 20 -0.601  0.274 4  0.660  198.0
2019 12 21 -0.611  0.237 4  0.656  195.8
2019 12 22 -0.608  0.193 4  0.638  189.9
2019 12 23 -0.591  0.143 4  0.608  180.4
2019 12 24 -0.560  0.091 4  0.568  168.0
2019 12 25 -0.518  0.039 4  0.520  153.4
2019 12 26 -0.466 -0.012 5  0.466  137.5
2019 12 27 -0.406 -0.059 5  0.410  121.4
2019 12 28 -0.342 -0.101 5  0.357  106.1
2019 12 29 -0.277 -0.137 5  0.309   93.0
2019 12 30 -0.215 -0.166 5  0.271   82.9
2019 12 31 -0.157 -0.189 6  0.246   76.5
2020 01 01 -0.107 -0.206 6  0.232   73.5
2020 01 02 -0.067 -0.219 6  0.229   73.1
2020 01 03 -0.037 -0.228 6  0.231   74.2
2020 01 04 -0.019 -0.236 6  0.236   76.0
2020 01 05 -0.012 -0.243 6  0.243   78.3
2020 01 06 -0.015 -0.252 6  0.252   81.1
2020 01 07 -0.025 -0.263 6  0.264   85.0
2020 01 08 -0.040 -0.278 6  0.281   90.2
2020 01 09 -0.057 -0.296 6  0.302   96.8
2020 01 10 -0.072 -0.318 6  0.326  104.5
2020 01 11 -0.082 -0.343 6  0.352  112.8
2020 01 12 -0.085 -0.368 6  0.378  121.0
2020 01 13 -0.076 -0.393 6  0.400  128.3
2020 01 14 -0.055 -0.414 6  0.418  134.2
2020 01 15 -0.019 -0.430 6  0.431  138.5
2020 01 16  0.031 -0.438 7  0.439  141.1
2020 01 17  0.095 -0.435 7  0.445  142.6
2020 01 18  0.171 -0.418 7  0.452  143.7
2020 01 19  0.256 -0.387 7  0.464  145.6
2020 01 20  0.347 -0.340 8  0.486  149.8
2020 01 21  0.440 -0.276 8  0.519  157.2
2020 01 22  0.529 -0.197 8  0.565  168.5
2020 01 23  0.611 -0.102 8  0.619  183.3
2020 01 24  0.680  0.004 1  0.680  200.7
2020 01 25  0.732  0.119 1  0.742  219.4
2020 01 26  0.763  0.241 1  0.800  238.2
2020 01 27  0.771  0.363 1  0.852  255.6
2020 01 28  0.753  0.481 1  0.894  270.8
2020 01 29  0.709  0.592 1  0.924  282.9
2020 01 30  0.640  0.689 2  0.941  291.2
2020 01 31  0.547  0.770 2  0.945  295.6
2020 02 01  0.434  0.830 2  0.936  296.0
2020 02 02  0.305  0.866 2  0.918  292.6
2020 02 03  0.164  0.876 2  0.892  285.9
2020 02 04  0.018  0.861 2  0.861  276.8
2020 02 05 -0.128  0.819 3  0.829  265.9
2020 02 06 -0.267  0.752 3  0.798  254.4
2020 02 07 -0.395  0.663 3  0.772  243.1
2020 02 08 -0.506  0.556 3  0.751  232.8
2020 02 09 -0.594  0.434 4  0.736  224.2
2020 02 10 -0.659  0.302 4  0.725  217.3
2020 02 11 -0.695  0.166 4  0.715  212.1
2020 02 12 -0.704  0.031 4  0.705  208.1
2020 02 13 -0.686 -0.098 5  0.693  204.9
2020 02 14 -0.641 -0.216 5  0.677  201.6
2020 02 15 -0.574 -0.319 5  0.656  197.9
2020 02 16 -0.487 -0.403 5  0.632  193.4
2020 02 17 -0.386 -0.465 6  0.604  187.9
2020 02 18 -0.275 -0.504 6  0.574  181.2
2020 02 19 -0.161 -0.519 6  0.543  173.5
2020 02 20 -0.048 -0.511 6  0.513  164.9
2020 02 21  0.058 -0.481 7  0.485  155.7
2020 02 22  0.153 -0.432 7  0.458  146.1
2020 02 23  0.232 -0.367 7  0.434  136.4
2020 02 24  0.293 -0.289 8  0.412  127.0
2020 02 25  0.334 -0.203 8  0.391  118.2
2020 02 26  0.354 -0.112 8  0.371  110.6
2020 02 27  0.353 -0.022 8  0.354  104.5
2020 02 28  0.333  0.065 1  0.339  100.5
2020 02 29  0.296  0.143 1  0.329   98.8
2020 03 01  0.245  0.211 1  0.323   99.1
2020 03 02  0.183  0.266 2  0.323  101.2
2020 03 03  0.114  0.307 2  0.327  104.2
2020 03 04  0.042  0.331 2  0.334  107.3
2020 03 05 -0.028  0.341 3  0.342  109.9
2020 03 06 -0.094  0.335 3  0.348  111.2
2020 03 07 -0.151  0.315 3  0.350  110.7
2020 03 08 -0.199  0.283 3  0.346  108.4
2020 03 09 -0.235  0.241 3  0.337  104.0
2020 03 10 -0.258  0.191 4  0.321   97.9
2020 03 11 -0.269  0.136 4  0.301   90.5
2020 03 12 -0.267  0.077 4  0.278   82.7
2020 03 13 -0.255  0.018 4  0.256   75.6
2020 03 14 -0.235 -0.039 5  0.238   70.4
2020 03 15 -0.208 -0.094 5  0.228   68.4
2020 03 16 -0.177 -0.145 5  0.229   70.0
2020 03 17 -0.145 -0.190 6  0.239   74.6
2020 03 18 -0.114 -0.230 6  0.257   81.2
2020 03 19 -0.086 -0.264 6  0.277   88.5
2020 03 20 -0.063 -0.291 6  0.298   95.6
2020 03 21 -0.046 -0.314 6  0.317  101.8
2020 03 22 -0.034 -0.331 6  0.333  106.9
2020 03 23 -0.029 -0.344 6  0.345  110.8
2020 03 24 -0.030 -0.352 6  0.353  113.5
2020 03 25 -0.034 -0.356 6  0.358  115.1
2020 03 26 -0.040 -0.357 6  0.360  115.6
2020 03 27 -0.047 -0.355 6  0.358  115.0
2020 03 28 -0.053 -0.348 6  0.352  113.1
2020 03 29 -0.054 -0.338 6  0.342  109.8
2020 03 30 -0.050 -0.323 6  0.327  104.9
2020 03 31 -0.039 -0.303 6  0.305   98.0
2020 04 01 -0.019 -0.277 6  0.277   89.2
2020 04 02  0.009 -0.245 7  0.245   78.7
2020 04 03  0.046 -0.206 7  0.211   67.5
2020 04 04  0.090 -0.160 7  0.184   58.0
2020 04 05  0.140 -0.108 8  0.177   54.1
2020 04 06  0.195 -0.050 8  0.201   59.8
2020 04 07  0.251  0.013 1  0.252   74.3
2020 04 08  0.306  0.079 1  0.316   93.9
2020 04 09  0.357  0.148 1  0.387  115.7
2020 04 10  0.402  0.216 1  0.456  137.4
2020 04 11  0.436  0.281 1  0.519  157.4
2020 04 12  0.459  0.342 1  0.572  174.4
2020 04 13  0.467  0.395 1  0.612  187.5
2020 04 14  0.461  0.438 1  0.636  195.9
2020 04 15  0.439  0.469 2  0.643  198.9
2020 04 16  0.403  0.486 2  0.631  196.2
2020 04 17  0.352  0.487 2  0.601  187.9
2020 04 18  0.289  0.472 2  0.554  174.2
2020 04 19  0.216  0.441 2  0.491  155.5
2020 04 20  0.136  0.394 2  0.417  133.0
2020 04 21  0.052  0.333 2  0.337  108.1
2020 04 22 -0.031  0.258 3  0.260   83.6
2020 04 23 -0.112  0.173 3  0.206   64.8
2020 04 24 -0.185  0.081 4  0.202   60.5
2020 04 25 -0.249 -0.017 5  0.250   73.8
2020 04 26 -0.301 -0.115 5  0.322   96.3
2020 04 27 -0.339 -0.211 5  0.399  120.8
2020 04 28 -0.362 -0.301 5  0.470  144.0
2020 04 29 -0.368 -0.382 6  0.530  163.9
2020 04 30 -0.359 -0.451 6  0.576  179.6
2020 05 01 -0.336 -0.506 6  0.607  190.4
2020 05 02 -0.298 -0.545 6  0.621  196.1
2020 05 03 -0.250 -0.567 6  0.620  196.7
2020 05 04 -0.192 -0.572 6  0.603  192.4
2020 05 05 -0.128 -0.559 6  0.573  183.6
2020 05 06 -0.061 -0.529 6  0.532  171.0
2020 05 07  0.008 -0.484 7  0.484  155.5
2020 05 08  0.074 -0.425 7  0.431  138.3
2020 05 09  0.136 -0.354 7  0.379  120.7
2020 05 10  0.192 -0.274 7  0.334  104.7
2020 05 11  0.239 -0.187 8  0.304   92.8
2020 05 12  0.277 -0.096 8  0.293   87.3
2020 05 13  0.304 -0.004 8  0.304   89.7
2020 05 14  0.320  0.088 1  0.332   98.7
2020 05 15  0.326  0.178 1  0.371  111.9
2020 05 16  0.321  0.263 1  0.415  126.9
2020 05 17  0.306  0.341 2  0.458  142.1
2020 05 18  0.284  0.412 2  0.500  156.6
2020 05 19  0.253  0.474 2  0.537  169.7
2020 05 20  0.217  0.526 2  0.569  181.0
2020 05 21  0.177  0.569 2  0.596  190.3
2020 05 22  0.133  0.601 2  0.616  197.3
2020 05 23  0.088  0.623 2  0.630  202.1
2020 05 24  0.043  0.635 2  0.636  204.6
2020 05 25 -0.001  0.636 3  0.636  204.6
2020 05 26 -0.044  0.628 3  0.629  202.2
2020 05 27 -0.083  0.609 3  0.615  197.5
2020 05 28 -0.120  0.582 3  0.594  190.4
2020 05 29 -0.152  0.546 3  0.566  181.1
2020 05 30 -0.180  0.501 3  0.533  169.7
2020 05 31 -0.203  0.449 3  0.493  156.4
2020 06 01 -0.222  0.390 3  0.449  141.6
2020 06 02 -0.235  0.326 3  0.402  125.7
2020 06 03 -0.244  0.256 3  0.354  109.4
2020 06 04 -0.248  0.182 4  0.308   93.8
2020 06 05 -0.248  0.106 4  0.269   80.7
2020 06 06 -0.243  0.028 4  0.244   72.2
2020 06 07 -0.233 -0.049 5  0.238   70.6
2020 06 08 -0.220 -0.124 5  0.252   76.2
2020 06 09 -0.202 -0.196 5  0.282   86.9
2020 06 10 -0.182 -0.263 6  0.320  100.2
2020 06 11 -0.158 -0.324 6  0.360  114.1
2020 06 12 -0.131 -0.377 6  0.399  127.2
2020 06 13 -0.103 -0.420 6  0.433  138.5
2020 06 14 -0.073 -0.454 6  0.460  147.6
2020 06 15 -0.041 -0.477 6  0.479  153.9
2020 06 16 -0.010 -0.489 6  0.489  157.3
2020 06 17  0.021 -0.490 7  0.490  157.6
2020 06 18  0.050 -0.480 7  0.483  155.1
2020 06 19  0.078 -0.461 7  0.467  149.9
2020 06 20  0.103 -0.432 7  0.444  142.3
2020 06 21  0.125 -0.397 7  0.416  132.8
2020 06 22  0.143 -0.355 7  0.383  121.7
2020 06 23  0.158 -0.309 7  0.347  109.7
2020 06 24  0.168 -0.261 7  0.310   97.4
2020 06 25  0.174 -0.212 7  0.274   85.2
2020 06 26  0.176 -0.164 8  0.240   73.9
2020 06 27  0.174 -0.118 8  0.210   63.8
2020 06 28  0.168 -0.076 8  0.184   55.3
2020 06 29  0.159 -0.039 8  0.164   48.5
2020 06 30  0.147 -0.007 8  0.147   43.5
2020 07 01  0.134  0.019 1  0.135   39.9
2020 07 02  0.119  0.041 1  0.125   37.3
2020 07 03  0.103  0.057 1  0.118   35.5
2020 07 04  0.087  0.070 1  0.112   34.2
2020 07 05  0.071  0.080 2  0.108   33.4
2020 07 06  0.057  0.089 2  0.106   33.2
2020 07 07  0.043  0.098 2  0.107   34.0
2020 07 08  0.030  0.108 2  0.112   35.9
2020 07 09  0.019  0.121 2  0.122   39.3
2020 07 10  0.008  0.137 2  0.137   44.2
2020 07 11 -0.002  0.158 3  0.158   50.8
2020 07 12 -0.012  0.184 3  0.184   59.2
2020 07 13 -0.023  0.214 3  0.215   69.2
2020 07 14 -0.035  0.249 3  0.252   80.8
2020 07 15 -0.049  0.288 3  0.292   93.8
2020 07 16 -0.066  0.330 3  0.336  107.8
2020 07 17 -0.086  0.372 3  0.382  122.4
2020 07 18 -0.110  0.414 3  0.429  137.1
2020 07 19 -0.138  0.453 3  0.474  151.4
2020 07 20 -0.171  0.487 3  0.517  164.7
2020 07 21 -0.208  0.514 3  0.555  176.5
2020 07 22 -0.250  0.532 3  0.588  186.4
2020 07 23 -0.296  0.538 3  0.614  193.9
2020 07 24 -0.346  0.532 3  0.634  199.1
2020 07 25 -0.398  0.511 3  0.648  201.9
2020 07 26 -0.453  0.474 3  0.655  202.7
2020 07 27 -0.508  0.422 4  0.660  202.1
2020 07 28 -0.563  0.353 4  0.664  201.2
2020 07 29 -0.615  0.269 4  0.672  201.2
2020 07 30 -0.665  0.171 4  0.686  203.7
2020 07 31 -0.709  0.059 4  0.711  210.0
2020 08 01 -0.746 -0.064 5  0.748  221.0
2020 08 02 -0.774 -0.196 5  0.798  236.9
2020 08 03 -0.791 -0.334 5  0.859  257.0
2020 08 04 -0.796 -0.476 5  0.927  280.4
2020 08 05 -0.787 -0.618 5  1.001  305.7
2020 08 06 -0.763 -0.757 5  1.075  331.6
2020 08 07 -0.721 -0.890 6  1.146  356.8
2020 08 08 -0.662 -1.014 6  1.211  380.1
2020 08 09 -0.585 -1.125 6  1.268  400.8
2020 08 10 -0.489 -1.220 6  1.315  418.1
2020 08 11 -0.375 -1.297 6  1.350  431.5
2020 08 12 -0.244 -1.353 6  1.375  440.9
2020 08 13 -0.097 -1.385 6  1.389  446.4
2020 08 14  0.063 -1.393 7  1.395  448.4
2020 08 15  0.234 -1.375 7  1.395  447.6
2020 08 16  0.414 -1.331 7  1.393  445.0
2020 08 17  0.597 -1.259 7  1.394  441.7
2020 08 18  0.780 -1.162 7  1.400  439.0
2020 08 19  0.959 -1.040 7  1.415  438.1
2020 08 20  1.128 -0.895 8  1.440  440.1
2020 08 21  1.283 -0.729 8  1.476  445.5
2020 08 22  1.420 -0.546 8  1.521  454.2
2020 08 23  1.532 -0.348 8  1.571  465.9
2020 08 24  1.618 -0.140 8  1.624  479.6
2020 08 25  1.672  0.073 1  1.674  494.1
2020 08 26  1.693  0.288 1  1.717  508.1
2020 08 27  1.677  0.499 1  1.750  520.4
2020 08 28  1.625  0.702 1  1.770  530.1
2020 08 29  1.536  0.891 1  1.776  536.4
2020 08 30  1.412  1.062 1  1.767  538.9
2020 08 31  1.255  1.212 1  1.744  537.6
2020 09 01  1.068  1.335 2  1.710  532.6
2020 09 02  0.856  1.429 2  1.666  524.5
2020 09 03  0.625  1.492 2  1.617  514.0
2020 09 04  0.380  1.522 2  1.568  502.0
2020 09 05  0.128  1.518 2  1.523  489.6
2020 09 06 -0.124  1.481 3  1.486  477.6
2020 09 07 -0.368  1.412 3  1.459  466.8
2020 09 08 -0.598  1.313 3  1.442  457.5
2020 09 09 -0.806  1.187 3  1.435  449.8
2020 09 10 -0.988  1.039 3  1.434  443.4
2020 09 11 -1.138  0.872 4  1.434  437.5
2020 09 12 -1.251  0.693 4  1.430  431.4
2020 09 13 -1.325  0.507 4  1.419  423.9
2020 09 14 -1.359  0.320 4  1.397  414.2
2020 09 15 -1.353  0.138 4  1.360  401.7
2020 09 16 -1.307 -0.034 5  1.307  385.8
2020 09 17 -1.224 -0.190 5  1.239  366.4
2020 09 18 -1.109 -0.326 5  1.155  343.6
2020 09 19 -0.966 -0.437 5  1.060  317.8
2020 09 20 -0.801 -0.522 5  0.956  289.9
2020 09 21 -0.622 -0.577 5  0.848  260.9
2020 09 22 -0.435 -0.602 6  0.742  232.2
2020 09 23 -0.248 -0.598 6  0.647  205.7
2020 09 24 -0.067 -0.566 6  0.570  183.2
2020 09 25  0.100 -0.510 7  0.520  166.6
2020 09 26  0.247 -0.432 7  0.498  157.0
2020 09 27  0.370 -0.338 8  0.501  154.2
2020 09 28  0.465 -0.233 8  0.520  156.2
2020 09 29  0.528 -0.121 8  0.542  160.7
2020 09 30  0.560 -0.009 8  0.560  165.2
2020 10 01  0.559  0.098 1  0.567  167.9
2020 10 02  0.528  0.195 1  0.562  167.8
2020 10 03  0.469  0.276 1  0.544  164.4
2020 10 04  0.386  0.340 1  0.514  157.7
2020 10 05  0.283  0.381 2  0.475  148.4
2020 10 06  0.167  0.400 2  0.433  137.7
2020 10 07  0.042  0.394 2  0.397  127.4
2020 10 08 -0.086  0.365 3  0.375  120.1
2020 10 09 -0.210  0.314 3  0.378  118.4
2020 10 10 -0.327  0.242 4  0.407  124.0
2020 10 11 -0.432  0.153 4  0.458  136.6
2020 10 12 -0.520  0.050 4  0.523  154.4
2020 10 13 -0.590 -0.062 5  0.593  175.2
2020 10 14 -0.638 -0.179 5  0.663  197.1
2020 10 15 -0.665 -0.299 5  0.729  218.5
2020 10 16 -0.670 -0.415 5  0.788  238.5
2020 10 17 -0.653 -0.525 5  0.838  256.4
2020 10 18 -0.617 -0.627 6  0.879  271.5
2020 10 19 -0.562 -0.716 6  0.910  283.7
2020 10 20 -0.491 -0.791 6  0.931  292.9
2020 10 21 -0.407 -0.852 6  0.944  299.1
2020 10 22 -0.312 -0.896 6  0.949  302.6
2020 10 23 -0.209 -0.924 6  0.948  303.6
2020 10 24 -0.099 -0.937 6  0.942  302.6
2020 10 25  0.014 -0.933 7  0.934  300.2
2020 10 26  0.129 -0.915 7  0.924  296.8
2020 10 27  0.244 -0.883 7  0.916  293.0
2020 10 28  0.356 -0.838 7  0.911  289.4
2020 10 29  0.466 -0.782 7  0.910  286.5
2020 10 30  0.571 -0.713 7  0.914  284.6
2020 10 31  0.669 -0.635 8  0.922  284.0
2020 11 01  0.759 -0.546 8  0.935  284.8
2020 11 02  0.840 -0.449 8  0.953  287.0
2020 11 03  0.910 -0.344 8  0.972  290.3
2020 11 04  0.966 -0.231 8  0.993  294.7
2020 11 05  1.008 -0.111 8  1.014  299.6
2020 11 06  1.032  0.013 1  1.033  304.8
2020 11 07  1.039  0.141 1  1.048  309.9
2020 11 08  1.025  0.271 1  1.060  314.8
2020 11 09  0.990  0.399 1  1.068  319.3
2020 11 10  0.934  0.525 1  1.071  323.1
2020 11 11  0.855  0.643 1  1.070  326.4
2020 11 12  0.756  0.752 1  1.066  329.1
2020 11 13  0.637  0.848 2  1.061  331.2
2020 11 14  0.501  0.927 2  1.054  332.9
2020 11 15  0.351  0.988 2  1.048  334.1
2020 11 16  0.191  1.026 2  1.044  334.7
2020 11 17  0.025  1.041 2  1.041  334.7
2020 11 18 -0.140  1.030 3  1.039  333.8
2020 11 19 -0.300  0.994 3  1.038  331.6
2020 11 20 -0.450  0.932 3  1.035  327.9
2020 11 21 -0.583  0.848 3  1.029  322.3
2020 11 22 -0.694  0.742 3  1.016  314.5
2020 11 23 -0.780  0.619 4  0.996  304.5
2020 11 24 -0.838  0.484 4  0.967  292.1
2020 11 25 -0.864  0.340 4  0.929  277.5
2020 11 26 -0.859  0.194 4  0.881  261.1
2020 11 27 -0.823  0.051 4  0.825  243.5
2020 11 28 -0.758 -0.084 5  0.763  225.4
2020 11 29 -0.667 -0.204 5  0.698  207.7
2020 11 30 -0.556 -0.306 5  0.634  191.3
2020 12 01 -0.428 -0.386 5  0.576  177.1
2020 12 02 -0.291 -0.441 6  0.529  165.9
2020 12 03 -0.152 -0.470 6  0.494  157.6
2020 12 04 -0.016 -0.473 6  0.473  152.1
2020 12 05  0.110 -0.451 7  0.464  148.6
2020 12 06  0.220 -0.406 7  0.462  145.9
2020 12 07  0.310 -0.343 7  0.462  143.2
2020 12 08  0.376 -0.264 8  0.460  139.8
2020 12 09  0.415 -0.177 8  0.451  135.2
2020 12 10  0.428 -0.085 8  0.436  129.2
2020 12 11  0.414  0.005 1  0.414  122.2
2020 12 12  0.376  0.088 1  0.386  114.6
2020 12 13  0.318  0.159 1  0.355  106.8
2020 12 14  0.243  0.214 1  0.324   99.5
2020 12 15  0.157  0.251 2  0.296   93.2
2020 12 16  0.066  0.268 2  0.276   88.3
2020 12 17 -0.025  0.263 3  0.264   84.9
2020 12 18 -0.110  0.238 3  0.262   83.0
2020 12 19 -0.184  0.194 3  0.267   82.7
2020 12 20 -0.243  0.134 4  0.278   83.8
2020 12 21 -0.285  0.063 4  0.292   86.4
2020 12 22 -0.307 -0.017 5  0.308   90.8
2020 12 23 -0.310 -0.100 5  0.325   96.8
2020 12 24 -0.293 -0.181 5  0.345  104.3
2020 12 25 -0.261 -0.256 5  0.365  112.6
2020 12 26 -0.215 -0.321 6  0.386  121.0
2020 12 27 -0.159 -0.372 6  0.405  128.7
2020 12 28 -0.099 -0.408 6  0.420  134.6
2020 12 29 -0.040 -0.428 6  0.429  138.0
2020 12 30  0.015 -0.429 7  0.429  138.1
2020 12 31  0.062 -0.414 7  0.419  134.5
2021 01 01  0.095 -0.384 7  0.396  126.7
2021 01 02  0.114 -0.342 7  0.360  114.9
2021 01 03  0.116 -0.289 7  0.312   99.2
2021 01 04  0.102 -0.231 7  0.253   80.2
2021 01 05  0.073 -0.169 7  0.184   58.6
2021 01 06  0.030 -0.108 7  0.113   36.0
2021 01 07 -0.022 -0.051 6  0.056   17.7
2021 01 08 -0.081  0.000 4  0.081   24.0
2021 01 09 -0.142  0.044 4  0.149   44.2
2021 01 10 -0.200  0.079 4  0.215   64.2
2021 01 11 -0.250  0.104 4  0.271   81.2
2021 01 12 -0.290  0.122 4  0.314   94.0
2021 01 13 -0.314  0.132 4  0.341  101.9
2021 01 14 -0.322  0.136 4  0.350  104.6
2021 01 15 -0.312  0.138 4  0.341  102.1
2021 01 16 -0.284  0.139 4  0.316   94.8
2021 01 17 -0.239  0.141 4  0.277   83.8
2021 01 18 -0.180  0.148 4  0.233   71.3
2021 01 19 -0.110  0.160 3  0.195   61.0
2021 01 20 -0.035  0.179 3  0.183   58.6
2021 01 21  0.042  0.206 2  0.210   67.3
2021 01 22  0.115  0.239 2  0.265   84.0
2021 01 23  0.179  0.278 2  0.330  103.8
2021 01 24  0.229  0.320 2  0.394  123.3
2021 01 25  0.262  0.364 2  0.449  140.4
2021 01 26  0.276  0.406 2  0.490  153.7
2021 01 27  0.267  0.442 2  0.516  162.4
2021 01 28  0.236  0.469 2  0.525  166.1
2021 01 29  0.185  0.484 2  0.518  164.8
2021 01 30  0.115  0.483 2  0.497  159.0
2021 01 31  0.030  0.465 2  0.466  149.8
2021 02 01 -0.065  0.428 3  0.433  139.0
2021 02 02 -0.165  0.372 3  0.407  129.1
2021 02 03 -0.264  0.296 3  0.397  123.1
2021 02 04 -0.357  0.203 4  0.410  123.8
2021 02 05 -0.437  0.095 4  0.447  132.4
2021 02 06 -0.499 -0.025 5  0.500  147.6
2021 02 07 -0.541 -0.151 5  0.561  166.8
2021 02 08 -0.558 -0.280 5  0.624  187.6
2021 02 09 -0.549 -0.406 5  0.683  208.0
2021 02 10 -0.514 -0.524 6  0.734  226.7
2021 02 11 -0.453 -0.629 6  0.775  242.5
2021 02 12 -0.371 -0.716 6  0.807  255.1
2021 02 13 -0.269 -0.783 6  0.828  264.0
2021 02 14 -0.154 -0.825 6  0.839  269.2
2021 02 15 -0.029 -0.842 6  0.842  270.8
2021 02 16  0.098 -0.832 7  0.838  269.1
2021 02 17  0.221 -0.796 7  0.827  264.3
2021 02 18  0.337 -0.737 7  0.810  257.0
2021 02 19  0.438 -0.656 7  0.789  247.4
2021 02 20  0.520 -0.558 7  0.763  236.3
2021 02 21  0.581 -0.447 8  0.734  224.0
2021 02 22  0.619 -0.329 8  0.701  211.1
2021 02 23  0.632 -0.207 8  0.665  198.1
2021 02 24  0.621 -0.088 8  0.628  185.6
2021 02 25  0.589  0.025 1  0.589  174.0
2021 02 26  0.537  0.126 1  0.551  163.5
2021 02 27  0.470  0.211 1  0.515  154.4
2021 02 28  0.392  0.280 1  0.481  146.5
2021 03 01  0.308  0.329 2  0.450  139.4
2021 03 02  0.223  0.357 2  0.421  132.5
2021 03 03  0.143  0.366 2  0.393  125.2
2021 03 04  0.071  0.357 2  0.364  116.8
2021 03 05  0.012  0.332 2  0.332  106.8
2021 03 06 -0.032  0.294 3  0.295   94.9
2021 03 07 -0.058  0.246 3  0.253   80.9
2021 03 08 -0.066  0.192 3  0.203   64.8
2021 03 09 -0.057  0.137 3  0.148   47.1
2021 03 10 -0.031  0.084 3  0.089   28.3
2021 03 11  0.010  0.036 2  0.038   12.0
2021 03 12  0.062 -0.002 8  0.062   18.3
2021 03 13  0.121 -0.028 8  0.124   36.9
2021 03 14  0.184 -0.041 8  0.188   55.9
2021 03 15  0.246 -0.038 8  0.249   73.6
2021 03 16  0.302 -0.021 8  0.303   89.4
2021 03 17  0.349  0.012 1  0.349  103.1
2021 03 18  0.383  0.059 1  0.387  114.6
2021 03 19  0.400  0.118 1  0.417  124.1
2021 03 20  0.399  0.187 1  0.441  132.4
2021 03 21  0.379  0.263 1  0.461  140.2
2021 03 22  0.338  0.343 2  0.481  148.5
2021 03 23  0.277  0.422 2  0.505  158.5
2021 03 24  0.197  0.499 2  0.537  170.7
2021 03 25  0.101  0.569 2  0.578  185.5
2021 03 26 -0.008  0.630 3  0.630  202.5
2021 03 27 -0.128  0.678 3  0.690  221.2
2021 03 28 -0.253  0.711 3  0.755  240.5
2021 03 29 -0.381  0.727 3  0.821  259.4
2021 03 30 -0.507  0.724 3  0.884  276.9
2021 03 31 -0.626  0.703 3  0.941  291.9
2021 04 01 -0.735  0.661 4  0.989  303.8
2021 04 02 -0.830  0.600 4  1.024  311.9
2021 04 03 -0.908  0.521 4  1.046  315.9
2021 04 04 -0.965  0.424 4  1.054  315.8
2021 04 05 -1.000  0.312 4  1.047  311.7
2021 04 06 -1.011  0.187 4  1.028  304.4
2021 04 07 -0.997  0.053 4  0.998  294.6
2021 04 08 -0.957 -0.089 5  0.961  283.9
2021 04 09 -0.892 -0.235 5  0.923  274.0
2021 04 10 -0.803 -0.380 5  0.889  266.7
2021 04 11 -0.692 -0.521 5  0.866  264.0
2021 04 12 -0.559 -0.654 6  0.860  267.3
2021 04 13 -0.409 -0.775 6  0.876  276.9
2021 04 14 -0.243 -0.881 6  0.914  292.3
2021 04 15 -0.066 -0.969 6  0.971  312.2
2021 04 16  0.120 -1.035 7  1.042  334.7
2021 04 17  0.309 -1.077 7  1.120  358.1
2021 04 18  0.497 -1.093 7  1.201  380.8
2021 04 19  0.680 -1.082 7  1.278  401.7
2021 04 20  0.855 -1.043 7  1.349  419.7
2021 04 21  1.015 -0.977 8  1.409  434.2
2021 04 22  1.158 -0.885 8  1.458  444.8
2021 04 23  1.279 -0.769 8  1.493  451.4
2021 04 24  1.376 -0.631 8  1.514  454.0
2021 04 25  1.444 -0.475 8  1.521  452.9
2021 04 26  1.483 -0.306 8  1.514  448.6
2021 04 27  1.490 -0.127 8  1.495  441.6
2021 04 28  1.464  0.057 1  1.465  432.4
2021 04 29  1.405  0.239 1  1.425  421.8
2021 04 30  1.315  0.414 1  1.378  410.3
2021 05 01  1.194  0.578 1  1.326  398.4
2021 05 02  1.045  0.725 1  1.272  386.7
2021 05 03  0.872  0.851 1  1.218  375.7
2021 05 04  0.678  0.952 2  1.169  365.7
2021 05 05  0.468  1.024 2  1.126  357.2
2021 05 06  0.247  1.066 2  1.095  350.6
2021 05 07  0.021  1.077 2  1.077  346.3
2021 05 08 -0.205  1.055 3  1.075  344.8
2021 05 09 -0.425  1.003 3  1.090  346.2
2021 05 10 -0.634  0.922 3  1.119  350.8
2021 05 11 -0.826  0.816 4  1.161  358.2
2021 05 12 -0.998  0.687 4  1.211  368.0
2021 05 13 -1.144  0.540 4  1.265  379.6
2021 05 14 -1.261  0.380 4  1.318  391.9
2021 05 15 -1.349  0.214 4  1.366  404.0
2021 05 16 -1.404  0.045 4  1.405  414.8
2021 05 17 -1.428 -0.121 5  1.433  423.3
2021 05 18 -1.420 -0.278 5  1.447  428.6
2021 05 19 -1.383 -0.422 5  1.445  430.0
2021 05 20 -1.318 -0.549 5  1.427  427.0
2021 05 21 -1.228 -0.655 5  1.392  419.3
2021 05 22 -1.118 -0.740 5  1.341  406.9
2021 05 23 -0.992 -0.800 5  1.275  389.8
2021 05 24 -0.855 -0.836 5  1.195  368.6
2021 05 25 -0.709 -0.848 6  1.106  343.9
2021 05 26 -0.561 -0.838 6  1.009  316.4
2021 05 27 -0.415 -0.808 6  0.908  287.2
2021 05 28 -0.273 -0.760 6  0.808  257.5
2021 05 29 -0.140 -0.699 6  0.713  228.5
2021 05 30 -0.019 -0.627 6  0.627  201.6
2021 05 31  0.090 -0.548 7  0.555  178.1
2021 06 01  0.184 -0.466 7  0.501  159.4
2021 06 02  0.262 -0.385 7  0.466  146.1
2021 06 03  0.326 -0.308 8  0.449  138.3
2021 06 04  0.376 -0.238 8  0.445  135.0
2021 06 05  0.414 -0.177 8  0.450  134.8
2021 06 06  0.441 -0.126 8  0.459  136.4
2021 06 07  0.460 -0.086 8  0.468  138.6
2021 06 08  0.473 -0.057 8  0.477  140.9
2021 06 09  0.484 -0.038 8  0.485  143.3
2021 06 10  0.493 -0.028 8  0.494  145.9
2021 06 11  0.505 -0.025 8  0.505  149.2
2021 06 12  0.520 -0.026 8  0.520  153.6
2021 06 13  0.540 -0.028 8  0.540  159.6
2021 06 14  0.566 -0.029 8  0.566  167.2
2021 06 15  0.598 -0.025 8  0.598  176.6
2021 06 16  0.635 -0.014 8  0.635  187.6
2021 06 17  0.677  0.007 1  0.677  199.9
2021 06 18  0.722  0.040 1  0.723  213.4
2021 06 19  0.766  0.086 1  0.771  227.8
2021 06 20  0.808  0.147 1  0.821  243.0
2021 06 21  0.843  0.223 1  0.872  258.9
2021 06 22  0.869  0.312 1  0.923  275.3
2021 06 23  0.881  0.413 1  0.973  292.0
2021 06 24  0.876  0.525 1  1.021  308.8
2021 06 25  0.852  0.643 1  1.067  325.5
2021 06 26  0.805  0.764 1  1.110  341.9
2021 06 27  0.734  0.885 2  1.150  357.6
2021 06 28  0.637  1.000 2  1.186  372.6
2021 06 29  0.515  1.105 2  1.219  386.6
2021 06 30  0.367  1.196 2  1.251  399.5
2021 07 01  0.197  1.267 2  1.282  411.5
2021 07 02  0.007  1.314 2  1.314  422.7
2021 07 03 -0.200  1.335 3  1.350  433.3
2021 07 04 -0.419  1.325 3  1.390  443.8
2021 07 05 -0.645  1.284 3  1.437  454.6
2021 07 06 -0.870  1.209 3  1.490  466.0
2021 07 07 -1.090  1.101 3  1.549  478.3
2021 07 08 -1.297  0.960 4  1.614  491.8
2021 07 09 -1.485  0.789 4  1.681  506.4
2021 07 10 -1.647  0.591 4  1.750  522.0
2021 07 11 -1.779  0.369 4  1.817  538.2
2021 07 12 -1.874  0.128 4  1.878  554.7
2021 07 13 -1.929 -0.126 5  1.933  570.9
2021 07 14 -1.941 -0.387 5  1.979  586.3
2021 07 15 -1.908 -0.648 5  2.015  600.5
2021 07 16 -1.829 -0.904 5  2.040  613.2
2021 07 17 -1.706 -1.147 5  2.056  624.1
2021 07 18 -1.540 -1.371 5  2.062  633.3
2021 07 19 -1.334 -1.571 6  2.061  640.7
2021 07 20 -1.094 -1.741 6  2.057  646.5
2021 07 21 -0.826 -1.877 6  2.051  651.0
2021 07 22 -0.534 -1.975 6  2.046  654.5
2021 07 23 -0.228 -2.033 6  2.046  657.3
2021 07 24  0.086 -2.049 7  2.051  659.5
2021 07 25  0.399 -2.023 7  2.062  661.1
2021 07 26  0.704 -1.956 7  2.078  662.3
2021 07 27  0.993 -1.849 7  2.098  662.8
2021 07 28  1.259 -1.705 7  2.119  662.3
2021 07 29  1.496 -1.528 7  2.138  660.6
2021 07 30  1.698 -1.323 8  2.152  657.3
2021 07 31  1.860 -1.094 8  2.158  652.1
2021 08 01  1.979 -0.848 8  2.153  644.7
2021 08 02  2.054 -0.590 8  2.137  635.1
2021 08 03  2.082 -0.326 8  2.107  623.4
2021 08 04  2.065 -0.062 8  2.066  609.8
2021 08 05  2.004  0.195 1  2.013  594.7
2021 08 06  1.901  0.440 1  1.952  578.8
2021 08 07  1.762  0.669 1  1.885  562.8
2021 08 08  1.590  0.877 1  1.816  547.5
2021 08 09  1.391  1.060 1  1.749  533.8
2021 08 10  1.172  1.216 2  1.689  522.2
2021 08 11  0.938  1.344 2  1.639  513.2
2021 08 12  0.697  1.440 2  1.600  506.9
2021 08 13  0.455  1.507 2  1.574  502.9
2021 08 14  0.217  1.544 2  1.559  500.7
2021 08 15 -0.010  1.553 3  1.553  499.4
2021 08 16 -0.222  1.536 3  1.552  498.1
2021 08 17 -0.414  1.494 3  1.551  495.9
2021 08 18 -0.584  1.432 3  1.547  491.8
2021 08 19 -0.729  1.352 3  1.536  485.1
2021 08 20 -0.848  1.257 3  1.516  475.4
2021 08 21 -0.940  1.150 3  1.485  462.4
2021 08 22 -1.005  1.035 3  1.443  445.9
2021 08 23 -1.046  0.914 4  1.389  426.3
2021 08 24 -1.064  0.789 4  1.324  403.7
2021 08 25 -1.060  0.663 4  1.251  378.7
2021 08 26 -1.039  0.537 4  1.169  351.9
2021 08 27 -1.002  0.413 4  1.083  324.1
2021 08 28 -0.952  0.292 4  0.996  296.2
2021 08 29 -0.892  0.175 4  0.909  269.2
2021 08 30 -0.825  0.062 4  0.827  244.3
2021 08 31 -0.753 -0.046 5  0.754  222.7
2021 09 01 -0.678 -0.148 5  0.694  205.6
2021 09 02 -0.601 -0.245 5  0.649  194.0
2021 09 03 -0.523 -0.334 5  0.621  188.2
2021 09 04 -0.447 -0.417 5  0.611  188.0
2021 09 05 -0.371 -0.491 6  0.616  192.2
2021 09 06 -0.298 -0.556 6  0.631  199.3
2021 09 07 -0.226 -0.611 6  0.652  207.6
2021 09 08 -0.157 -0.655 6  0.673  215.6
2021 09 09 -0.090 -0.686 6  0.692  222.3
2021 09 10 -0.027 -0.705 6  0.705  226.7
2021 09 11  0.033 -0.709 7  0.710  228.1
2021 09 12  0.087 -0.698 7  0.704  226.1
2021 09 13  0.136 -0.674 7  0.687  220.3
2021 09 14  0.179 -0.634 7  0.659  210.7
2021 09 15  0.213 -0.582 7  0.620  197.4
2021 09 16  0.238 -0.518 7  0.570  180.6
2021 09 17  0.252 -0.443 7  0.510  160.8
2021 09 18  0.256 -0.361 7  0.443  138.6
2021 09 19  0.248 -0.275 7  0.370  114.8
2021 09 20  0.228 -0.187 8  0.295   90.2
2021 09 21  0.196 -0.102 8  0.220   66.3
2021 09 22  0.152 -0.022 8  0.154   45.5
2021 09 23  0.100  0.049 1  0.111   33.3
2021 09 24  0.039  0.107 2  0.114   36.3
2021 09 25 -0.028  0.150 3  0.153   48.9
2021 09 26 -0.099  0.175 3  0.201   63.3
2021 09 27 -0.169  0.180 3  0.247   76.5
2021 09 28 -0.236  0.165 4  0.288   87.7
2021 09 29 -0.297  0.130 4  0.324   97.2
2021 09 30 -0.349  0.075 4  0.356  105.6
2021 10 01 -0.387  0.002 4  0.387  114.2
2021 10 02 -0.410 -0.087 5  0.419  124.2
2021 10 03 -0.415 -0.188 5  0.456  136.6
2021 10 04 -0.401 -0.296 5  0.498  151.9
2021 10 05 -0.366 -0.409 6  0.548  170.0
2021 10 06 -0.310 -0.520 6  0.605  190.5
2021 10 07 -0.234 -0.624 6  0.667  212.3
2021 10 08 -0.140 -0.718 6  0.732  234.6
2021 10 09 -0.029 -0.796 6  0.797  256.3
2021 10 10  0.095 -0.855 7  0.860  276.4
2021 10 11  0.229 -0.891 7  0.920  294.3
2021 10 12  0.368 -0.901 7  0.973  309.4
2021 10 13  0.508 -0.884 7  1.019  321.3
2021 10 14  0.643 -0.839 7  1.057  329.9
2021 10 15  0.771 -0.767 8  1.087  335.5
2021 10 16  0.885 -0.669 8  1.110  338.4
2021 10 17  0.982 -0.548 8  1.125  339.3
2021 10 18  1.059 -0.408 8  1.134  338.8
2021 10 19  1.112 -0.251 8  1.140  337.9
2021 10 20  1.139 -0.084 8  1.142  337.3
2021 10 21  1.140  0.090 1  1.144  337.7
2021 10 22  1.114  0.264 1  1.145  339.6
2021 10 23  1.062  0.434 1  1.147  343.1
2021 10 24  0.985  0.594 1  1.150  347.9
2021 10 25  0.887  0.740 1  1.155  353.7
2021 10 26  0.768  0.868 2  1.159  359.7
2021 10 27  0.635  0.975 2  1.164  365.3
2021 10 28  0.489  1.059 2  1.166  369.8
2021 10 29  0.336  1.117 2  1.167  372.8
2021 10 30  0.180  1.150 2  1.164  373.7
2021 10 31  0.025  1.158 2  1.158  372.4
2021 11 01 -0.124  1.142 3  1.148  368.9
2021 11 02 -0.265  1.103 3  1.134  363.2
2021 11 03 -0.395  1.045 3  1.117  355.5
2021 11 04 -0.509  0.970 3  1.095  346.1
2021 11 05 -0.607  0.882 3  1.070  335.4
2021 11 06 -0.687  0.784 3  1.042  323.5
2021 11 07 -0.748  0.681 4  1.011  310.9
2021 11 08 -0.790  0.576 4  0.977  297.7
2021 11 09 -0.814  0.471 4  0.940  284.0
2021 11 10 -0.820  0.372 4  0.900  269.9
2021 11 11 -0.811  0.279 4  0.857  255.5
2021 11 12 -0.787  0.195 4  0.811  240.7
2021 11 13 -0.753  0.121 4  0.762  225.5
2021 11 14 -0.708  0.059 4  0.711  210.0
2021 11 15 -0.658  0.008 4  0.658  194.2
2021 11 16 -0.603 -0.031 5  0.604  178.3
2021 11 17 -0.546 -0.060 5  0.550  162.4
2021 11 18 -0.490 -0.080 5  0.497  147.0
2021 11 19 -0.436 -0.092 5  0.446  132.1
2021 11 20 -0.386 -0.099 5  0.398  118.2
2021 11 21 -0.340 -0.102 5  0.355  105.6
2021 11 22 -0.300 -0.103 5  0.317   94.6
2021 11 23 -0.266 -0.104 5  0.285   85.3
2021 11 24 -0.237 -0.107 5  0.260   77.9
2021 11 25 -0.213 -0.113 5  0.241   72.6
2021 11 26 -0.193 -0.124 5  0.229   69.5
2021 11 27 -0.176 -0.139 5  0.224   68.6
2021 11 28 -0.161 -0.159 5  0.226   69.9
2021 11 29 -0.146 -0.184 6  0.235   73.3
2021 11 30 -0.131 -0.213 6  0.250   78.6
2021 12 01 -0.113 -0.245 6  0.270   85.5
2021 12 02 -0.093 -0.278 6  0.293   93.4
2021 12 03 -0.070 -0.311 6  0.318  102.0
2021 12 04 -0.042 -0.342 6  0.344  110.6
2021 12 05 -0.011 -0.369 6  0.369  118.8
2021 12 06  0.023 -0.392 7  0.392  126.2
2021 12 07  0.060 -0.408 7  0.412  132.3
2021 12 08  0.100 -0.416 7  0.428  137.1
2021 12 09  0.140 -0.417 7  0.439  140.2
2021 12 10  0.179 -0.408 7  0.446  141.5
2021 12 11  0.216 -0.392 7  0.447  141.2
2021 12 12  0.249 -0.368 7  0.444  139.2
2021 12 13  0.277 -0.337 7  0.436  135.7
2021 12 14  0.299 -0.301 7  0.424  130.9
2021 12 15  0.314 -0.261 8  0.408  125.0
2021 12 16  0.320 -0.220 8  0.389  118.1
2021 12 17  0.318 -0.180 8  0.366  110.4
2021 12 18  0.308 -0.143 8  0.340  101.9
2021 12 19  0.290 -0.111 8  0.310   92.7
2021 12 20  0.265 -0.087 8  0.278   82.9
2021 12 21  0.234 -0.070 8  0.244   72.5
2021 12 22  0.198 -0.063 8  0.208   62.0
2021 12 23  0.161 -0.067 8  0.174   52.1
2021 12 24  0.123 -0.080 8  0.147   44.5
2021 12 25  0.087 -0.103 7  0.134   41.8
2021 12 26  0.054 -0.134 7  0.144   45.9
2021 12 27  0.026 -0.172 7  0.174   55.8
2021 12 28  0.005 -0.214 7  0.214   68.8
2021 12 29 -0.009 -0.258 6  0.259   83.1
2021 12 30 -0.014 -0.302 6  0.302   97.2
2021 12 31 -0.011 -0.343 6  0.343  110.2
2022 01 01  0.000 -0.377 7  0.377  121.2
2022 01 02  0.018 -0.403 7  0.403  129.7
2022 01 03  0.042 -0.419 7  0.421  135.2
2022 01 04  0.070 -0.422 7  0.428  137.4
2022 01 05  0.099 -0.413 7  0.425  136.1
2022 01 06  0.130 -0.391 7  0.412  131.4
2022 01 07  0.158 -0.356 7  0.389  123.5
2022 01 08  0.183 -0.308 7  0.358  112.8
2022 01 09  0.202 -0.251 7  0.322  100.2
2022 01 10  0.215 -0.184 8  0.283   86.8
2022 01 11  0.220 -0.112 8  0.247   74.3
2022 01 12  0.218 -0.037 8  0.221   65.4
2022 01 13  0.208  0.039 1  0.212   62.6
2022 01 14  0.191  0.112 1  0.222   67.0
2022 01 15  0.168  0.181 2  0.247   76.5
2022 01 16  0.141  0.242 2  0.280   88.4
2022 01 17  0.111  0.294 2  0.315  100.2
2022 01 18  0.080  0.336 2  0.346  110.6
2022 01 19  0.051  0.366 2  0.370  118.7
2022 01 20  0.025  0.385 2  0.386  124.0
2022 01 21  0.003  0.392 2  0.392  126.2
2022 01 22 -0.012  0.390 3  0.390  125.3
2022 01 23 -0.020  0.378 3  0.379  121.7
2022 01 24 -0.019  0.360 3  0.360  115.8
2022 01 25 -0.011  0.336 3  0.337  108.2
2022 01 26  0.005  0.311 2  0.311  100.0
2022 01 27  0.028  0.285 2  0.287   92.1
2022 01 28  0.056  0.262 2  0.268   85.9
2022 01 29  0.088  0.243 2  0.259   82.4
2022 01 30  0.121  0.230 2  0.260   82.2
2022 01 31  0.153  0.225 2  0.272   85.3
2022 02 01  0.182  0.227 2  0.291   90.7
2022 02 02  0.206  0.238 2  0.314   97.6
2022 02 03  0.221  0.256 2  0.338  105.0
2022 02 04  0.226  0.281 2  0.361  112.4
2022 02 05  0.220  0.312 2  0.382  119.5
2022 02 06  0.202  0.346 2  0.401  126.2
2022 02 07  0.170  0.382 2  0.418  132.5
2022 02 08  0.125  0.416 2  0.434  138.7
2022 02 09  0.068  0.446 2  0.451  144.9
2022 02 10 -0.001  0.470 3  0.470  151.3
2022 02 11 -0.078  0.486 3  0.492  158.0
2022 02 12 -0.163  0.491 3  0.517  165.0
2022 02 13 -0.252  0.483 3  0.545  172.3
2022 02 14 -0.343  0.463 3  0.576  179.9
2022 02 15 -0.431  0.428 4  0.607  187.4
2022 02 16 -0.515  0.379 4  0.639  194.9
2022 02 17 -0.591  0.318 4  0.671  202.0
2022 02 18 -0.655  0.244 4  0.700  208.8
2022 02 19 -0.707  0.161 4  0.725  215.1
2022 02 20 -0.744  0.070 4  0.747  220.7
2022 02 21 -0.764 -0.025 5  0.764  225.5
2022 02 22 -0.766 -0.122 5  0.776  229.5
2022 02 23 -0.751 -0.218 5  0.782  232.4
2022 02 24 -0.718 -0.309 5  0.782  234.0
2022 02 25 -0.668 -0.393 5  0.775  234.2
2022 02 26 -0.604 -0.465 5  0.763  232.8
2022 02 27 -0.527 -0.525 5  0.744  229.5
2022 02 28 -0.439 -0.569 6  0.719  224.2
2022 03 01 -0.343 -0.597 6  0.688  216.9
2022 03 02 -0.241 -0.606 6  0.652  207.5
2022 03 03 -0.137 -0.597 6  0.613  196.3
2022 03 04 -0.034 -0.570 6  0.571  183.6
2022 03 05  0.066 -0.525 7  0.529  170.0
2022 03 06  0.160 -0.464 7  0.491  156.5
2022 03 07  0.245 -0.388 7  0.459  144.2
2022 03 08  0.320 -0.299 8  0.438  134.9
2022 03 09  0.382 -0.201 8  0.432  130.0
2022 03 10  0.431 -0.095 8  0.441  130.8
2022 03 11  0.464  0.015 1  0.465  137.1
2022 03 12  0.482  0.125 1  0.498  147.9
2022 03 13  0.484  0.234 1  0.538  161.5
2022 03 14  0.471  0.336 1  0.579  176.1
2022 03 15  0.443  0.430 1  0.617  190.3
2022 03 16  0.401  0.513 2  0.651  202.9
2022 03 17  0.346  0.581 2  0.677  213.0
2022 03 18  0.282  0.633 2  0.693  220.0
2022 03 19  0.209  0.667 2  0.699  223.2
2022 03 20  0.130  0.682 2  0.694  222.6
2022 03 21  0.048  0.676 2  0.678  217.9
2022 03 22 -0.035  0.650 3  0.651  209.2
2022 03 23 -0.116  0.604 3  0.615  197.1
2022 03 24 -0.192  0.538 3  0.571  182.0
2022 03 25 -0.261  0.454 3  0.524  165.2
2022 03 26 -0.319  0.355 3  0.478  148.1
2022 03 27 -0.366  0.242 4  0.439  133.2
2022 03 28 -0.399  0.119 4  0.416  123.7
2022 03 29 -0.416 -0.012 5  0.416  122.9
2022 03 30 -0.417 -0.148 5  0.443  132.0
2022 03 31 -0.402 -0.283 5  0.492  149.6
2022 04 01 -0.370 -0.416 6  0.557  172.8
2022 04 02 -0.323 -0.543 6  0.632  198.9
2022 04 03 -0.260 -0.660 6  0.710  225.8
2022 04 04 -0.185 -0.765 6  0.787  252.1
2022 04 05 -0.099 -0.855 6  0.861  276.5
2022 04 06 -0.004 -0.928 6  0.928  298.4
2022 04 07  0.097 -0.982 7  0.987  317.1
2022 04 08  0.201 -1.017 7  1.036  332.3
2022 04 09  0.306 -1.031 7  1.076  343.6
2022 04 10  0.408 -1.026 7  1.104  351.1
2022 04 11  0.505 -1.000 7  1.120  354.5
2022 04 12  0.594 -0.957 7  1.126  354.1
2022 04 13  0.673 -0.896 7  1.121  350.0
2022 04 14  0.740 -0.821 7  1.105  342.6
2022 04 15  0.793 -0.733 8  1.079  332.1
2022 04 16  0.831 -0.634 8  1.045  318.9
2022 04 17  0.853 -0.527 8  1.003  303.6
2022 04 18  0.859 -0.415 8  0.954  286.6
2022 04 19  0.849 -0.300 8  0.900  268.5
2022 04 20  0.823 -0.184 8  0.843  249.9
2022 04 21  0.781 -0.070 8  0.784  231.7
2022 04 22  0.725  0.041 1  0.726  214.5
2022 04 23  0.656  0.146 1  0.673  199.4
2022 04 24  0.576  0.245 1  0.626  187.4
2022 04 25  0.486  0.335 1  0.590  179.4
2022 04 26  0.388  0.416 2  0.569  176.2
2022 04 27  0.284  0.488 2  0.564  177.8
2022 04 28  0.175  0.549 2  0.576  184.0
2022 04 29  0.065  0.600 2  0.603  193.8
2022 04 30 -0.045  0.639 3  0.641  206.1
2022 05 01 -0.154  0.669 3  0.686  219.7
2022 05 02 -0.259  0.687 3  0.734  233.8
2022 05 03 -0.359  0.695 3  0.782  247.3
2022 05 04 -0.452  0.693 3  0.827  259.7
2022 05 05 -0.537  0.681 3  0.867  270.3
2022 05 06 -0.612  0.660 3  0.900  278.6
2022 05 07 -0.677  0.629 4  0.924  284.3
2022 05 08 -0.730  0.590 4  0.938  287.1
2022 05 09 -0.770  0.543 4  0.942  286.7
2022 05 10 -0.798  0.488 4  0.935  283.0
2022 05 11 -0.812  0.426 4  0.917  276.1
2022 05 12 -0.813  0.358 4  0.888  266.1
2022 05 13 -0.800  0.284 4  0.849  253.2
2022 05 14 -0.774  0.206 4  0.801  237.8
2022 05 15 -0.735  0.124 4  0.745  220.5
2022 05 16 -0.683  0.041 4  0.685  202.1
2022 05 17 -0.621 -0.044 5  0.623  183.9
2022 05 18 -0.549 -0.129 5  0.563  167.1
2022 05 19 -0.468 -0.211 5  0.513  153.8
2022 05 20 -0.379 -0.290 5  0.477  145.7
2022 05 21 -0.285 -0.364 6  0.462  144.1
2022 05 22 -0.188 -0.431 6  0.470  149.2
2022 05 23 -0.088 -0.490 6  0.497  159.6
2022 05 24  0.012 -0.539 7  0.539  173.3
2022 05 25  0.111 -0.577 7  0.587  188.4
2022 05 26  0.206 -0.603 7  0.637  203.1
2022 05 27  0.297 -0.615 7  0.683  216.3
2022 05 28  0.381 -0.614 7  0.722  227.1
2022 05 29  0.458 -0.597 7  0.753  234.9
2022 05 30  0.526 -0.566 7  0.773  239.4
2022 05 31  0.585 -0.520 8  0.783  240.5
2022 06 01  0.634 -0.460 8  0.783  238.4
2022 06 02  0.671 -0.386 8  0.774  233.8
2022 06 03  0.698 -0.299 8  0.759  227.4
2022 06 04  0.714 -0.200 8  0.741  220.3
2022 06 05  0.719 -0.091 8  0.724  214.1
2022 06 06  0.713  0.025 1  0.713  210.6
2022 06 07  0.697  0.148 1  0.713  211.2
2022 06 08  0.672  0.275 1  0.726  217.2
2022 06 09  0.638  0.404 1  0.755  228.8
2022 06 10  0.596  0.532 1  0.799  245.5
2022 06 11  0.548  0.657 2  0.856  266.2
2022 06 12  0.494  0.777 2  0.921  289.3
2022 06 13  0.435  0.889 2  0.990  313.4
2022 06 14  0.372  0.991 2  1.058  337.0
2022 06 15  0.306  1.081 2  1.123  359.1
2022 06 16  0.238  1.157 2  1.181  378.5
2022 06 17  0.167  1.217 2  1.228  394.3
2022 06 18  0.095  1.259 2  1.263  406.0
2022 06 19  0.021  1.284 2  1.284  412.9
2022 06 20 -0.053  1.288 3  1.289  414.6
2022 06 21 -0.129  1.272 3  1.279  410.9
2022 06 22 -0.205  1.235 3  1.252  401.8
2022 06 23 -0.281  1.177 3  1.210  387.4
2022 06 24 -0.358  1.097 3  1.154  368.1
2022 06 25 -0.433  0.996 3  1.086  344.8
2022 06 26 -0.507  0.875 3  1.011  318.7
2022 06 27 -0.579  0.735 3  0.935  291.6
2022 06 28 -0.646  0.577 4  0.867  266.2
2022 06 29 -0.709  0.405 4  0.816  246.3
2022 06 30 -0.764  0.219 4  0.795  236.3
2022 07 01 -0.811  0.024 4  0.811  239.4
2022 07 02 -0.847 -0.178 5  0.865  256.4
2022 07 03 -0.870 -0.383 5  0.951  284.8
2022 07 04 -0.879 -0.586 5  1.057  320.8
2022 07 05 -0.872 -0.784 5  1.173  360.4
2022 07 06 -0.848 -0.972 6  1.290  400.4
2022 07 07 -0.807 -1.144 6  1.400  438.3
2022 07 08 -0.747 -1.298 6  1.497  471.9
2022 07 09 -0.669 -1.428 6  1.577  499.8
2022 07 10 -0.574 -1.531 6  1.635  520.5
2022 07 11 -0.463 -1.603 6  1.668  533.2
2022 07 12 -0.340 -1.641 6  1.676  537.3
2022 07 13 -0.206 -1.645 6  1.658  532.5
2022 07 14 -0.066 -1.612 6  1.614  518.8
2022 07 15  0.077 -1.543 7  1.545  496.8
2022 07 16  0.218 -1.439 7  1.456  467.2
2022 07 17  0.352 -1.302 7  1.349  431.4
2022 07 18  0.474 -1.135 7  1.230  391.0
2022 07 19  0.581 -0.943 7  1.107  348.3
2022 07 20  0.667 -0.730 7  0.989  306.4
2022 07 21  0.728 -0.504 8  0.886  269.2
2022 07 22  0.763 -0.270 8  0.809  241.3
2022 07 23  0.768 -0.036 8  0.769  226.9
2022 07 24  0.742  0.190 1  0.767  227.5
2022 07 25  0.687  0.402 1  0.796  240.5
2022 07 26  0.602  0.592 1  0.844  260.4
2022 07 27  0.492  0.753 2  0.899  282.3
2022 07 28  0.358  0.880 2  0.950  302.2
2022 07 29  0.208  0.969 2  0.991  317.5
2022 07 30  0.046  1.015 2  1.016  326.7
2022 07 31 -0.121  1.018 3  1.025  329.2
2022 08 01 -0.285  0.976 3  1.017  325.1
2022 08 02 -0.440  0.892 3  0.995  315.0
2022 08 03 -0.578  0.769 3  0.962  300.4
2022 08 04 -0.693  0.610 4  0.923  283.5
2022 08 05 -0.779  0.422 4  0.886  267.1
2022 08 06 -0.831  0.213 4  0.858  254.6
2022 08 07 -0.845 -0.010 5  0.846  249.6
2022 08 08 -0.821 -0.238 5  0.855  254.1
2022 08 09 -0.757 -0.462 5  0.887  268.3
2022 08 10 -0.655 -0.672 6  0.939  290.1
2022 08 11 -0.519 -0.861 6  1.005  316.4
2022 08 12 -0.353 -1.021 6  1.080  344.3
2022 08 13 -0.163 -1.144 6  1.156  371.1
2022 08 14  0.043 -1.226 7  1.227  394.5
2022 08 15  0.256 -1.263 7  1.289  413.2
2022 08 16  0.468 -1.254 7  1.338  426.2
2022 08 17  0.671 -1.197 7  1.372  432.8
2022 08 18  0.854 -1.095 7  1.389  433.0
2022 08 19  1.010 -0.951 8  1.388  427.2
2022 08 20  1.133 -0.771 8  1.370  416.2
2022 08 21  1.215 -0.560 8  1.338  401.4
2022 08 22  1.254 -0.328 8  1.296  384.7
2022 08 23  1.245 -0.081 8  1.248  368.5
2022 08 24  1.190  0.170 1  1.202  355.5
2022 08 25  1.089  0.418 1  1.167  348.4
2022 08 26  0.946  0.652 1  1.149  349.2
2022 08 27  0.766  0.864 2  1.155  358.4
2022 08 28  0.556  1.049 2  1.187  375.0
2022 08 29  0.324  1.198 2  1.241  396.9
2022 08 30  0.078  1.308 2  1.310  421.3
2022 08 31 -0.172  1.376 3  1.387  445.4
2022 09 01 -0.415  1.400 3  1.460  466.6
2022 09 02 -0.644  1.381 3  1.524  483.0
2022 09 03 -0.848  1.320 3  1.569  492.8
2022 09 04 -1.019  1.222 3  1.592  495.0
2022 09 05 -1.153  1.091 4  1.587  488.7
2022 09 06 -1.242  0.933 4  1.554  473.8
2022 09 07 -1.285  0.755 4  1.491  450.4
2022 09 08 -1.280  0.564 4  1.399  419.3
2022 09 09 -1.228  0.369 4  1.283  381.5
2022 09 10 -1.132  0.175 4  1.145  338.8
2022 09 11 -0.995 -0.009 5  0.995  293.7
2022 09 12 -0.823 -0.177 5  0.842  249.6
2022 09 13 -0.624 -0.325 5  0.704  211.9
2022 09 14 -0.406 -0.447 6  0.604  187.1
2022 09 15 -0.177 -0.540 6  0.568  181.3
2022 09 16  0.053 -0.603 7  0.605  194.5
2022 09 17  0.277 -0.635 7  0.693  220.0
2022 09 18  0.486 -0.637 7  0.801  250.1
2022 09 19  0.672 -0.611 8  0.908  279.2
2022 09 20  0.829 -0.561 8  1.001  303.9
2022 09 21  0.952 -0.490 8  1.070  322.0
2022 09 22  1.037 -0.402 8  1.112  332.2
2022 09 23  1.083 -0.303 8  1.125  334.2
2022 09 24  1.090 -0.197 8  1.107  327.8
2022 09 25  1.058 -0.091 8  1.062  313.6
2022 09 26  0.990  0.012 1  0.990  292.4
2022 09 27  0.891  0.107 1  0.898  265.3
2022 09 28  0.766  0.190 1  0.789  234.2
2022 09 29  0.620  0.259 1  0.672  200.9
2022 09 30  0.459  0.311 1  0.554  168.4
2022 10 01  0.290  0.345 2  0.451  140.2
2022 10 02  0.120  0.361 2  0.380  121.3
2022 10 03 -0.046  0.358 3  0.361  115.9
2022 10 04 -0.201  0.338 3  0.394  123.9
2022 10 05 -0.342  0.303 4  0.457  140.2
2022 10 06 -0.463  0.253 4  0.528  159.2
2022 10 07 -0.563  0.193 4  0.595  177.4
2022 10 08 -0.638  0.124 4  0.650  192.5
2022 10 09 -0.688  0.048 4  0.690  203.7
2022 10 10 -0.713 -0.030 5  0.713  210.6
2022 10 11 -0.712 -0.110 5  0.721  213.2
2022 10 12 -0.689 -0.188 5  0.714  212.1
2022 10 13 -0.643 -0.263 5  0.695  207.9
2022 10 14 -0.579 -0.332 5  0.668  201.6
2022 10 15 -0.499 -0.394 5  0.636  194.3
2022 10 16 -0.405 -0.448 6  0.604  187.2
2022 10 17 -0.302 -0.492 6  0.577  181.6
2022 10 18 -0.191 -0.526 6  0.559  178.3
2022 10 19 -0.076 -0.549 6  0.554  177.8
2022 10 20  0.039 -0.559 7  0.561  180.3
2022 10 21  0.145 -0.204 7  0.250   78.3
2022 10 22  0.175  0.014 1  0.176   52.0
2022 10 23  0.194 -0.053 8  0.201   59.7
2022 10 24  0.259 -0.124 8  0.287   86.1
2022 10 25  0.442 -0.157 8  0.469  139.9
2022 10 26  0.247 -0.235 8  0.341  105.0
2022 10 27 -0.018 -0.477 6  0.477  153.4
2022 10 28  0.301 -0.327 7  0.444  137.6
2022 10 29  0.460 -0.262 8  0.530  159.9
2022 10 30  0.340 -0.154 8  0.373  111.9
2022 10 31  0.539  0.014 1  0.539  159.0
2022 11 01  0.583  0.101 1  0.592  175.2
2022 11 02  0.635  0.309 1  0.707  212.3
2022 11 03  0.600  0.310 1  0.676  203.3
2022 11 04  0.608  0.515 1  0.797  244.2
2022 11 05  0.509  0.567 2  0.763  236.4
2022 11 06  0.503  0.706 2  0.867  271.2
2022 11 07  0.459  0.691 2  0.829  260.2
2022 11 08  0.365  0.745 2  0.830  262.7
2022 11 09  0.086  0.778 2  0.783  251.5
2022 11 10 -0.295  0.890 3  0.938  299.2
2022 11 11 -0.508  0.965 3  1.091  344.8
2022 11 12 -0.591  1.232 3  1.366  432.8
2022 11 13 -0.423  1.278 3  1.347  429.7
2022 11 14 -0.708  1.176 3  1.373  432.1
2022 11 15 -0.865  0.867 3  1.224  377.9
2022 11 16 -0.817  0.649 4  1.044  319.0
2022 11 17 -1.086  0.298 4  1.126  334.5
2022 11 18 -1.339  0.208 4  1.355  400.7
2022 11 19 -1.075  0.302 4  1.117  331.8
2022 11 20 -1.123 -0.195 5  1.139  337.2
2022 11 21 -0.937 -0.522 5  1.073  323.6
2022 11 22 -0.932 -0.621 5  1.120  339.9
2022 11 23 -0.716 -0.462 5  0.852  258.3
2022 11 24 -0.499 -0.636 6  0.808  252.0
2022 11 25 -0.145 -0.859 6  0.872  279.7
2022 11 26  0.346 -0.842 7  0.910  289.4
2022 11 27  0.657 -0.603 8  0.892  274.3
2022 11 28  0.946 -0.560 8  1.099  332.2
2022 11 29  0.980 -0.358 8  1.043  311.3
2022 11 30  0.906 -0.208 8  0.930  275.7
2022 12 01  0.858  0.005 1  0.858  253.2
2022 12 02  0.992  0.165 1  1.006  297.7
2022 12 03  0.738  0.235 1  0.774  230.5
2022 12 04  0.420  0.400 1  0.580  178.7
2022 12 05  0.106  0.380 2  0.394  126.0
2022 12 06 -0.081  0.274 3  0.286   91.4
2022 12 07 -0.232  0.195 4  0.303   93.0
2022 12 08 -0.259  0.136 4  0.293   88.1
2022 12 09 -0.172 -0.074 5  0.187   55.9
2022 12 10 -0.150 -0.259 6  0.300   94.4
2022 12 11 -0.165 -0.172 6  0.238   73.7
2022 12 12 -0.342  0.006 4  0.342  100.9
2022 12 13 -0.446 -0.110 5  0.459  136.2
2022 12 14 -0.599 -0.321 5  0.680  204.8
2022 12 15 -0.463 -0.396 5  0.610  186.9
2022 12 16 -0.203 -0.271 6  0.338  105.7
2022 12 17 -0.288 -0.229 5  0.368  112.4
2022 12 18 -0.471 -0.471 6  0.666  205.5
2022 12 19 -0.380 -0.460 6  0.597  185.8
2022 12 20 -0.616 -0.352 5  0.709  214.1
2022 12 21 -0.538 -0.235 5  0.587  175.7
2022 12 22 -0.424 -0.316 5  0.529  161.3
2022 12 23 -0.227 -0.333 6  0.402  126.2
2022 12 24 -0.288 -0.456 6  0.540  169.6
2022 12 25 -0.255 -0.602 6  0.654  207.8
2022 12 26 -0.233 -0.657 6  0.697  222.1
2022 12 27 -0.052 -0.407 6  0.410  131.8
2022 12 28  0.214 -0.330 7  0.393  123.4
2022 12 29  0.358 -0.374 7  0.518  160.2
