{
"type": "FeatureCollection",
"name": "gp",
"crs": { "type": "name", "properties": { "name": "urn:ogc:def:crs:OGC:1.3:CRS84" } },
"xy_coordinate_resolution": 0.0001,
"features": [
{ "type": "Feature", "properties": { "code": "215504", "name": "BANAVASI", "taluk": "Malavalli" }, "geometry": { "type": "Polygon", "coordinates": [ [ [ 77.3068, 12.3629 ], [ 77.3091, 12.3623 ], [ 77.3082, 12.3584 ], [ 77.3056, 12.3596 ], [ 77.3041, 12.3536 ], [ 77.3022, 12.3537 ], [ 77.3026, 12.3587 ], [ 77.3068, 12.3629 ] ] ] } },
{ "type": "Feature", "properties": { "code": "215524", "name": "KADAHALLI", "taluk": "Malavalli" }, "geometry": { "type": "MultiPolygon", "coordinates": [ [ [ [ 77.3056, 12.3173 ], [ 77.3012, 12.3166 ], [ 77.3025, 12.3204 ], [ 77.3056, 12.3173 ] ] ], [ [ [ 77.2884, 12.3617 ], [ 77.295, 12.3561 ], [ 77.2935, 12.3534 ], [ 77.2873, 12.3544 ], [ 77.2884, 12.3617 ] ] ], [ [ [ 77.2933, 12.371 ], [ 77.2912, 12.3695 ], [ 77.2911, 12.3716 ], [ 77.2933, 12.371 ] ] ] ] } },
{ "type": "Feature", "properties": { "code": "219204", "name": "AGHALAYA", "taluk": "Krishnarajpet" }, "geometry": { "type": "Polygon", "coordinates": [ [ [ 76.5355, 12.8443 ], [ 76.5466, 12.8402 ], [ 76.5494, 12.8421 ], [ 76.5427, 12.8206 ], [ 76.5431, 12.7951 ], [ 76.5471, 12.7888 ], [ 76.5248, 12.784 ], [ 76.5222, 12.7811 ], [ 76.5068, 12.784 ], [ 76.5012, 12.7802 ], [ 76.4944, 12.7827 ], [ 76.4903, 12.7894 ], [ 76.4944, 12.8027 ], [ 76.4939, 12.8055 ], [ 76.4902, 12.8059 ], [ 76.4931, 12.8116 ], [ 76.5029, 12.822 ], [ 76.51, 12.8222 ], [ 76.5183, 12.8263 ], [ 76.5175, 12.8338 ], [ 76.5205, 12.8414 ], [ 76.5295, 12.8411 ], [ 76.5355, 12.8443 ] ] ] } },
{ "type": "Feature", "properties": { "code": "219205", "name": "AGRAHARABACHAHALLI", "taluk": "Krishnarajpet" }, "geometry": { "type": "MultiPolygon", "coordinates": [ [ [ [ 76.5255, 12.7093 ], [ 76.5296, 12.6917 ], [ 76.5272, 12.6821 ], [ 76.5234, 12.6803 ], [ 76.5123, 12.6887 ], [ 76.5084, 12.6816 ], [ 76.5093, 12.6793 ], [ 76.5236, 12.6789 ], [ 76.5239, 12.6694 ], [ 76.53, 12.6685 ], [ 76.5301, 12.6609 ], [ 76.5185, 12.6533 ], [ 76.5135, 12.6579 ], [ 76.4951, 12.6556 ], [ 76.5023, 12.668 ], [ 76.499, 12.6713 ], [ 76.499, 12.6778 ], [ 76.4924, 12.6778 ], [ 76.4889, 12.674 ], [ 76.4867, 12.6755 ], [ 76.4831, 12.6823 ], [ 76.4824, 12.6946 ], [ 76.487, 12.6944 ], [ 76.487, 12.6985 ], [ 76.471, 12.6996 ], [ 76.4801, 12.7037 ], [ 76.4822, 12.7152 ], [ 76.4852, 12.7182 ], [ 76.4926, 12.7188 ], [ 76.4968, 12.7068 ], [ 76.5023, 12.7064 ], [ 76.5032, 12.7123 ], [ 76.5113, 12.7166 ], [ 76.5123, 12.7209 ], [ 76.5153, 12.7223 ], [ 76.5255, 12.7093 ] ] ], [ [ [ 76.5632, 12.694 ], [ 76.568, 12.6955 ], [ 76.5731, 12.6884 ], [ 76.5657, 12.6818 ], [ 76.5585, 12.682 ], [ 76.5617, 12.6903 ], [ 76.5602, 12.6955 ], [ 76.5632, 12.694 ] ] ] ] } },
{ "type": "Feature", "properties": { "code": "219206", "name": "AIKANAHALLI", "taluk": "Krishnarajpet" }, "geometry": { "type": "Polygon", "coordinates": [ [ [ 76.4205, 12.8235 ], [ 76.4253, 12.825 ], [ 76.4459, 12.8233 ], [ 76.4461, 12.8189 ], [ 76.4579, 12.8054 ], [ 76.4536, 12.8017 ], [ 76.4504, 12.7938 ], [ 76.4516, 12.7806 ], [ 76.437, 12.7796 ], [ 76.4364, 12.7837 ], [ 76.4177, 12.7928 ], [ 76.416, 12.7967 ], [ 76.4185, 12.7979 ], [ 76.4306, 12.793 ], [ 76.436, 12.7958 ], [ 76.4314, 12.8044 ], [ 76.4062, 12.8044 ], [ 76.3985, 12.8002 ], [ 76.3949, 12.8151 ], [ 76.4063, 12.8131 ], [ 76.411, 12.8101 ], [ 76.4161, 12.8188 ], [ 76.4146, 12.8263 ], [ 76.4205, 12.8235 ] ] ] } },
{ "type": "Feature", "properties": { "code": "219207", "name": "AKKIHEBBALU", "taluk": "Krishnarajpet" }, "geometry": { "type": "Polygon", "coordinates": [ [ [ 76.4013, 12.6329 ], [ 76.4157, 12.6309 ], [ 76.411, 12.6273 ], [ 76.4118, 12.6249 ], [ 76.4069, 12.6235 ], [ 76.4077, 12.6154 ], [ 76.4012, 12.6091 ], [ 76.4011, 12.5961 ], [ 76.3953, 12.5826 ], [ 76.3952, 12.5758 ], [ 76.3779, 12.5755 ], [ 76.3727, 12.5972 ], [ 76.369, 12.6034 ], [ 76.37, 12.6061 ], [ 76.3635, 12.6077 ], [ 76.3633, 12.6261 ], [ 76.3878, 12.6284 ], [ 76.3956, 12.6332 ], [ 76.3939, 12.627 ], [ 76.3953, 12.625 ], [ 76.3985, 12.6258 ], [ 76.3984, 12.6239 ], [ 76.4008, 12.6244 ], [ 76.4023, 12.6291 ], [ 76.4013, 12.6329 ] ] ] } },
{ "type": "Feature", "properties": { "code": "219208", "name": "ALAMBADI KAVAL", "taluk": "Krishnarajpet" }, "geometry": { "type": "MultiPolygon", "coordinates": [ [ [ [ 76.4239, 12.5766 ], [ 76.4237, 12.5671 ], [ 76.4184, 12.5564 ], [ 76.4115, 12.558 ], [ 76.403, 12.553 ], [ 76.3903, 12.5523 ], [ 76.3889, 12.5605 ], [ 76.3912, 12.5654 ], [ 76.3974, 12.569 ], [ 76.3962, 12.5733 ], [ 76.3871, 12.5757 ], [ 76.3952, 12.5758 ], [ 76.3953, 12.5826 ], [ 76.4011, 12.5961 ], [ 76.4175, 12.5875 ], [ 76.4208, 12.5768 ], [ 76.4239, 12.5766 ] ] ], [ [ [ 76.5731, 12.6181 ], [ 76.5748, 12.631 ], [ 76.5925, 12.6388 ], [ 76.5904, 12.6175 ], [ 76.5767, 12.6153 ], [ 76.5731, 12.6181 ] ] ], [ [ [ 76.4206, 12.7906 ], [ 76.4209, 12.7821 ], [ 76.4132, 12.7764 ], [ 76.4079, 12.7754 ], [ 76.4064, 12.7905 ], [ 76.416, 12.7967 ], [ 76.4206, 12.7906 ] ] ] ] } },
{ "type": "Feature", "properties": { "code": "219209", "name": "ANAGOLA", "taluk": "Krishnarajpet" }, "geometry": { "type": "Polygon", "coordinates": [ [ [ 76.4252, 12.8466 ], [ 76.4213, 12.8453 ], [ 76.4201, 12.8417 ], [ 76.4253, 12.825 ], [ 76.4205, 12.8235 ], [ 76.4146, 12.8263 ], [ 76.4161, 12.8188 ], [ 76.411, 12.8101 ], [ 76.4063, 12.8131 ], [ 76.389, 12.8168 ], [ 76.3707, 12.8156 ], [ 76.3671, 12.8222 ], [ 76.3694, 12.8286 ], [ 76.3748, 12.8315 ], [ 76.3774, 12.8281 ], [ 76.3829, 12.8311 ], [ 76.3877, 12.8415 ], [ 76.3862, 12.8451 ], [ 76.3905, 12.8445 ], [ 76.3969, 12.8475 ], [ 76.4085, 12.844 ], [ 76.4072, 12.865 ], [ 76.4156, 12.8633 ], [ 76.4176, 12.8582 ], [ 76.4253, 12.8579 ], [ 76.4252, 12.8466 ] ] ] } },
{ "type": "Feature", "properties": { "code": "219210", "name": "BALLEKERE", "taluk": "Krishnarajpet" }, "geometry": { "type": "MultiPolygon", "coordinates": [ [ [ [ 76.5906, 12.5761 ], [ 76.5831, 12.5749 ], [ 76.5818, 12.5845 ], [ 76.5891, 12.5867 ], [ 76.5881, 12.5886 ], [ 76.5912, 12.5898 ], [ 76.5906, 12.5761 ] ] ], [ [ [ 76.5165, 12.5953 ], [ 76.5223, 12.5973 ], [ 76.5209, 12.5868 ], [ 76.5233, 12.5842 ], [ 76.5122, 12.5842 ], [ 76.512, 12.5821 ], [ 76.5043, 12.5814 ], [ 76.5039, 12.5786 ], [ 76.4981, 12.5773 ], [ 76.4949, 12.5796 ], [ 76.4918, 12.5701 ], [ 76.4875, 12.5697 ], [ 76.484, 12.5842 ], [ 76.4873, 12.5866 ], [ 76.4872, 12.5956 ], [ 76.5049, 12.5953 ], [ 76.5093, 12.5992 ], [ 76.5122, 12.598 ], [ 76.512, 12.6007 ], [ 76.5153, 12.6002 ], [ 76.5165, 12.5953 ] ] ], [ [ [ 76.5104, 12.6238 ], [ 76.5128, 12.6211 ], [ 76.5115, 12.6041 ], [ 76.5078, 12.6033 ], [ 76.5064, 12.6055 ], [ 76.5012, 12.6033 ], [ 76.4978, 12.6087 ], [ 76.4897, 12.6095 ], [ 76.4899, 12.6121 ], [ 76.4822, 12.6154 ], [ 76.4861, 12.6222 ], [ 76.4914, 12.6248 ], [ 76.495, 12.6209 ], [ 76.5024, 12.6241 ], [ 76.5023, 12.6262 ], [ 76.5088, 12.6216 ], [ 76.5104, 12.6238 ] ] ], [ [ [ 76.4351, 12.7312 ], [ 76.4387, 12.7305 ], [ 76.4448, 12.7216 ], [ 76.4324, 12.7217 ], [ 76.4301, 12.7187 ], [ 76.4221, 12.7194 ], [ 76.4254, 12.7395 ], [ 76.4356, 12.7343 ], [ 76.4351, 12.7312 ] ] ] ] } },
{ "type": "Feature", "properties": { "code": "219211", "name": "BALLENAHALLI", "taluk": "Krishnarajpet" }, "geometry": { "type": "MultiPolygon", "coordinates": [ [ [ [ 76.5172, 12.5038 ], [ 76.5157, 12.4934 ], [ 76.5196, 12.4927 ], [ 76.5194, 12.4875 ], [ 76.5153, 12.4846 ], [ 76.5146, 12.4791 ], [ 76.5136, 12.4805 ], [ 76.5149, 12.4692 ], [ 76.513, 12.4524 ], [ 76.5083, 12.4537 ], [ 76.5019, 12.4515 ], [ 76.4969, 12.4593 ], [ 76.4974, 12.5072 ], [ 76.499, 12.5086 ], [ 76.5134, 12.5059 ], [ 76.5129, 12.5088 ], [ 76.5146, 12.509 ], [ 76.5147, 12.5071 ], [ 76.5175, 12.507 ], [ 76.5155, 12.5052 ], [ 76.5172, 12.5038 ] ] ], [ [ [ 76.5017, 12.5455 ], [ 76.5268, 12.5442 ], [ 76.5286, 12.5259 ], [ 76.5244, 12.5175 ], [ 76.5039, 12.5241 ], [ 76.4976, 12.5336 ], [ 76.4896, 12.5367 ], [ 76.499, 12.5417 ], [ 76.5017, 12.5455 ] ] ], [ [ [ 76.5237, 12.6396 ], [ 76.5305, 12.6412 ], [ 76.5316, 12.6387 ], [ 76.5324, 12.6344 ], [ 76.5286, 12.6266 ], [ 76.525, 12.6217 ], [ 76.5113, 12.6211 ], [ 76.5064, 12.6398 ], [ 76.5092, 12.6423 ], [ 76.5145, 12.6412 ], [ 76.5191, 12.6462 ], [ 76.5237, 12.6396 ] ] ], [ [ [ 76.3959, 12.6854 ], [ 76.3974, 12.6755 ], [ 76.3837, 12.6777 ], [ 76.3876, 12.6849 ], [ 76.3959, 12.6854 ] ] ] ] } },
{ "type": "Feature", "properties": { "code": "219212", "name": "BANDIHOLE", "taluk": "Krishnarajpet" }, "geometry": { "type": "MultiPolygon", "coordinates": [ [ [ [ 76.4313, 12.6647 ], [ 76.4443, 12.6665 ], [ 76.456, 12.6628 ], [ 76.4561, 12.6467 ], [ 76.452, 12.6479 ], [ 76.4472, 12.64 ], [ 76.4647, 12.612 ], [ 76.4462, 12.6071 ], [ 76.4452, 12.6041 ], [ 76.4364, 12.6056 ], [ 76.4349, 12.6144 ], [ 76.4455, 12.6116 ], [ 76.4489, 12.6204 ], [ 76.4402, 12.6305 ], [ 76.4348, 12.6442 ], [ 76.4245, 12.6444 ], [ 76.4171, 12.6412 ], [ 76.418, 12.6294 ], [ 76.4097, 12.6338 ], [ 76.4013, 12.6329 ], [ 76.3964, 12.64 ], [ 76.3999, 12.6505 ], [ 76.3988, 12.656 ], [ 76.4071, 12.6586 ], [ 76.4098, 12.6649 ], [ 76.4138, 12.6672 ], [ 76.4156, 12.6727 ], [ 76.4128, 12.6754 ], [ 76.4194, 12.6841 ], [ 76.4261, 12.6872 ], [ 76.4295, 12.6783 ], [ 76.4267, 12.6733 ], [ 76.4278, 12.6706 ], [ 76.4313, 12.6647 ] ] ], [ [ [ 76.4245, 12.7781 ], [ 76.4252, 12.7717 ], [ 76.4076, 12.7697 ], [ 76.4079, 12.7754 ], [ 76.4132, 12.7764 ], [ 76.4199, 12.7821 ], [ 76.4223, 12.7777 ], [ 76.4245, 12.7781 ] ] ] ] } },
{ "type": "Feature", "properties": { "code": "219213", "name": "BEERUVALLI", "taluk": "Krishnarajpet" }, "geometry": { "type": "MultiPolygon", "coordinates": [ [ [ [ 76.5035, 12.5245 ], [ 76.5244, 12.5175 ], [ 76.5252, 12.5089 ], [ 76.5147, 12.5071 ], [ 76.5103, 12.5173 ], [ 76.5025, 12.5212 ], [ 76.4971, 12.5206 ], [ 76.5035, 12.5245 ] ] ], [ [ [ 76.4156, 12.6727 ], [ 76.4078, 12.6592 ], [ 76.3986, 12.6554 ], [ 76.3999, 12.6505 ], [ 76.3964, 12.64 ], [ 76.4013, 12.6342 ], [ 76.4008, 12.6244 ], [ 76.3946, 12.626 ], [ 76.3956, 12.6332 ], [ 76.3878, 12.6284 ], [ 76.3633, 12.6261 ], [ 76.3522, 12.6397 ], [ 76.3516, 12.6507 ], [ 76.342, 12.6557 ], [ 76.3419, 12.6593 ], [ 76.3479, 12.6684 ], [ 76.3529, 12.668 ], [ 76.3522, 12.6725 ], [ 76.3621, 12.6718 ], [ 76.3668, 12.6797 ], [ 76.3715, 12.6782 ], [ 76.379, 12.6801 ], [ 76.3788, 12.6776 ], [ 76.3914, 12.6779 ], [ 76.3928, 12.6756 ], [ 76.3974, 12.6755 ], [ 76.3958, 12.6866 ], [ 76.4097, 12.687 ], [ 76.4077, 12.6807 ], [ 76.4156, 12.6727 ] ] ], [ [ [ 76.4313, 12.6647 ], [ 76.4267, 12.6733 ], [ 76.4295, 12.6783 ], [ 76.4389, 12.6783 ], [ 76.4418, 12.676 ], [ 76.4443, 12.6665 ], [ 76.4313, 12.6647 ] ] ] ] } },
{ "type": "Feature", "properties": { "code": "219214", "name": "BHARATHIPURACROSS", "taluk": "Krishnarajpet" }, "geometry": { "type": "MultiPolygon", "coordinates": [ [ [ [ 76.5427, 12.6024 ], [ 76.5517, 12.6009 ], [ 76.5555, 12.5925 ], [ 76.5409, 12.5924 ], [ 76.5427, 12.6024 ] ] ], [ [ [ 76.4678, 12.7169 ], [ 76.4629, 12.722 ], [ 76.4626, 12.7269 ], [ 76.4748, 12.7293 ], [ 76.4758, 12.7186 ], [ 76.4678, 12.7169 ] ] ], [ [ [ 76.4896, 12.7858 ], [ 76.4929, 12.7672 ], [ 76.4872, 12.7677 ], [ 76.488, 12.7592 ], [ 76.5004, 12.7628 ], [ 76.4998, 12.7803 ], [ 76.5068, 12.784 ], [ 76.5222, 12.7811 ], [ 76.5204, 12.7769 ], [ 76.5268, 12.7714 ], [ 76.5245, 12.7636 ], [ 76.5132, 12.7649 ], [ 76.5081, 12.755 ], [ 76.5108, 12.7479 ], [ 76.5158, 12.7466 ], [ 76.5169, 12.741 ], [ 76.5137, 12.7363 ], [ 76.5153, 12.7223 ], [ 76.5038, 12.7198 ], [ 76.4906, 12.7205 ], [ 76.4871, 12.7247 ], [ 76.4905, 12.7331 ], [ 76.4708, 12.7435 ], [ 76.4687, 12.7461 ], [ 76.4741, 12.7512 ], [ 76.4676, 12.7587 ], [ 76.4606, 12.7587 ], [ 76.4607, 12.7664 ], [ 76.4656, 12.7721 ], [ 76.4655, 12.7766 ], [ 76.4722, 12.7718 ], [ 76.4781, 12.7728 ], [ 76.4782, 12.7806 ], [ 76.4896, 12.7858 ] ] ] ] } },
{ "type": "Feature", "properties": { "code": "219215", "name": "BOOKANAKERE", "taluk": "Krishnarajpet" }, "geometry": { "type": "MultiPolygon", "coordinates": [ [ [ [ 76.5282, 12.5839 ], [ 76.5297, 12.5719 ], [ 76.5404, 12.5719 ], [ 76.5392, 12.5689 ], [ 76.5446, 12.5683 ], [ 76.539, 12.5645 ], [ 76.5406, 12.5526 ], [ 76.5268, 12.5442 ], [ 76.505, 12.5443 ], [ 76.5058, 12.5638 ], [ 76.5025, 12.563 ], [ 76.499, 12.5672 ], [ 76.4918, 12.5701 ], [ 76.4949, 12.5796 ], [ 76.4981, 12.5773 ], [ 76.5039, 12.5786 ], [ 76.5043, 12.5814 ], [ 76.512, 12.5821 ], [ 76.5122, 12.5842 ], [ 76.5246, 12.5852 ], [ 76.5282, 12.5839 ] ], [ [ 76.511, 12.5635 ], [ 76.5148, 12.5648 ], [ 76.5154, 12.5705 ], [ 76.5033, 12.5739 ], [ 76.5022, 12.5682 ], [ 76.511, 12.5635 ] ] ], [ [ [ 76.5167, 12.614 ], [ 76.5237, 12.613 ], [ 76.5258, 12.6075 ], [ 76.528, 12.6071 ], [ 76.5308, 12.6131 ], [ 76.5372, 12.6139 ], [ 76.5381, 12.6045 ], [ 76.5338, 12.6094 ], [ 76.5319, 12.5987 ], [ 76.5246, 12.5996 ], [ 76.5165, 12.5953 ], [ 76.5153, 12.6002 ], [ 76.5116, 12.6023 ], [ 76.5128, 12.6211 ], [ 76.5171, 12.6213 ], [ 76.5167, 12.614 ] ] ], [ [ [ 76.5442, 12.8144 ], [ 76.5546, 12.812 ], [ 76.5527, 12.8059 ], [ 76.5425, 12.807 ], [ 76.5442, 12.8144 ] ] ] ] } },
{ "type": "Feature", "properties": { "code": "219216", "name": "CHOWDENAHALLI", "taluk": "Krishnarajpet" }, "geometry": { "type": "MultiPolygon", "coordinates": [ [ [ [ 76.553, 12.6115 ], [ 76.5533, 12.6227 ], [ 76.5642, 12.617 ], [ 76.5576, 12.6093 ], [ 76.553, 12.6115 ] ] ], [ [ [ 76.5015, 12.6313 ], [ 76.5024, 12.6241 ], [ 76.499, 12.6224 ], [ 76.495, 12.6209 ], [ 76.4914, 12.6248 ], [ 76.4868, 12.6228 ], [ 76.4898, 12.6296 ], [ 76.4956, 12.6321 ], [ 76.499, 12.629 ], [ 76.5015, 12.6313 ] ] ], [ [ [ 76.5334, 12.6366 ], [ 76.5432, 12.6383 ], [ 76.546, 12.6285 ], [ 76.5369, 12.6231 ], [ 76.525, 12.6217 ], [ 76.5324, 12.6344 ], [ 76.5316, 12.6387 ], [ 76.5334, 12.6366 ] ] ], [ [ [ 76.4125, 12.7208 ], [ 76.4208, 12.7232 ], [ 76.4234, 12.719 ], [ 76.4301, 12.7187 ], [ 76.432, 12.7105 ], [ 76.417, 12.7043 ], [ 76.4183, 12.6959 ], [ 76.4087, 12.6902 ], [ 76.4032, 12.7019 ], [ 76.3993, 12.7044 ], [ 76.3984, 12.719 ], [ 76.41, 12.7252 ], [ 76.4125, 12.7208 ] ] ], [ [ [ 76.4518, 12.7598 ], [ 76.4676, 12.7587 ], [ 76.4642, 12.7512 ], [ 76.4571, 12.7469 ], [ 76.4626, 12.7269 ], [ 76.4486, 12.7259 ], [ 76.4448, 12.7216 ], [ 76.4387, 12.7305 ], [ 76.4353, 12.7299 ], [ 76.4356, 12.7343 ], [ 76.4282, 12.7393 ], [ 76.4279, 12.7459 ], [ 76.4316, 12.7483 ], [ 76.4337, 12.7563 ], [ 76.4477, 12.7564 ], [ 76.4518, 12.7598 ] ] ], [ [ [ 76.4254, 12.7395 ], [ 76.4112, 12.7381 ], [ 76.4111, 12.7551 ], [ 76.4227, 12.7573 ], [ 76.4254, 12.7395 ] ] ] ] } },
{ "type": "Feature", "properties": { "code": "219217", "name": "DABBEGATTA", "taluk": "Krishnarajpet" }, "geometry": { "type": "Polygon", "coordinates": [ [ [ 76.3943, 12.7928 ], [ 76.3979, 12.7863 ], [ 76.4058, 12.7854 ], [ 76.4081, 12.7676 ], [ 76.401, 12.7616 ], [ 76.4059, 12.7529 ], [ 76.4111, 12.7551 ], [ 76.4113, 12.7531 ], [ 76.4115, 12.7263 ], [ 76.3984, 12.719 ], [ 76.3915, 12.7254 ], [ 76.3897, 12.7335 ], [ 76.382, 12.735 ], [ 76.3713, 12.7298 ], [ 76.368, 12.7337 ], [ 76.3693, 12.7408 ], [ 76.376, 12.746 ], [ 76.3725, 12.7526 ], [ 76.3713, 12.7499 ], [ 76.3534, 12.751 ], [ 76.3423, 12.7628 ], [ 76.3424, 12.7645 ], [ 76.3528, 12.7642 ], [ 76.3522, 12.7682 ], [ 76.3576, 12.7705 ], [ 76.3526, 12.7753 ], [ 76.358, 12.7783 ], [ 76.3579, 12.7805 ], [ 76.3671, 12.7797 ], [ 76.3671, 12.7745 ], [ 76.378, 12.7712 ], [ 76.3814, 12.7804 ], [ 76.3813, 12.7916 ], [ 76.3943, 12.7928 ] ] ] } },
{ "type": "Feature", "properties": { "code": "219218", "name": "GANJIGERE", "taluk": "Krishnarajpet" }, "geometry": { "type": "MultiPolygon", "coordinates": [ [ [ [ 76.4973, 12.4615 ], [ 76.4941, 12.465 ], [ 76.4936, 12.4769 ], [ 76.4979, 12.4745 ], [ 76.4973, 12.4615 ] ] ], [ [ [ 76.4669, 12.5524 ], [ 76.4647, 12.5494 ], [ 76.4663, 12.5482 ], [ 76.4623, 12.5464 ], [ 76.4647, 12.5419 ], [ 76.4749, 12.5474 ], [ 76.4827, 12.5458 ], [ 76.4829, 12.534 ], [ 76.4873, 12.5371 ], [ 76.4956, 12.5347 ], [ 76.5035, 12.5245 ], [ 76.4934, 12.5182 ], [ 76.4943, 12.5122 ], [ 76.4979, 12.5085 ], [ 76.4963, 12.4867 ], [ 76.4862, 12.4861 ], [ 76.4865, 12.4926 ], [ 76.4754, 12.4934 ], [ 76.4705, 12.4847 ], [ 76.4703, 12.4768 ], [ 76.4609, 12.484 ], [ 76.4572, 12.4841 ], [ 76.4568, 12.4799 ], [ 76.4502, 12.4854 ], [ 76.4488, 12.4973 ], [ 76.4515, 12.5062 ], [ 76.4549, 12.5091 ], [ 76.4515, 12.5116 ], [ 76.4542, 12.5145 ], [ 76.4468, 12.5215 ], [ 76.4467, 12.5264 ], [ 76.4412, 12.5362 ], [ 76.4439, 12.5394 ], [ 76.4577, 12.5404 ], [ 76.458, 12.5433 ], [ 76.4524, 12.5455 ], [ 76.4519, 12.5491 ], [ 76.4566, 12.5512 ], [ 76.4587, 12.5559 ], [ 76.4642, 12.5584 ], [ 76.4641, 12.5524 ], [ 76.4669, 12.5524 ] ] ] ] } },
{ "type": "Feature", "properties": { "code": "219219", "name": "HARALAHALLI", "taluk": "Krishnarajpet" }, "geometry": { "type": "MultiPolygon", "coordinates": [ [ [ [ 76.5956, 12.7241 ], [ 76.6044, 12.7228 ], [ 76.6149, 12.6951 ], [ 76.6158, 12.678 ], [ 76.6116, 12.678 ], [ 76.6097, 12.6748 ], [ 76.6129, 12.6654 ], [ 76.6135, 12.6459 ], [ 76.6001, 12.6518 ], [ 76.6042, 12.6423 ], [ 76.5901, 12.6381 ], [ 76.5903, 12.6531 ], [ 76.588, 12.6544 ], [ 76.5859, 12.6636 ], [ 76.5848, 12.6616 ], [ 76.5788, 12.6633 ], [ 76.5745, 12.6608 ], [ 76.5773, 12.6516 ], [ 76.5771, 12.6409 ], [ 76.5664, 12.6419 ], [ 76.5668, 12.6465 ], [ 76.5621, 12.6587 ], [ 76.5537, 12.6559 ], [ 76.5487, 12.6582 ], [ 76.5396, 12.6541 ], [ 76.5274, 12.6576 ], [ 76.5309, 12.6631 ], [ 76.5356, 12.6647 ], [ 76.5361, 12.672 ], [ 76.5504, 12.6751 ], [ 76.5589, 12.6824 ], [ 76.5649, 12.6815 ], [ 76.5702, 12.684 ], [ 76.5731, 12.6884 ], [ 76.568, 12.6955 ], [ 76.5732, 12.6995 ], [ 76.5708, 12.705 ], [ 76.5752, 12.711 ], [ 76.5745, 12.722 ], [ 76.5884, 12.728 ], [ 76.5956, 12.7241 ] ] ], [ [ [ 76.5123, 12.6887 ], [ 76.5236, 12.6789 ], [ 76.5093, 12.6793 ], [ 76.5084, 12.6816 ], [ 76.5123, 12.6887 ] ] ], [ [ [ 76.5245, 12.7636 ], [ 76.5158, 12.7466 ], [ 76.5093, 12.7497 ], [ 76.5081, 12.755 ], [ 76.5132, 12.7649 ], [ 76.5245, 12.7636 ] ] ] ] } },
{ "type": "Feature", "properties": { "code": "219220", "name": "HARIHARAPURA", "taluk": "Krishnarajpet" }, "geometry": { "type": "MultiPolygon", "coordinates": [ [ [ [ 76.4402, 12.6305 ], [ 76.4488, 12.6216 ], [ 76.4457, 12.6118 ], [ 76.4349, 12.6144 ], [ 76.4356, 12.6096 ], [ 76.4326, 12.6103 ], [ 76.4164, 12.6033 ], [ 76.4098, 12.6026 ], [ 76.4069, 12.6047 ], [ 76.4011, 12.5961 ], [ 76.4011, 12.6083 ], [ 76.4077, 12.6154 ], [ 76.4071, 12.6242 ], [ 76.411, 12.6241 ], [ 76.411, 12.6273 ], [ 76.4158, 12.6311 ], [ 76.418, 12.6294 ], [ 76.4236, 12.6322 ], [ 76.4351, 12.6327 ], [ 76.4383, 12.6376 ], [ 76.4402, 12.6305 ] ] ], [ [ [ 76.4754, 12.6597 ], [ 76.4759, 12.6535 ], [ 76.4818, 12.6528 ], [ 76.4823, 12.6504 ], [ 76.4804, 12.6443 ], [ 76.4755, 12.6468 ], [ 76.4743, 12.6398 ], [ 76.4832, 12.6376 ], [ 76.4889, 12.6525 ], [ 76.4954, 12.6519 ], [ 76.4968, 12.642 ], [ 76.4933, 12.6372 ], [ 76.4956, 12.6321 ], [ 76.4898, 12.6296 ], [ 76.487, 12.6336 ], [ 76.4825, 12.6323 ], [ 76.4797, 12.6339 ], [ 76.4777, 12.6276 ], [ 76.4806, 12.6237 ], [ 76.4682, 12.6277 ], [ 76.471, 12.6224 ], [ 76.4707, 12.6142 ], [ 76.4647, 12.612 ], [ 76.4472, 12.64 ], [ 76.452, 12.6479 ], [ 76.4558, 12.6462 ], [ 76.4563, 12.6565 ], [ 76.466, 12.6601 ], [ 76.4754, 12.6597 ] ] ] ] } },
{ "type": "Feature", "properties": { "code": "219221", "name": "HIRIKALALE", "taluk": "Krishnarajpet" }, "geometry": { "type": "MultiPolygon", "coordinates": [ [ [ [ 76.4113, 12.5579 ], [ 76.4365, 12.5519 ], [ 76.433, 12.5415 ], [ 76.4276, 12.5418 ], [ 76.4148, 12.5486 ], [ 76.4113, 12.5579 ] ] ], [ [ [ 76.4593, 12.7347 ], [ 76.4681, 12.7461 ], [ 76.4905, 12.7331 ], [ 76.4871, 12.7247 ], [ 76.4906, 12.7205 ], [ 76.5123, 12.7209 ], [ 76.5113, 12.7166 ], [ 76.5032, 12.7123 ], [ 76.5023, 12.7064 ], [ 76.4968, 12.7068 ], [ 76.4926, 12.7188 ], [ 76.4852, 12.7182 ], [ 76.4828, 12.7159 ], [ 76.4801, 12.7037 ], [ 76.471, 12.6996 ], [ 76.487, 12.6985 ], [ 76.487, 12.6944 ], [ 76.4824, 12.6946 ], [ 76.4849, 12.6772 ], [ 76.4636, 12.6711 ], [ 76.4638, 12.6815 ], [ 76.4792, 12.6868 ], [ 76.4701, 12.6957 ], [ 76.4603, 12.6903 ], [ 76.4601, 12.6948 ], [ 76.453, 12.6981 ], [ 76.4478, 12.7075 ], [ 76.4448, 12.7216 ], [ 76.4486, 12.7259 ], [ 76.4626, 12.7269 ], [ 76.4617, 12.7331 ], [ 76.4593, 12.7347 ] ], [ [ 76.4626, 12.7269 ], [ 76.4669, 12.7172 ], [ 76.4696, 12.7161 ], [ 76.4758, 12.7186 ], [ 76.4748, 12.7293 ], [ 76.4626, 12.7269 ] ] ], [ [ [ 76.4187, 12.7628 ], [ 76.4103, 12.7609 ], [ 76.4076, 12.7697 ], [ 76.4162, 12.7703 ], [ 76.4187, 12.7628 ] ] ] ] } },
{ "type": "Feature", "properties": { "code": "219222", "name": "ICHANAHALLI", "taluk": "Krishnarajpet" }, "geometry": { "type": "MultiPolygon", "coordinates": [ [ [ [ 76.5398, 12.591 ], [ 76.5555, 12.5925 ], [ 76.5554, 12.5813 ], [ 76.5655, 12.5771 ], [ 76.5661, 12.5715 ], [ 76.5823, 12.5691 ], [ 76.5861, 12.5561 ], [ 76.5856, 12.5538 ], [ 76.5813, 12.5545 ], [ 76.5643, 12.5678 ], [ 76.5581, 12.5591 ], [ 76.5552, 12.5493 ], [ 76.5462, 12.5496 ], [ 76.5414, 12.5338 ], [ 76.5441, 12.5336 ], [ 76.5459, 12.5274 ], [ 76.5485, 12.527 ], [ 76.5478, 12.5237 ], [ 76.5449, 12.5233 ], [ 76.5286, 12.5259 ], [ 76.5268, 12.5442 ], [ 76.5406, 12.5526 ], [ 76.539, 12.5645 ], [ 76.5446, 12.5683 ], [ 76.5392, 12.5689 ], [ 76.5404, 12.5719 ], [ 76.5297, 12.5719 ], [ 76.5282, 12.5839 ], [ 76.5233, 12.5842 ], [ 76.5209, 12.5868 ], [ 76.5224, 12.5985 ], [ 76.5246, 12.5996 ], [ 76.5319, 12.5987 ], [ 76.5398, 12.591 ] ] ], [ [ [ 76.4695, 12.8024 ], [ 76.4717, 12.798 ], [ 76.4683, 12.7935 ], [ 76.4576, 12.7888 ], [ 76.455, 12.781 ], [ 76.4516, 12.7806 ], [ 76.4498, 12.7909 ], [ 76.4536, 12.8017 ], [ 76.458, 12.8045 ], [ 76.4625, 12.803 ], [ 76.4643, 12.806 ], [ 76.4695, 12.8024 ] ] ] ] } },
{ "type": "Feature", "properties": { "code": "219223", "name": "KIKKERI", "taluk": "Krishnarajpet" }, "geometry": { "type": "Polygon", "coordinates": [ [ [ 76.455, 12.781 ], [ 76.4585, 12.7774 ], [ 76.4655, 12.7766 ], [ 76.4656, 12.7721 ], [ 76.4607, 12.7664 ], [ 76.4606, 12.7587 ], [ 76.4518, 12.7598 ], [ 76.4477, 12.7564 ], [ 76.4337, 12.7563 ], [ 76.4316, 12.7483 ], [ 76.4279, 12.7459 ], [ 76.4282, 12.7393 ], [ 76.4254, 12.7395 ], [ 76.4227, 12.7573 ], [ 76.4111, 12.7551 ], [ 76.4103, 12.7609 ], [ 76.4186, 12.762 ], [ 76.4162, 12.7703 ], [ 76.4252, 12.7717 ], [ 76.432, 12.7685 ], [ 76.4457, 12.771 ], [ 76.4492, 12.7806 ], [ 76.455, 12.781 ] ] ] } },
{ "type": "Feature", "properties": { "code": "219224", "name": "LAKSHMI PURA", "taluk": "Krishnarajpet" }, "geometry": { "type": "MultiPolygon", "coordinates": [ [ [ [ 76.4202, 12.5782 ], [ 76.4175, 12.5875 ], [ 76.4191, 12.5891 ], [ 76.4242, 12.5906 ], [ 76.433, 12.5865 ], [ 76.4339, 12.5822 ], [ 76.4267, 12.5799 ], [ 76.4239, 12.5766 ], [ 76.4202, 12.5782 ] ] ], [ [ [ 76.4353, 12.6336 ], [ 76.418, 12.6294 ], [ 76.4166, 12.6405 ], [ 76.4245, 12.6444 ], [ 76.4348, 12.6442 ], [ 76.4383, 12.6376 ], [ 76.4353, 12.6336 ] ] ], [ [ [ 76.4059, 12.7529 ], [ 76.401, 12.7616 ], [ 76.4081, 12.7676 ], [ 76.4111, 12.7551 ], [ 76.4059, 12.7529 ] ] ], [ [ [ 76.5009, 12.7646 ], [ 76.4983, 12.7608 ], [ 76.488, 12.7592 ], [ 76.4872, 12.7677 ], [ 76.4929, 12.7672 ], [ 76.4994, 12.7723 ], [ 76.4997, 12.7758 ], [ 76.5009, 12.7646 ] ] ], [ [ [ 76.4364, 12.7837 ], [ 76.437, 12.7796 ], [ 76.4492, 12.7806 ], [ 76.4465, 12.7718 ], [ 76.432, 12.7685 ], [ 76.4268, 12.7696 ], [ 76.4245, 12.7781 ], [ 76.4206, 12.7803 ], [ 76.4221, 12.7872 ], [ 76.4195, 12.7933 ], [ 76.4364, 12.7837 ] ] ], [ [ [ 76.4054, 12.8041 ], [ 76.4207, 12.8059 ], [ 76.4314, 12.8044 ], [ 76.436, 12.7958 ], [ 76.4306, 12.793 ], [ 76.4185, 12.7979 ], [ 76.4084, 12.7924 ], [ 76.4058, 12.7854 ], [ 76.3979, 12.7863 ], [ 76.3943, 12.7928 ], [ 76.3834, 12.791 ], [ 76.3767, 12.795 ], [ 76.3773, 12.8027 ], [ 76.39, 12.8165 ], [ 76.3947, 12.8146 ], [ 76.3985, 12.8002 ], [ 76.4054, 12.8041 ] ] ] ] } },
{ "type": "Feature", "properties": { "code": "219225", "name": "MADAPURA", "taluk": "Krishnarajpet" }, "geometry": { "type": "MultiPolygon", "coordinates": [ [ [ [ 76.5675, 12.7439 ], [ 76.5798, 12.7416 ], [ 76.5774, 12.7332 ], [ 76.5585, 12.7312 ], [ 76.5572, 12.7291 ], [ 76.5533, 12.7297 ], [ 76.5528, 12.7275 ], [ 76.5462, 12.7306 ], [ 76.5472, 12.7408 ], [ 76.5557, 12.7458 ], [ 76.5606, 12.7431 ], [ 76.5635, 12.7435 ], [ 76.5647, 12.7464 ], [ 76.568, 12.7461 ], [ 76.5675, 12.7439 ] ] ], [ [ [ 76.39, 12.8165 ], [ 76.3773, 12.8027 ], [ 76.3767, 12.795 ], [ 76.3813, 12.7916 ], [ 76.3814, 12.7804 ], [ 76.378, 12.7712 ], [ 76.3671, 12.7745 ], [ 76.3671, 12.7797 ], [ 76.3579, 12.7805 ], [ 76.358, 12.7783 ], [ 76.3526, 12.7753 ], [ 76.3576, 12.7705 ], [ 76.3522, 12.7682 ], [ 76.3528, 12.7642 ], [ 76.3424, 12.7645 ], [ 76.3496, 12.7709 ], [ 76.3476, 12.7803 ], [ 76.3496, 12.7856 ], [ 76.3344, 12.7877 ], [ 76.3296, 12.8028 ], [ 76.3318, 12.812 ], [ 76.366, 12.8086 ], [ 76.3693, 12.8097 ], [ 76.3707, 12.8156 ], [ 76.39, 12.8165 ] ] ] ] } },
{ "type": "Feature", "properties": { "code": "219226", "name": "MADUVINA KODI", "taluk": "Krishnarajpet" }, "geometry": { "type": "MultiPolygon", "coordinates": [ [ [ [ 76.4782, 12.493 ], [ 76.4865, 12.4926 ], [ 76.4862, 12.4861 ], [ 76.4963, 12.4867 ], [ 76.4979, 12.4745 ], [ 76.4875, 12.479 ], [ 76.4877, 12.4827 ], [ 76.4772, 12.4807 ], [ 76.4808, 12.4874 ], [ 76.4776, 12.4886 ], [ 76.4782, 12.493 ] ] ], [ [ [ 76.4647, 12.612 ], [ 76.473, 12.5852 ], [ 76.469, 12.5791 ], [ 76.4697, 12.5766 ], [ 76.4664, 12.5747 ], [ 76.4648, 12.5766 ], [ 76.4588, 12.5765 ], [ 76.4592, 12.5815 ], [ 76.4524, 12.5812 ], [ 76.4511, 12.5846 ], [ 76.4461, 12.5804 ], [ 76.4402, 12.5822 ], [ 76.4361, 12.5805 ], [ 76.4307, 12.5884 ], [ 76.4242, 12.5906 ], [ 76.4144, 12.5877 ], [ 76.4011, 12.5961 ], [ 76.4069, 12.6047 ], [ 76.4098, 12.6026 ], [ 76.4164, 12.6033 ], [ 76.4326, 12.6103 ], [ 76.4356, 12.6096 ], [ 76.4369, 12.6046 ], [ 76.4452, 12.6041 ], [ 76.4462, 12.6071 ], [ 76.4647, 12.612 ] ] ] ] } },
{ "type": "Feature", "properties": { "code": "219227", "name": "MAKAVALLI", "taluk": "Krishnarajpet" }, "geometry": { "type": "MultiPolygon", "coordinates": [ [ [ [ 76.4448, 12.7216 ], [ 76.4509, 12.7013 ], [ 76.4601, 12.6948 ], [ 76.4638, 12.6815 ], [ 76.4636, 12.6711 ], [ 76.4752, 12.6664 ], [ 76.4754, 12.6597 ], [ 76.466, 12.6601 ], [ 76.4563, 12.6565 ], [ 76.456, 12.6628 ], [ 76.4443, 12.6665 ], [ 76.4393, 12.6781 ], [ 76.4295, 12.6783 ], [ 76.4261, 12.6872 ], [ 76.4182, 12.6833 ], [ 76.4128, 12.6754 ], [ 76.4077, 12.6807 ], [ 76.4087, 12.6902 ], [ 76.4183, 12.6959 ], [ 76.417, 12.7043 ], [ 76.432, 12.7105 ], [ 76.4302, 12.7203 ], [ 76.4448, 12.7216 ] ] ], [ [ [ 76.4062, 12.6953 ], [ 76.4031, 12.6942 ], [ 76.4018, 12.6968 ], [ 76.3962, 12.6934 ], [ 76.3874, 12.695 ], [ 76.3931, 12.7057 ], [ 76.3986, 12.7074 ], [ 76.4062, 12.6953 ] ] ] ] } },
{ "type": "Feature", "properties": { "code": "219228", "name": "MANDAGERE", "taluk": "Krishnarajpet" }, "geometry": { "type": "MultiPolygon", "coordinates": [ [ [ [ 76.5092, 12.6574 ], [ 76.5086, 12.648 ], [ 76.4969, 12.6484 ], [ 76.4951, 12.6556 ], [ 76.5092, 12.6574 ] ] ], [ [ [ 76.4062, 12.6953 ], [ 76.4097, 12.687 ], [ 76.3911, 12.6866 ], [ 76.3849, 12.6826 ], [ 76.3837, 12.6777 ], [ 76.3788, 12.6776 ], [ 76.379, 12.6801 ], [ 76.3715, 12.6782 ], [ 76.3668, 12.6797 ], [ 76.3621, 12.6718 ], [ 76.3534, 12.6726 ], [ 76.3537, 12.6852 ], [ 76.36, 12.6869 ], [ 76.3592, 12.6922 ], [ 76.3724, 12.6931 ], [ 76.374, 12.6896 ], [ 76.3783, 12.6907 ], [ 76.3813, 12.6954 ], [ 76.3962, 12.6934 ], [ 76.4018, 12.6968 ], [ 76.4031, 12.6942 ], [ 76.4062, 12.6953 ] ] ], [ [ [ 76.3754, 12.7484 ], [ 76.3739, 12.7425 ], [ 76.3675, 12.7376 ], [ 76.368, 12.7337 ], [ 76.3713, 12.7298 ], [ 76.382, 12.735 ], [ 76.3897, 12.7335 ], [ 76.3915, 12.7254 ], [ 76.3984, 12.719 ], [ 76.3986, 12.7074 ], [ 76.3931, 12.7057 ], [ 76.3856, 12.7088 ], [ 76.3761, 12.7069 ], [ 76.3737, 12.7143 ], [ 76.3549, 12.7109 ], [ 76.346, 12.7193 ], [ 76.3413, 12.732 ], [ 76.3457, 12.7375 ], [ 76.3441, 12.7423 ], [ 76.3481, 12.7444 ], [ 76.3512, 12.7425 ], [ 76.3553, 12.7438 ], [ 76.3569, 12.7504 ], [ 76.3713, 12.7499 ], [ 76.3725, 12.7526 ], [ 76.3754, 12.7484 ] ] ] ] } },
{ "type": "Feature", "properties": { "code": "219229", "name": "MURUKANAHALLI", "taluk": "Krishnarajpet" }, "geometry": { "type": "MultiPolygon", "coordinates": [ [ [ [ 76.5025, 12.5212 ], [ 76.5103, 12.5173 ], [ 76.5134, 12.5059 ], [ 76.4979, 12.5085 ], [ 76.4943, 12.5122 ], [ 76.4934, 12.5182 ], [ 76.4971, 12.5206 ], [ 76.5025, 12.5212 ] ] ], [ [ [ 76.5372, 12.6139 ], [ 76.5308, 12.6131 ], [ 76.528, 12.6071 ], [ 76.5258, 12.6075 ], [ 76.5237, 12.613 ], [ 76.5167, 12.614 ], [ 76.5171, 12.6213 ], [ 76.5363, 12.623 ], [ 76.5372, 12.6139 ] ] ], [ [ [ 76.5161, 12.6549 ], [ 76.5213, 12.6538 ], [ 76.5274, 12.6576 ], [ 76.5396, 12.6541 ], [ 76.5432, 12.6383 ], [ 76.5334, 12.6366 ], [ 76.5305, 12.6412 ], [ 76.5232, 12.6395 ], [ 76.5191, 12.6462 ], [ 76.5145, 12.6412 ], [ 76.5086, 12.6421 ], [ 76.5064, 12.6398 ], [ 76.5104, 12.6238 ], [ 76.5088, 12.6216 ], [ 76.5023, 12.6262 ], [ 76.5015, 12.6313 ], [ 76.499, 12.629 ], [ 76.4956, 12.6321 ], [ 76.4933, 12.6372 ], [ 76.4965, 12.6406 ], [ 76.497, 12.6484 ], [ 76.5086, 12.648 ], [ 76.5092, 12.6574 ], [ 76.5154, 12.6575 ], [ 76.5161, 12.6549 ] ] ], [ [ [ 76.3844, 12.7085 ], [ 76.3931, 12.7057 ], [ 76.3874, 12.695 ], [ 76.3813, 12.6954 ], [ 76.3783, 12.6907 ], [ 76.374, 12.6896 ], [ 76.3724, 12.6931 ], [ 76.3618, 12.693 ], [ 76.3615, 12.7118 ], [ 76.3737, 12.7143 ], [ 76.3761, 12.7069 ], [ 76.3844, 12.7085 ] ] ] ] } },
{ "type": "Feature", "properties": { "code": "219230", "name": "RANGANATHAPURA CROSS", "taluk": "Krishnarajpet" }, "geometry": { "type": "Polygon", "coordinates": [ [ [ 76.5545, 12.8079 ], [ 76.5617, 12.807 ], [ 76.563, 12.8022 ], [ 76.5724, 12.8035 ], [ 76.5733, 12.7987 ], [ 76.5699, 12.7951 ], [ 76.5762, 12.7927 ], [ 76.5812, 12.8004 ], [ 76.5892, 12.7999 ], [ 76.5931, 12.8056 ], [ 76.5982, 12.803 ], [ 76.5954, 12.7991 ], [ 76.5957, 12.7949 ], [ 76.5913, 12.7984 ], [ 76.5895, 12.7974 ], [ 76.5917, 12.787 ], [ 76.5916, 12.763 ], [ 76.6036, 12.7644 ], [ 76.6002, 12.7459 ], [ 76.5966, 12.7426 ], [ 76.5956, 12.7241 ], [ 76.5774, 12.7332 ], [ 76.5798, 12.7416 ], [ 76.5675, 12.7439 ], [ 76.568, 12.7461 ], [ 76.5647, 12.7464 ], [ 76.5635, 12.7435 ], [ 76.5606, 12.7431 ], [ 76.5557, 12.7458 ], [ 76.5543, 12.7553 ], [ 76.5513, 12.7564 ], [ 76.5425, 12.7492 ], [ 76.5239, 12.7582 ], [ 76.5268, 12.7714 ], [ 76.5204, 12.7769 ], [ 76.5222, 12.7811 ], [ 76.5248, 12.784 ], [ 76.5464, 12.7879 ], [ 76.5431, 12.7951 ], [ 76.5425, 12.807 ], [ 76.5527, 12.8059 ], [ 76.5545, 12.8079 ] ] ] } },
{ "type": "Feature", "properties": { "code": "219231", "name": "SANTHEBACHAHALLI", "taluk": "Krishnarajpet" }, "geometry": { "type": "MultiPolygon", "coordinates": [ [ [ [ 76.4334, 12.5658 ], [ 76.4378, 12.5674 ], [ 76.4367, 12.5617 ], [ 76.4411, 12.5615 ], [ 76.4365, 12.5519 ], [ 76.4278, 12.5559 ], [ 76.4184, 12.5564 ], [ 76.4239, 12.5697 ], [ 76.4334, 12.5658 ] ] ], [ [ [ 76.5049, 12.5746 ], [ 76.5154, 12.5705 ], [ 76.513, 12.5638 ], [ 76.5022, 12.5682 ], [ 76.5049, 12.5746 ] ] ], [ [ [ 76.5777, 12.8469 ], [ 76.5986, 12.8316 ], [ 76.5878, 12.8238 ], [ 76.5861, 12.8185 ], [ 76.5883, 12.8184 ], [ 76.5888, 12.8155 ], [ 76.5926, 12.8157 ], [ 76.6014, 12.8214 ], [ 76.6047, 12.8044 ], [ 76.5982, 12.803 ], [ 76.5913, 12.805 ], [ 76.5892, 12.7999 ], [ 76.5812, 12.8004 ], [ 76.5762, 12.7927 ], [ 76.5699, 12.7951 ], [ 76.5733, 12.7987 ], [ 76.5682, 12.8112 ], [ 76.5606, 12.8091 ], [ 76.5611, 12.807 ], [ 76.5545, 12.8071 ], [ 76.554, 12.813 ], [ 76.5442, 12.8144 ], [ 76.5427, 12.8206 ], [ 76.5462, 12.8358 ], [ 76.5535, 12.8452 ], [ 76.5723, 12.8449 ], [ 76.5777, 12.8469 ] ] ] ] } },
{ "type": "Feature", "properties": { "code": "219232", "name": "SARANGI", "taluk": "Krishnarajpet" }, "geometry": { "type": "MultiPolygon", "coordinates": [ [ [ [ 76.5562, 12.7015 ], [ 76.5637, 12.6987 ], [ 76.5698, 12.701 ], [ 76.5716, 12.6993 ], [ 76.5685, 12.6957 ], [ 76.5628, 12.6939 ], [ 76.5562, 12.7015 ] ] ], [ [ [ 76.5425, 12.7492 ], [ 76.5513, 12.7564 ], [ 76.5559, 12.7512 ], [ 76.5557, 12.7458 ], [ 76.5472, 12.7408 ], [ 76.5462, 12.7306 ], [ 76.5493, 12.7307 ], [ 76.5498, 12.7279 ], [ 76.5585, 12.7312 ], [ 76.5774, 12.7332 ], [ 76.5884, 12.728 ], [ 76.573, 12.7214 ], [ 76.5537, 12.7203 ], [ 76.5378, 12.7163 ], [ 76.5351, 12.7121 ], [ 76.536, 12.7064 ], [ 76.5255, 12.7093 ], [ 76.5153, 12.7223 ], [ 76.5137, 12.7363 ], [ 76.5169, 12.741 ], [ 76.5162, 12.7476 ], [ 76.5239, 12.7582 ], [ 76.5425, 12.7492 ] ] ], [ [ [ 76.5682, 12.8112 ], [ 76.5724, 12.8035 ], [ 76.563, 12.8022 ], [ 76.5606, 12.8091 ], [ 76.5682, 12.8112 ] ] ] ] } },
{ "type": "Feature", "properties": { "code": "219233", "name": "SHILANERE", "taluk": "Krishnarajpet" }, "geometry": { "type": "MultiPolygon", "coordinates": [ [ [ [ 76.4312, 12.5668 ], [ 76.4239, 12.5697 ], [ 76.4239, 12.5766 ], [ 76.4267, 12.5799 ], [ 76.4339, 12.5822 ], [ 76.4373, 12.5798 ], [ 76.4389, 12.5723 ], [ 76.4378, 12.5674 ], [ 76.4312, 12.5668 ] ] ], [ [ [ 76.5875, 12.6557 ], [ 76.5903, 12.6531 ], [ 76.5901, 12.6381 ], [ 76.5748, 12.631 ], [ 76.5718, 12.6194 ], [ 76.5767, 12.6153 ], [ 76.5915, 12.6179 ], [ 76.5883, 12.6093 ], [ 76.5782, 12.6084 ], [ 76.5725, 12.6091 ], [ 76.5713, 12.6113 ], [ 76.5698, 12.6058 ], [ 76.5629, 12.6071 ], [ 76.5648, 12.6094 ], [ 76.5619, 12.6144 ], [ 76.5633, 12.619 ], [ 76.5533, 12.6227 ], [ 76.5533, 12.619 ], [ 76.5456, 12.614 ], [ 76.5372, 12.6139 ], [ 76.5363, 12.623 ], [ 76.546, 12.6285 ], [ 76.5396, 12.6541 ], [ 76.5487, 12.6582 ], [ 76.5537, 12.6559 ], [ 76.5621, 12.6587 ], [ 76.5668, 12.6465 ], [ 76.5664, 12.6419 ], [ 76.5686, 12.6405 ], [ 76.5771, 12.6409 ], [ 76.5773, 12.6516 ], [ 76.5745, 12.6608 ], [ 76.5788, 12.6633 ], [ 76.5848, 12.6616 ], [ 76.5859, 12.6636 ], [ 76.5875, 12.6557 ] ] ], [ [ [ 76.4254, 12.7395 ], [ 76.4221, 12.7219 ], [ 76.4188, 12.7234 ], [ 76.4125, 12.7208 ], [ 76.41, 12.7252 ], [ 76.4112, 12.7381 ], [ 76.4254, 12.7395 ] ] ], [ [ [ 76.4669, 12.7459 ], [ 76.4657, 12.7411 ], [ 76.4601, 12.7373 ], [ 76.4571, 12.7469 ], [ 76.4642, 12.7512 ], [ 76.4676, 12.7587 ], [ 76.4741, 12.7512 ], [ 76.4688, 12.7454 ], [ 76.4669, 12.7459 ] ] ] ] } },
{ "type": "Feature", "properties": { "code": "219234", "name": "SINDHAGATTA", "taluk": "Krishnarajpet" }, "geometry": { "type": "Polygon", "coordinates": [ [ [ 76.5748, 12.7215 ], [ 76.5752, 12.711 ], [ 76.5708, 12.705 ], [ 76.5732, 12.6995 ], [ 76.5698, 12.701 ], [ 76.5637, 12.6987 ], [ 76.5562, 12.7015 ], [ 76.5617, 12.6903 ], [ 76.5585, 12.682 ], [ 76.5504, 12.6751 ], [ 76.5361, 12.672 ], [ 76.5348, 12.6639 ], [ 76.531, 12.6635 ], [ 76.53, 12.6685 ], [ 76.5239, 12.6694 ], [ 76.5234, 12.6803 ], [ 76.5272, 12.6821 ], [ 76.5296, 12.6917 ], [ 76.5255, 12.7093 ], [ 76.536, 12.7064 ], [ 76.5351, 12.7121 ], [ 76.5378, 12.7163 ], [ 76.5582, 12.7209 ], [ 76.5748, 12.7215 ] ] ] } },
{ "type": "Feature", "properties": { "code": "219235", "name": "SOMANAHALLI", "taluk": "Krishnarajpet" }, "geometry": { "type": "MultiPolygon", "coordinates": [ [ [ [ 76.4532, 12.545 ], [ 76.457, 12.5444 ], [ 76.4577, 12.5404 ], [ 76.4439, 12.5394 ], [ 76.4412, 12.5362 ], [ 76.4467, 12.5264 ], [ 76.4468, 12.5215 ], [ 76.4534, 12.5164 ], [ 76.4515, 12.5116 ], [ 76.4549, 12.5091 ], [ 76.4515, 12.5062 ], [ 76.4493, 12.5091 ], [ 76.4428, 12.5065 ], [ 76.4381, 12.511 ], [ 76.4355, 12.5216 ], [ 76.4228, 12.5326 ], [ 76.4276, 12.5418 ], [ 76.433, 12.5415 ], [ 76.4373, 12.5528 ], [ 76.4488, 12.5527 ], [ 76.4522, 12.5502 ], [ 76.4532, 12.545 ] ] ], [ [ [ 76.4574, 12.5823 ], [ 76.4597, 12.5793 ], [ 76.4525, 12.5681 ], [ 76.4526, 12.5627 ], [ 76.4436, 12.5621 ], [ 76.443, 12.5587 ], [ 76.4389, 12.5568 ], [ 76.4411, 12.5615 ], [ 76.4367, 12.5617 ], [ 76.4389, 12.5723 ], [ 76.4361, 12.5805 ], [ 76.4402, 12.5822 ], [ 76.4461, 12.5804 ], [ 76.4511, 12.5846 ], [ 76.4524, 12.5812 ], [ 76.4574, 12.5823 ] ] ], [ [ [ 76.4638, 12.6815 ], [ 76.4603, 12.6903 ], [ 76.4701, 12.6957 ], [ 76.4792, 12.6868 ], [ 76.4638, 12.6815 ] ] ], [ [ [ 76.5931, 12.7951 ], [ 76.5981, 12.7971 ], [ 76.6007, 12.7918 ], [ 76.6085, 12.7924 ], [ 76.6086, 12.7897 ], [ 76.5979, 12.7886 ], [ 76.5987, 12.7636 ], [ 76.5916, 12.763 ], [ 76.5917, 12.787 ], [ 76.5895, 12.7974 ], [ 76.5913, 12.7984 ], [ 76.5931, 12.7951 ] ] ] ] } },
{ "type": "Feature", "properties": { "code": "219236", "name": "TENDEKERE", "taluk": "Krishnarajpet" }, "geometry": { "type": "MultiPolygon", "coordinates": [ [ [ [ 76.4978, 12.6087 ], [ 76.5012, 12.6033 ], [ 76.5064, 12.6055 ], [ 76.5078, 12.6033 ], [ 76.5115, 12.6041 ], [ 76.5122, 12.598 ], [ 76.5093, 12.5992 ], [ 76.5049, 12.5953 ], [ 76.4872, 12.5956 ], [ 76.4883, 12.6088 ], [ 76.4978, 12.6087 ] ] ], [ [ [ 76.6058, 12.6172 ], [ 76.6019, 12.6081 ], [ 76.6007, 12.5768 ], [ 76.599, 12.5752 ], [ 76.5919, 12.5765 ], [ 76.5912, 12.5898 ], [ 76.5881, 12.5886 ], [ 76.5891, 12.5867 ], [ 76.5818, 12.5845 ], [ 76.5831, 12.5781 ], [ 76.5721, 12.5817 ], [ 76.5655, 12.5771 ], [ 76.5554, 12.5813 ], [ 76.5555, 12.5925 ], [ 76.5517, 12.6009 ], [ 76.5495, 12.5992 ], [ 76.5427, 12.6024 ], [ 76.5393, 12.5897 ], [ 76.5319, 12.5987 ], [ 76.5332, 12.6089 ], [ 76.5356, 12.6091 ], [ 76.5381, 12.6045 ], [ 76.5372, 12.6139 ], [ 76.5456, 12.614 ], [ 76.5514, 12.619 ], [ 76.5533, 12.619 ], [ 76.553, 12.6115 ], [ 76.5576, 12.6093 ], [ 76.5626, 12.6144 ], [ 76.5648, 12.6094 ], [ 76.5629, 12.6071 ], [ 76.565, 12.6063 ], [ 76.5698, 12.6058 ], [ 76.5713, 12.6113 ], [ 76.5725, 12.6091 ], [ 76.5782, 12.6084 ], [ 76.5883, 12.6093 ], [ 76.5916, 12.6153 ], [ 76.5925, 12.6388 ], [ 76.6042, 12.6423 ], [ 76.6058, 12.6172 ] ] ] ] } },
{ "type": "Feature", "properties": { "code": "219237", "name": "VITALAPURA", "taluk": "Krishnarajpet" }, "geometry": { "type": "Polygon", "coordinates": [ [ [ 76.4795, 12.6338 ], [ 76.486, 12.6339 ], [ 76.4898, 12.6296 ], [ 76.4822, 12.6154 ], [ 76.4899, 12.6121 ], [ 76.4873, 12.5866 ], [ 76.484, 12.5842 ], [ 76.4875, 12.5697 ], [ 76.499, 12.5672 ], [ 76.5025, 12.563 ], [ 76.5055, 12.5642 ], [ 76.5064, 12.5515 ], [ 76.505, 12.5443 ], [ 76.5017, 12.5455 ], [ 76.499, 12.5417 ], [ 76.4829, 12.534 ], [ 76.4827, 12.5458 ], [ 76.4749, 12.5474 ], [ 76.4647, 12.5419 ], [ 76.4623, 12.5464 ], [ 76.4663, 12.5482 ], [ 76.4647, 12.5494 ], [ 76.4669, 12.5524 ], [ 76.4641, 12.5524 ], [ 76.4642, 12.5584 ], [ 76.4587, 12.5559 ], [ 76.4542, 12.5491 ], [ 76.4488, 12.5527 ], [ 76.4373, 12.5528 ], [ 76.4436, 12.5621 ], [ 76.4526, 12.5627 ], [ 76.4525, 12.5681 ], [ 76.4589, 12.578 ], [ 76.4664, 12.5747 ], [ 76.4697, 12.5766 ], [ 76.469, 12.5791 ], [ 76.473, 12.5852 ], [ 76.4647, 12.612 ], [ 76.4707, 12.6142 ], [ 76.471, 12.6224 ], [ 76.4682, 12.6277 ], [ 76.4806, 12.6237 ], [ 76.4778, 12.6285 ], [ 76.4795, 12.6338 ] ] ] } },
{ "type": "Feature", "properties": { "code": "219238", "name": "ABALAVADI", "taluk": "Maddur" }, "geometry": { "type": "MultiPolygon", "coordinates": [ [ [ [ 76.946, 12.702 ], [ 76.9508, 12.6975 ], [ 76.9438, 12.6896 ], [ 76.9295, 12.6909 ], [ 76.9373, 12.703 ], [ 76.946, 12.702 ] ] ], [ [ [ 76.9522, 12.7432 ], [ 76.952, 12.7329 ], [ 76.9657, 12.7301 ], [ 76.9623, 12.7208 ], [ 76.9575, 12.721 ], [ 76.9566, 12.7172 ], [ 76.9532, 12.717 ], [ 76.9496, 12.726 ], [ 76.947, 12.7263 ], [ 76.9491, 12.7092 ], [ 76.9467, 12.7099 ], [ 76.9462, 12.7067 ], [ 76.9304, 12.7102 ], [ 76.9251, 12.715 ], [ 76.9263, 12.7205 ], [ 76.9359, 12.7308 ], [ 76.9397, 12.7446 ], [ 76.9522, 12.7432 ] ] ] ] } },
{ "type": "Feature", "properties": { "code": "219239", "name": "ALURU", "taluk": "Maddur" }, "geometry": { "type": "Polygon", "coordinates": [ [ [ 77.0642, 12.5872 ], [ 77.0703, 12.5891 ], [ 77.078, 12.588 ], [ 77.0817, 12.5866 ], [ 77.0811, 12.5798 ], [ 77.0866, 12.5792 ], [ 77.0811, 12.5596 ], [ 77.0904, 12.5551 ], [ 77.0905, 12.5475 ], [ 77.0854, 12.5451 ], [ 77.0888, 12.5399 ], [ 77.0861, 12.5337 ], [ 77.0705, 12.5325 ], [ 77.0672, 12.5438 ], [ 77.0688, 12.5521 ], [ 77.0636, 12.5546 ], [ 77.0613, 12.5596 ], [ 77.0637, 12.5712 ], [ 77.0607, 12.5776 ], [ 77.0619, 12.5871 ], [ 77.0592, 12.5913 ], [ 77.0629, 12.5924 ], [ 77.0642, 12.5872 ] ] ] } },
{ "type": "Feature", "properties": { "code": "219240", "name": "ANNURU", "taluk": "Maddur" }, "geometry": { "type": "Polygon", "coordinates": [ [ [ 77.0454, 12.5049 ], [ 77.058, 12.4993 ], [ 77.0675, 12.4869 ], [ 77.0716, 12.4866 ], [ 77.0709, 12.4773 ], [ 77.0599, 12.4799 ], [ 77.0553, 12.4709 ], [ 77.0562, 12.4485 ], [ 77.0494, 12.4469 ], [ 77.0425, 12.4806 ], [ 77.0386, 12.4863 ], [ 77.0387, 12.4917 ], [ 77.043, 12.4949 ], [ 77.0454, 12.5049 ] ] ] } },
{ "type": "Feature", "properties": { "code": "219241", "name": "ATHAGURU", "taluk": "Maddur" }, "geometry": { "type": "Polygon", "coordinates": [ [ [ 77.0757, 12.6842 ], [ 77.0737, 12.6807 ], [ 77.0803, 12.6762 ], [ 77.0975, 12.6755 ], [ 77.0987, 12.6635 ], [ 77.0838, 12.6614 ], [ 77.0817, 12.6485 ], [ 77.0694, 12.6479 ], [ 77.0675, 12.6566 ], [ 77.0552, 12.6541 ], [ 77.0533, 12.6517 ], [ 77.0404, 12.6529 ], [ 77.0422, 12.6727 ], [ 77.0555, 12.6729 ], [ 77.0587, 12.6791 ], [ 77.0577, 12.6867 ], [ 77.0603, 12.6895 ], [ 77.0728, 12.6913 ], [ 77.0757, 12.6842 ] ] ] } },
{ "type": "Feature", "properties": { "code": "219242", "name": "BEKKALALE", "taluk": "Maddur" }, "geometry": { "type": "Polygon", "coordinates": [ [ [ 76.9606, 12.8043 ], [ 76.9731, 12.8035 ], [ 76.9756, 12.791 ], [ 76.9834, 12.793 ], [ 76.9836, 12.7899 ], [ 76.9909, 12.7863 ], [ 76.999, 12.7759 ], [ 76.9829, 12.764 ], [ 76.9903, 12.755 ], [ 76.9877, 12.749 ], [ 76.9517, 12.7474 ], [ 76.9479, 12.7578 ], [ 76.9455, 12.7583 ], [ 76.9455, 12.7661 ], [ 76.9482, 12.7663 ], [ 76.9513, 12.7762 ], [ 76.9592, 12.7871 ], [ 76.9586, 12.7987 ], [ 76.9606, 12.8043 ] ] ] } },
{ "type": "Feature", "properties": { "code": "219243", "name": "BESAGARAHALLI", "taluk": "Maddur" }, "geometry": { "type": "MultiPolygon", "coordinates": [ [ [ [ 76.9761, 12.6341 ], [ 76.9802, 12.6272 ], [ 76.9695, 12.6266 ], [ 76.9686, 12.6336 ], [ 76.9761, 12.6341 ] ] ], [ [ [ 76.9973, 12.6484 ], [ 77.0005, 12.644 ], [ 77.0029, 12.644 ], [ 77.0031, 12.6476 ], [ 77.0079, 12.6487 ], [ 77.0066, 12.6377 ], [ 76.999, 12.6364 ], [ 76.9917, 12.6451 ], [ 76.9915, 12.6488 ], [ 76.9973, 12.6484 ] ] ] ] } },
{ "type": "Feature", "properties": { "code": "219244", "name": "BHARATHINAGAR", "taluk": "Maddur" }, "geometry": { "type": "Polygon", "coordinates": [ [ [ 77.0387, 12.487 ], [ 77.0425, 12.4806 ], [ 77.0494, 12.4469 ], [ 77.0335, 12.4436 ], [ 77.0292, 12.4578 ], [ 77.0302, 12.4689 ], [ 77.0225, 12.468 ], [ 77.0217, 12.4789 ], [ 77.0228, 12.4847 ], [ 77.031, 12.4845 ], [ 77.0312, 12.488 ], [ 77.0387, 12.487 ] ] ] } },
{ "type": "Feature", "properties": { "code": "219245", "name": "BIDARAHALLI", "taluk": "Maddur" }, "geometry": { "type": "Polygon", "coordinates": [ [ [ 77.0302, 12.4689 ], [ 77.0292, 12.4578 ], [ 77.0327, 12.4463 ], [ 77.0094, 12.4444 ], [ 77.0019, 12.4414 ], [ 76.998, 12.4564 ], [ 76.9986, 12.4644 ], [ 77.01, 12.465 ], [ 77.0121, 12.4686 ], [ 77.0188, 12.4669 ], [ 77.0302, 12.4689 ] ] ] } },
{ "type": "Feature", "properties": { "code": "219246", "name": "BIDHARAKOTE", "taluk": "Maddur" }, "geometry": { "type": "Polygon", "coordinates": [ [ [ 76.9532, 12.6929 ], [ 76.9628, 12.6875 ], [ 76.9775, 12.688 ], [ 76.9778, 12.6778 ], [ 76.9653, 12.6768 ], [ 76.9622, 12.6706 ], [ 76.9674, 12.6679 ], [ 76.9746, 12.655 ], [ 76.9671, 12.6514 ], [ 76.9598, 12.6529 ], [ 76.9581, 12.6606 ], [ 76.945, 12.6664 ], [ 76.9307, 12.6575 ], [ 76.9193, 12.6741 ], [ 76.9217, 12.6908 ], [ 76.9438, 12.6896 ], [ 76.9532, 12.6929 ] ] ] } },
{ "type": "Feature", "properties": { "code": "219247", "name": "CHAMANAHALLI", "taluk": "Maddur" }, "geometry": { "type": "Polygon", "coordinates": [ [ [ 77.0419, 12.623 ], [ 77.053, 12.614 ], [ 77.0514, 12.6102 ], [ 77.0446, 12.6107 ], [ 77.0452, 12.6067 ], [ 77.0423, 12.6062 ], [ 77.0459, 12.6007 ], [ 77.0483, 12.6029 ], [ 77.0463, 12.5978 ], [ 77.0343, 12.5978 ], [ 77.0312, 12.5988 ], [ 77.0312, 12.6016 ], [ 77.0244, 12.5987 ], [ 77.0237, 12.6021 ], [ 77.0148, 12.6003 ], [ 77.0211, 12.6116 ], [ 77.02, 12.6229 ], [ 77.041, 12.6263 ], [ 77.0419, 12.623 ] ] ] } },
{ "type": "Feature", "properties": { "code": "219248", "name": "CHIKKARASINAKERE", "taluk": "Maddur" }, "geometry": { "type": "Polygon", "coordinates": [ [ [ 77.0444, 12.5336 ], [ 77.0551, 12.5333 ], [ 77.0575, 12.5125 ], [ 77.061, 12.5131 ], [ 77.0579, 12.4994 ], [ 77.0402, 12.5056 ], [ 77.0366, 12.511 ], [ 77.0297, 12.5151 ], [ 77.0257, 12.5221 ], [ 77.0312, 12.5226 ], [ 77.0297, 12.5383 ], [ 77.0444, 12.5336 ] ] ] } },
{ "type": "Feature", "properties": { "code": "219249", "name": "DODDARASINAKARE", "taluk": "Maddur" }, "geometry": { "type": "Polygon", "coordinates": [ [ [ 77.0297, 12.5383 ], [ 77.0312, 12.5226 ], [ 77.0257, 12.5221 ], [ 77.0297, 12.5151 ], [ 77.0366, 12.511 ], [ 77.0402, 12.5056 ], [ 77.0454, 12.5049 ], [ 77.043, 12.4949 ], [ 77.0387, 12.4917 ], [ 77.0387, 12.487 ], [ 77.0312, 12.488 ], [ 77.031, 12.4845 ], [ 77.0251, 12.4845 ], [ 77.0228, 12.4866 ], [ 77.0135, 12.4864 ], [ 77.004, 12.4912 ], [ 77.0022, 12.4895 ], [ 76.9973, 12.5069 ], [ 76.9975, 12.5203 ], [ 77.002, 12.521 ], [ 77.0037, 12.5243 ], [ 77.013, 12.5259 ], [ 77.0132, 12.5343 ], [ 77.0173, 12.5319 ], [ 77.0297, 12.5383 ] ] ] } },
{ "type": "Feature", "properties": { "code": "219250", "name": "GEJJALAGERE", "taluk": "Maddur" }, "geometry": { "type": "Polygon", "coordinates": [ [ [ 77.0179, 12.5852 ], [ 77.0208, 12.5691 ], [ 77.0162, 12.5656 ], [ 76.999, 12.5636 ], [ 76.9894, 12.5656 ], [ 76.9868, 12.5811 ], [ 76.9968, 12.5849 ], [ 77.0148, 12.5829 ], [ 77.0179, 12.5852 ] ] ] } },
{ "type": "Feature", "properties": { "code": "219251", "name": "GORAVANAHALLI", "taluk": "Maddur" }, "geometry": { "type": "Polygon", "coordinates": [ [ [ 77.029, 12.5805 ], [ 77.0379, 12.573 ], [ 77.044, 12.5749 ], [ 77.0444, 12.5795 ], [ 77.0457, 12.5741 ], [ 77.0431, 12.5735 ], [ 77.0431, 12.5707 ], [ 77.0478, 12.5707 ], [ 77.0487, 12.5672 ], [ 77.0453, 12.5632 ], [ 77.0446, 12.5503 ], [ 77.0324, 12.5502 ], [ 77.0329, 12.5618 ], [ 77.03, 12.5624 ], [ 77.0297, 12.5675 ], [ 77.0241, 12.5704 ], [ 77.0208, 12.5691 ], [ 77.0207, 12.5772 ], [ 77.029, 12.5805 ] ] ] } },
{ "type": "Feature", "properties": { "code": "219252", "name": "HEMMANAHALLI", "taluk": "Maddur" }, "geometry": { "type": "Polygon", "coordinates": [ [ [ 77.0675, 12.6566 ], [ 77.0694, 12.6479 ], [ 77.0626, 12.6439 ], [ 77.0651, 12.6411 ], [ 77.0638, 12.6379 ], [ 77.0682, 12.6238 ], [ 77.0599, 12.6199 ], [ 77.0603, 12.6135 ], [ 77.0543, 12.6122 ], [ 77.0419, 12.623 ], [ 77.041, 12.6282 ], [ 77.0438, 12.6343 ], [ 77.0404, 12.6529 ], [ 77.0533, 12.6517 ], [ 77.0552, 12.6541 ], [ 77.0675, 12.6566 ] ] ] } },
{ "type": "Feature", "properties": { "code": "219253", "name": "HOSAGAVI", "taluk": "Maddur" }, "geometry": { "type": "MultiPolygon", "coordinates": [ [ [ [ 77.06, 12.62 ], [ 77.0761, 12.6212 ], [ 77.0759, 12.6185 ], [ 77.0795, 12.6184 ], [ 77.0763, 12.6162 ], [ 77.0766, 12.61 ], [ 77.0625, 12.6018 ], [ 77.0569, 12.6029 ], [ 77.0543, 12.6122 ], [ 77.0603, 12.6135 ], [ 77.06, 12.62 ] ] ], [ [ [ 76.9397, 12.7446 ], [ 76.9359, 12.7308 ], [ 76.9263, 12.7205 ], [ 76.9251, 12.715 ], [ 76.9144, 12.7156 ], [ 76.9114, 12.721 ], [ 76.9092, 12.7206 ], [ 76.9063, 12.7252 ], [ 76.9024, 12.7255 ], [ 76.897, 12.7303 ], [ 76.9115, 12.7477 ], [ 76.9104, 12.7551 ], [ 76.9375, 12.7576 ], [ 76.9397, 12.7446 ] ] ] ] } },
{ "type": "Feature", "properties": { "code": "219254", "name": "HOSAKERE", "taluk": "Maddur" }, "geometry": { "type": "Polygon", "coordinates": [ [ [ 77.0196, 12.6616 ], [ 77.0204, 12.6561 ], [ 77.0261, 12.6547 ], [ 77.0279, 12.6508 ], [ 77.0403, 12.651 ], [ 77.0438, 12.6343 ], [ 77.041, 12.6263 ], [ 77.02, 12.6229 ], [ 77.0211, 12.6116 ], [ 77.0075, 12.6174 ], [ 77.0015, 12.6149 ], [ 77.0016, 12.6057 ], [ 76.998, 12.604 ], [ 76.9975, 12.6136 ], [ 76.9918, 12.6133 ], [ 76.9896, 12.6121 ], [ 76.9898, 12.5998 ], [ 76.9918, 12.5994 ], [ 76.9853, 12.5976 ], [ 76.9874, 12.6011 ], [ 76.9837, 12.6035 ], [ 76.9868, 12.6112 ], [ 76.9826, 12.6255 ], [ 76.977, 12.6338 ], [ 76.9686, 12.6336 ], [ 76.9658, 12.6433 ], [ 76.9917, 12.6451 ], [ 76.999, 12.6364 ], [ 77.0066, 12.6377 ], [ 77.0079, 12.6487 ], [ 77.0031, 12.6476 ], [ 77.0029, 12.644 ], [ 77.0005, 12.644 ], [ 76.9973, 12.6484 ], [ 76.9915, 12.6488 ], [ 76.9924, 12.6555 ], [ 77.0009, 12.6589 ], [ 77.0098, 12.6581 ], [ 77.0108, 12.6622 ], [ 77.0196, 12.6616 ] ] ] } },
{ "type": "Feature", "properties": { "code": "219255", "name": "HUTHAGERE", "taluk": "Maddur" }, "geometry": { "type": "Polygon", "coordinates": [ [ [ 77.0277, 12.7505 ], [ 77.0366, 12.75 ], [ 77.0288, 12.7404 ], [ 77.0371, 12.7397 ], [ 77.0371, 12.736 ], [ 77.0472, 12.7298 ], [ 77.045, 12.7268 ], [ 77.0458, 12.722 ], [ 77.0482, 12.7217 ], [ 77.0422, 12.7161 ], [ 77.0413, 12.7102 ], [ 77.0369, 12.7103 ], [ 77.0335, 12.7141 ], [ 77.0348, 12.7098 ], [ 77.0299, 12.7104 ], [ 77.0279, 12.7062 ], [ 77.0202, 12.704 ], [ 77.0121, 12.7061 ], [ 77.0045, 12.7136 ], [ 76.997, 12.7142 ], [ 76.9933, 12.717 ], [ 76.9912, 12.7233 ], [ 77.0022, 12.7289 ], [ 77.0043, 12.7335 ], [ 76.9911, 12.7398 ], [ 76.9932, 12.7423 ], [ 76.9896, 12.7427 ], [ 76.9866, 12.748 ], [ 76.9903, 12.755 ], [ 76.9844, 12.76 ], [ 76.9835, 12.7648 ], [ 77.0096, 12.7824 ], [ 77.0064, 12.7727 ], [ 77.0092, 12.7643 ], [ 77.0252, 12.7631 ], [ 77.0277, 12.7505 ] ] ] } },
{ "type": "Feature", "properties": { "code": "219256", "name": "K HONNALAGERE", "taluk": "Maddur" }, "geometry": { "type": "Polygon", "coordinates": [ [ [ 77.1285, 12.5699 ], [ 77.1278, 12.5533 ], [ 77.1201, 12.5556 ], [ 77.1145, 12.5529 ], [ 77.1078, 12.5553 ], [ 77.0901, 12.5533 ], [ 77.0904, 12.5551 ], [ 77.0811, 12.5596 ], [ 77.0866, 12.5792 ], [ 77.0811, 12.5798 ], [ 77.0817, 12.5866 ], [ 77.0891, 12.5892 ], [ 77.0912, 12.5928 ], [ 77.1157, 12.589 ], [ 77.1169, 12.582 ], [ 77.1285, 12.5699 ] ] ] } },
{ "type": "Feature", "properties": { "code": "219257", "name": "K. BELLUR", "taluk": "Maddur" }, "geometry": { "type": "Polygon", "coordinates": [ [ [ 77.113, 12.5534 ], [ 77.1145, 12.543 ], [ 77.1125, 12.5286 ], [ 77.1081, 12.5298 ], [ 77.1012, 12.5185 ], [ 77.105, 12.4943 ], [ 77.1018, 12.4833 ], [ 77.09, 12.4891 ], [ 77.0804, 12.5013 ], [ 77.0778, 12.5144 ], [ 77.0697, 12.5237 ], [ 77.0705, 12.5325 ], [ 77.0861, 12.5337 ], [ 77.0888, 12.5399 ], [ 77.0854, 12.5451 ], [ 77.0905, 12.5475 ], [ 77.0901, 12.5533 ], [ 77.1078, 12.5553 ], [ 77.113, 12.5534 ] ] ] } },
{ "type": "Feature", "properties": { "code": "219258", "name": "K. SHETTAHALLI", "taluk": "Maddur" }, "geometry": { "type": "Polygon", "coordinates": [ [ [ 77.0006, 12.4992 ], [ 77.0022, 12.4895 ], [ 77.004, 12.4912 ], [ 77.0135, 12.4864 ], [ 77.0228, 12.4866 ], [ 77.0224, 12.4684 ], [ 77.0188, 12.4669 ], [ 77.0121, 12.4686 ], [ 77.01, 12.465 ], [ 77.0015, 12.4642 ], [ 76.9781, 12.4649 ], [ 76.9773, 12.4805 ], [ 76.9875, 12.4851 ], [ 76.989, 12.4969 ], [ 77.0006, 12.4992 ] ] ] } },
{ "type": "Feature", "properties": { "code": "219259", "name": "KADHALUR", "taluk": "Maddur" }, "geometry": { "type": "Polygon", "coordinates": [ [ [ 77.0987, 12.6635 ], [ 77.1004, 12.6305 ], [ 77.0874, 12.6269 ], [ 77.0857, 12.6219 ], [ 77.0679, 12.6208 ], [ 77.0631, 12.6456 ], [ 77.0817, 12.6485 ], [ 77.0838, 12.6614 ], [ 77.0987, 12.6635 ] ] ] } },
{ "type": "Feature", "properties": { "code": "219260", "name": "KADUKOTTANAHALLI", "taluk": "Maddur" }, "geometry": { "type": "Polygon", "coordinates": [ [ [ 76.9787, 12.4648 ], [ 76.9986, 12.4644 ], [ 76.998, 12.4564 ], [ 77.0019, 12.4414 ], [ 76.9845, 12.4383 ], [ 76.9863, 12.4224 ], [ 76.982, 12.4169 ], [ 76.9667, 12.4178 ], [ 76.9719, 12.4318 ], [ 76.9787, 12.4648 ] ] ] } },
{ "type": "Feature", "properties": { "code": "219261", "name": "KESTHURU", "taluk": "Maddur" }, "geometry": { "type": "Polygon", "coordinates": [ [ [ 77.0533, 12.7152 ], [ 77.056, 12.7144 ], [ 77.0563, 12.703 ], [ 77.0626, 12.704 ], [ 77.0729, 12.7125 ], [ 77.0752, 12.7084 ], [ 77.0728, 12.7042 ], [ 77.0728, 12.6913 ], [ 77.0603, 12.6895 ], [ 77.0577, 12.6867 ], [ 77.0586, 12.6785 ], [ 77.0555, 12.6729 ], [ 77.051, 12.6724 ], [ 77.0432, 12.674 ], [ 77.0448, 12.6792 ], [ 77.0426, 12.6827 ], [ 77.0301, 12.6856 ], [ 77.0223, 12.6966 ], [ 77.0202, 12.704 ], [ 77.0279, 12.7062 ], [ 77.0299, 12.7104 ], [ 77.0348, 12.7098 ], [ 77.0335, 12.7141 ], [ 77.0404, 12.7094 ], [ 77.0424, 12.7163 ], [ 77.0533, 12.7251 ], [ 77.0515, 12.7209 ], [ 77.0533, 12.7152 ] ] ] } },
{ "type": "Feature", "properties": { "code": "219262", "name": "KOOLAGERE", "taluk": "Maddur" }, "geometry": { "type": "Polygon", "coordinates": [ [ [ 77.1265, 12.5336 ], [ 77.125, 12.5233 ], [ 77.1317, 12.5186 ], [ 77.1306, 12.4977 ], [ 77.1239, 12.4844 ], [ 77.1254, 12.4802 ], [ 77.1077, 12.4806 ], [ 77.1024, 12.4829 ], [ 77.105, 12.4943 ], [ 77.1012, 12.5185 ], [ 77.1081, 12.5298 ], [ 77.1125, 12.5286 ], [ 77.1145, 12.543 ], [ 77.1206, 12.5411 ], [ 77.1265, 12.5336 ] ] ] } },
{ "type": "Feature", "properties": { "code": "219263", "name": "KOPPA", "taluk": "Maddur" }, "geometry": { "type": "Polygon", "coordinates": [ [ [ 76.97, 12.7296 ], [ 76.9735, 12.7194 ], [ 76.9818, 12.7196 ], [ 76.9869, 12.714 ], [ 76.987, 12.7124 ], [ 76.9805, 12.7125 ], [ 76.9797, 12.7081 ], [ 76.9767, 12.7071 ], [ 76.9778, 12.6989 ], [ 76.9805, 12.6977 ], [ 76.9804, 12.6953 ], [ 76.9779, 12.6948 ], [ 76.9775, 12.688 ], [ 76.9628, 12.6875 ], [ 76.9532, 12.6929 ], [ 76.9458, 12.6916 ], [ 76.951, 12.6989 ], [ 76.946, 12.702 ], [ 76.9461, 12.7093 ], [ 76.9493, 12.7101 ], [ 76.947, 12.7263 ], [ 76.9496, 12.726 ], [ 76.9532, 12.717 ], [ 76.9566, 12.7172 ], [ 76.9575, 12.721 ], [ 76.9623, 12.7208 ], [ 76.9657, 12.7301 ], [ 76.97, 12.7296 ] ] ] } },
{ "type": "Feature", "properties": { "code": "219264", "name": "KOUDLE", "taluk": "Maddur" }, "geometry": { "type": "Polygon", "coordinates": [ [ [ 76.9505, 12.8016 ], [ 76.9606, 12.8043 ], [ 76.9586, 12.7987 ], [ 76.9592, 12.7871 ], [ 76.9513, 12.7762 ], [ 76.9482, 12.7663 ], [ 76.9455, 12.7661 ], [ 76.9455, 12.7583 ], [ 76.9104, 12.7551 ], [ 76.9099, 12.7696 ], [ 76.9142, 12.7707 ], [ 76.9134, 12.779 ], [ 76.9101, 12.7838 ], [ 76.9112, 12.7931 ], [ 76.9144, 12.7927 ], [ 76.9167, 12.7969 ], [ 76.924, 12.796 ], [ 76.9274, 12.7995 ], [ 76.9344, 12.7972 ], [ 76.9337, 12.8005 ], [ 76.9413, 12.8056 ], [ 76.9505, 12.8016 ] ] ] } },
{ "type": "Feature", "properties": { "code": "219265", "name": "KYATHAGHATTA", "taluk": "Maddur" }, "geometry": { "type": "Polygon", "coordinates": [ [ [ 77.0655, 12.5345 ], [ 77.0705, 12.5325 ], [ 77.07, 12.523 ], [ 77.0772, 12.5156 ], [ 77.0804, 12.5013 ], [ 77.0887, 12.4911 ], [ 77.0827, 12.4916 ], [ 77.0752, 12.4863 ], [ 77.0679, 12.4866 ], [ 77.0579, 12.4994 ], [ 77.061, 12.5131 ], [ 77.0575, 12.5125 ], [ 77.0551, 12.5333 ], [ 77.0655, 12.5345 ] ] ] } },
{ "type": "Feature", "properties": { "code": "219266", "name": "MADHARAHALLI", "taluk": "Maddur" }, "geometry": { "type": "Polygon", "coordinates": [ [ [ 76.9962, 12.5161 ], [ 77.0006, 12.4992 ], [ 76.989, 12.4969 ], [ 76.9875, 12.4851 ], [ 76.9773, 12.4805 ], [ 76.9764, 12.474 ], [ 76.9677, 12.4749 ], [ 76.9554, 12.4707 ], [ 76.9538, 12.4722 ], [ 76.9565, 12.4796 ], [ 76.9541, 12.4853 ], [ 76.9542, 12.4958 ], [ 76.9647, 12.4982 ], [ 76.9666, 12.5009 ], [ 76.9713, 12.501 ], [ 76.9746, 12.5054 ], [ 76.9804, 12.5066 ], [ 76.9761, 12.5095 ], [ 76.9736, 12.5224 ], [ 76.9858, 12.5233 ], [ 76.9962, 12.5161 ] ] ] } },
{ "type": "Feature", "properties": { "code": "219267", "name": "MALLANA KUPPE", "taluk": "Maddur" }, "geometry": { "type": "Polygon", "coordinates": [ [ [ 77.0503, 12.7504 ], [ 77.0489, 12.7474 ], [ 77.0674, 12.7583 ], [ 77.0767, 12.7455 ], [ 77.0805, 12.7464 ], [ 77.0836, 12.7428 ], [ 77.0765, 12.7126 ], [ 77.0751, 12.711 ], [ 77.0729, 12.7125 ], [ 77.0612, 12.7033 ], [ 77.0563, 12.703 ], [ 77.056, 12.7144 ], [ 77.0526, 12.7156 ], [ 77.0515, 12.7209 ], [ 77.0533, 12.7251 ], [ 77.046, 12.7218 ], [ 77.045, 12.7273 ], [ 77.0472, 12.7298 ], [ 77.0371, 12.736 ], [ 77.0371, 12.7397 ], [ 77.0288, 12.7404 ], [ 77.0366, 12.75 ], [ 77.0277, 12.7502 ], [ 77.0259, 12.7667 ], [ 77.0345, 12.7688 ], [ 77.0436, 12.7781 ], [ 77.0503, 12.7504 ] ] ] } },
{ "type": "Feature", "properties": { "code": "219268", "name": "MARALIGA", "taluk": "Maddur" }, "geometry": { "type": "Polygon", "coordinates": [ [ [ 77.0045, 12.7136 ], [ 77.0143, 12.7058 ], [ 77.0088, 12.6969 ], [ 77.0129, 12.6695 ], [ 77.0098, 12.6581 ], [ 77.0009, 12.6589 ], [ 76.9924, 12.6555 ], [ 76.9917, 12.6451 ], [ 76.9658, 12.6433 ], [ 76.9598, 12.6529 ], [ 76.9671, 12.6514 ], [ 76.9746, 12.655 ], [ 76.9674, 12.6679 ], [ 76.9623, 12.6711 ], [ 76.9653, 12.6768 ], [ 76.9778, 12.6778 ], [ 76.9779, 12.6948 ], [ 76.9917, 12.6959 ], [ 76.9926, 12.7063 ], [ 76.997, 12.7142 ], [ 77.0045, 12.7136 ] ] ] } },
{ "type": "Feature", "properties": { "code": "219269", "name": "MENASAGERE", "taluk": "Maddur" }, "geometry": { "type": "Polygon", "coordinates": [ [ [ 77.0827, 12.4916 ], [ 77.0922, 12.4877 ], [ 77.0905, 12.4787 ], [ 77.0875, 12.4784 ], [ 77.0859, 12.4745 ], [ 77.0877, 12.4571 ], [ 77.086, 12.4411 ], [ 77.0763, 12.4413 ], [ 77.0717, 12.4514 ], [ 77.0564, 12.4493 ], [ 77.0553, 12.4709 ], [ 77.0599, 12.4799 ], [ 77.0709, 12.4773 ], [ 77.0716, 12.4866 ], [ 77.0762, 12.4867 ], [ 77.0827, 12.4916 ] ] ] } },
{ "type": "Feature", "properties": { "code": "219270", "name": "NAGARAKERE", "taluk": "Maddur" }, "geometry": { "type": "Polygon", "coordinates": [ [ [ 77.0636, 12.5716 ], [ 77.0613, 12.5596 ], [ 77.0636, 12.5546 ], [ 77.0688, 12.5521 ], [ 77.0672, 12.5438 ], [ 77.0705, 12.5325 ], [ 77.064, 12.5355 ], [ 77.0458, 12.5331 ], [ 77.0297, 12.5383 ], [ 77.0261, 12.5465 ], [ 77.0277, 12.5503 ], [ 77.0446, 12.5503 ], [ 77.0453, 12.5632 ], [ 77.0486, 12.5663 ], [ 77.0463, 12.5717 ], [ 77.0533, 12.5735 ], [ 77.0563, 12.5716 ], [ 77.0551, 12.5788 ], [ 77.0609, 12.5793 ], [ 77.0636, 12.5716 ] ] ] } },
{ "type": "Feature", "properties": { "code": "219271", "name": "NIDAGHATTA", "taluk": "Maddur" }, "geometry": { "type": "Polygon", "coordinates": [ [ [ 77.1004, 12.6305 ], [ 77.1047, 12.6277 ], [ 77.1167, 12.6287 ], [ 77.1224, 12.6237 ], [ 77.1225, 12.6195 ], [ 77.111, 12.6162 ], [ 77.1081, 12.6086 ], [ 77.11, 12.5967 ], [ 77.1142, 12.5965 ], [ 77.1157, 12.589 ], [ 77.0912, 12.5928 ], [ 77.0855, 12.5957 ], [ 77.0838, 12.607 ], [ 77.0872, 12.6086 ], [ 77.0853, 12.6182 ], [ 77.0759, 12.6185 ], [ 77.0761, 12.6212 ], [ 77.0857, 12.6219 ], [ 77.0874, 12.6269 ], [ 77.1004, 12.6305 ] ] ] } },
{ "type": "Feature", "properties": { "code": "219272", "name": "NILUVAGILU", "taluk": "Maddur" }, "geometry": { "type": "Polygon", "coordinates": [ [ [ 77.0158, 12.7054 ], [ 77.0203, 12.7039 ], [ 77.0223, 12.6966 ], [ 77.0301, 12.6856 ], [ 77.0441, 12.6811 ], [ 77.0448, 12.6768 ], [ 77.0403, 12.6672 ], [ 77.0419, 12.6583 ], [ 77.0403, 12.651 ], [ 77.0279, 12.6508 ], [ 77.0261, 12.6547 ], [ 77.0204, 12.6561 ], [ 77.0196, 12.6616 ], [ 77.0108, 12.6622 ], [ 77.0129, 12.6695 ], [ 77.0088, 12.6969 ], [ 77.0158, 12.7054 ] ] ] } },
{ "type": "Feature", "properties": { "code": "219273", "name": "S I HONNALAGERE", "taluk": "Maddur" }, "geometry": { "type": "MultiPolygon", "coordinates": [ [ [ [ 77.1318, 12.4801 ], [ 77.1355, 12.4698 ], [ 77.1326, 12.4696 ], [ 77.1301, 12.4551 ], [ 77.1255, 12.4515 ], [ 77.1249, 12.4406 ], [ 77.1232, 12.4392 ], [ 77.118, 12.4411 ], [ 77.1169, 12.4373 ], [ 77.1034, 12.4366 ], [ 77.1012, 12.4389 ], [ 77.1044, 12.4475 ], [ 77.1032, 12.4583 ], [ 77.1122, 12.4663 ], [ 77.1153, 12.4802 ], [ 77.1318, 12.4801 ] ] ], [ [ [ 76.9994, 12.5894 ], [ 77.0155, 12.5932 ], [ 77.022, 12.589 ], [ 77.0148, 12.5829 ], [ 76.9968, 12.5849 ], [ 76.9931, 12.5974 ], [ 76.9978, 12.6007 ], [ 76.9994, 12.5894 ] ] ] ] } },
{ "type": "Feature", "properties": { "code": "219274", "name": "SADOLALU", "taluk": "Maddur" }, "geometry": { "type": "Polygon", "coordinates": [ [ [ 77.0299, 12.5658 ], [ 77.03, 12.5624 ], [ 77.0329, 12.5618 ], [ 77.0324, 12.5502 ], [ 77.0277, 12.5503 ], [ 77.0261, 12.5465 ], [ 77.0297, 12.5383 ], [ 77.0173, 12.5319 ], [ 77.0112, 12.5369 ], [ 76.9995, 12.5379 ], [ 76.9971, 12.556 ], [ 76.9906, 12.5559 ], [ 76.9894, 12.5656 ], [ 77.0037, 12.5635 ], [ 77.005, 12.5653 ], [ 77.0162, 12.5656 ], [ 77.0241, 12.5704 ], [ 77.0299, 12.5658 ] ] ] } },
{ "type": "Feature", "properties": { "code": "219275", "name": "SOMANAHALLI", "taluk": "Maddur" }, "geometry": { "type": "MultiPolygon", "coordinates": [ [ [ [ 77.0838, 12.607 ], [ 77.0849, 12.5962 ], [ 77.0912, 12.5928 ], [ 77.0891, 12.5892 ], [ 77.0817, 12.5866 ], [ 77.0703, 12.5891 ], [ 77.0642, 12.5872 ], [ 77.0629, 12.5924 ], [ 77.0592, 12.5913 ], [ 77.0542, 12.5958 ], [ 77.0569, 12.6029 ], [ 77.0625, 12.6018 ], [ 77.0766, 12.61 ], [ 77.0763, 12.6162 ], [ 77.0819, 12.6192 ], [ 77.0853, 12.6182 ], [ 77.0872, 12.6086 ], [ 77.0838, 12.607 ] ] ], [ [ [ 76.9502, 12.7535 ], [ 76.9522, 12.7432 ], [ 76.9397, 12.7446 ], [ 76.9375, 12.7576 ], [ 76.9468, 12.7582 ], [ 76.9502, 12.7535 ] ] ] ] } },
{ "type": "Feature", "properties": { "code": "219276", "name": "THAGGAHALLI", "taluk": "Maddur" }, "geometry": { "type": "Polygon", "coordinates": [ [ [ 76.9521, 12.7474 ], [ 76.9866, 12.7487 ], [ 76.9896, 12.7427 ], [ 76.9932, 12.7423 ], [ 76.9911, 12.7398 ], [ 77.0043, 12.7335 ], [ 77.0022, 12.7289 ], [ 76.9912, 12.7233 ], [ 76.9933, 12.717 ], [ 76.997, 12.7142 ], [ 76.9926, 12.7063 ], [ 76.9917, 12.6959 ], [ 76.9804, 12.6953 ], [ 76.9778, 12.6989 ], [ 76.9767, 12.7071 ], [ 76.9797, 12.7081 ], [ 76.9805, 12.7125 ], [ 76.987, 12.7124 ], [ 76.9829, 12.7191 ], [ 76.9735, 12.7194 ], [ 76.97, 12.7296 ], [ 76.952, 12.7329 ], [ 76.9521, 12.7474 ] ] ] } },
{ "type": "Feature", "properties": { "code": "219277", "name": "TOREBOMMANAHALLI", "taluk": "Maddur" }, "geometry": { "type": "Polygon", "coordinates": [ [ [ 77.1071, 12.4633 ], [ 77.1032, 12.4583 ], [ 77.1044, 12.4475 ], [ 77.1012, 12.4389 ], [ 77.086, 12.4411 ], [ 77.0877, 12.4571 ], [ 77.0859, 12.4745 ], [ 77.0875, 12.4784 ], [ 77.0905, 12.4787 ], [ 77.0922, 12.4877 ], [ 77.1077, 12.4806 ], [ 77.1153, 12.4802 ], [ 77.1122, 12.4663 ], [ 77.1071, 12.4633 ] ] ] } },
{ "type": "Feature", "properties": { "code": "219278", "name": "VALAGEREHALLI", "taluk": "Maddur" }, "geometry": { "type": "MultiPolygon", "coordinates": [ [ [ [ 77.0242, 12.593 ], [ 77.0304, 12.5909 ], [ 77.0326, 12.5848 ], [ 77.0276, 12.5815 ], [ 77.029, 12.5805 ], [ 77.0207, 12.5772 ], [ 77.0179, 12.5852 ], [ 77.0242, 12.593 ] ] ], [ [ [ 77.0211, 12.6116 ], [ 77.0148, 12.6003 ], [ 77.0207, 12.591 ], [ 77.0105, 12.593 ], [ 76.999, 12.5894 ], [ 76.9978, 12.6007 ], [ 76.9931, 12.5974 ], [ 76.9898, 12.5998 ], [ 76.9896, 12.6121 ], [ 76.9975, 12.6136 ], [ 76.998, 12.604 ], [ 77.0016, 12.6057 ], [ 77.0006, 12.6144 ], [ 77.0075, 12.6174 ], [ 77.0211, 12.6116 ] ] ] ] } },
{ "type": "Feature", "properties": { "code": "219279", "name": "YADAGANAHALLI", "taluk": "Maddur" }, "geometry": { "type": "Polygon", "coordinates": [ [ [ 76.9764, 12.474 ], [ 76.9787, 12.4648 ], [ 76.9738, 12.442 ], [ 76.9477, 12.4468 ], [ 76.95, 12.4585 ], [ 76.9433, 12.4638 ], [ 76.9422, 12.4676 ], [ 76.9487, 12.4716 ], [ 76.9554, 12.4707 ], [ 76.9677, 12.4749 ], [ 76.9764, 12.474 ] ] ] } },
{ "type": "Feature", "properties": { "code": "219280", "name": "AGASNAPURA", "taluk": "Malavalli" }, "geometry": { "type": "Polygon", "coordinates": [ [ [ 77.1316, 12.4427 ], [ 77.14, 12.4365 ], [ 77.1397, 12.4297 ], [ 77.1451, 12.4173 ], [ 77.1424, 12.4174 ], [ 77.1411, 12.405 ], [ 77.1388, 12.4027 ], [ 77.1334, 12.4179 ], [ 77.1261, 12.4205 ], [ 77.1227, 12.4191 ], [ 77.1239, 12.4006 ], [ 77.1154, 12.4002 ], [ 77.1082, 12.4066 ], [ 77.1079, 12.4196 ], [ 77.102, 12.4214 ], [ 77.1015, 12.4387 ], [ 77.1039, 12.4365 ], [ 77.1166, 12.4373 ], [ 77.118, 12.4411 ], [ 77.1236, 12.4392 ], [ 77.1316, 12.4427 ] ] ] } },
{ "type": "Feature", "properties": { "code": "219281", "name": "B.G.PURA", "taluk": "Malavalli" }, "geometry": { "type": "Polygon", "coordinates": [ [ [ 77.1065, 12.2918 ], [ 77.1087, 12.2835 ], [ 77.1064, 12.2722 ], [ 77.0869, 12.2696 ], [ 77.0842, 12.2576 ], [ 77.0814, 12.258 ], [ 77.0804, 12.2551 ], [ 77.0804, 12.2463 ], [ 77.0823, 12.2457 ], [ 77.0794, 12.2421 ], [ 77.0794, 12.237 ], [ 77.0693, 12.237 ], [ 77.0646, 12.2329 ], [ 77.0556, 12.2389 ], [ 77.0576, 12.2499 ], [ 77.0505, 12.254 ], [ 77.0561, 12.2706 ], [ 77.0807, 12.27 ], [ 77.0815, 12.2795 ], [ 77.089, 12.2831 ], [ 77.0882, 12.2917 ], [ 77.098, 12.2913 ], [ 77.1094, 12.2958 ], [ 77.1065, 12.2918 ] ] ] } },
{ "type": "Feature", "properties": { "code": "219282", "name": "BANDUR", "taluk": "Malavalli" }, "geometry": { "type": "Polygon", "coordinates": [ [ [ 76.9879, 12.4045 ], [ 77.0028, 12.4049 ], [ 77.0029, 12.4023 ], [ 77.0099, 12.4001 ], [ 77.0177, 12.4021 ], [ 77.0166, 12.4048 ], [ 77.0245, 12.4031 ], [ 77.0241, 12.3917 ], [ 77.0203, 12.3829 ], [ 77.0235, 12.3809 ], [ 77.0159, 12.3761 ], [ 76.999, 12.376 ], [ 76.9935, 12.3789 ], [ 76.9954, 12.3871 ], [ 76.9886, 12.3885 ], [ 76.9857, 12.3951 ], [ 76.9802, 12.3943 ], [ 76.9804, 12.4 ], [ 76.9879, 12.4045 ] ] ] } },
{ "type": "Feature", "properties": { "code": "219283", "name": "BELAKAVADI", "taluk": "Malavalli" }, "geometry": { "type": "Polygon", "coordinates": [ [ [ 77.1567, 12.3186 ], [ 77.1992, 12.3079 ], [ 77.1665, 12.3101 ], [ 77.1698, 12.3006 ], [ 77.17, 12.285 ], [ 77.1646, 12.2808 ], [ 77.1699, 12.2596 ], [ 77.1629, 12.2563 ], [ 77.152, 12.256 ], [ 77.1449, 12.2499 ], [ 77.1296, 12.2487 ], [ 77.1218, 12.2423 ], [ 77.1187, 12.2566 ], [ 77.1133, 12.2593 ], [ 77.1025, 12.2591 ], [ 77.1041, 12.2724 ], [ 77.1279, 12.2745 ], [ 77.1296, 12.2778 ], [ 77.1407, 12.2794 ], [ 77.1335, 12.3076 ], [ 77.1567, 12.3186 ] ], [ [ 77.1486, 12.2863 ], [ 77.1508, 12.2813 ], [ 77.1556, 12.2824 ], [ 77.1545, 12.2865 ], [ 77.1562, 12.2882 ], [ 77.1486, 12.2863 ] ] ] } },
{ "type": "Feature", "properties": { "code": "219284", "name": "BENDARAVADI", "taluk": "Malavalli" }, "geometry": { "type": "Polygon", "coordinates": [ [ [ 76.9112, 12.3835 ], [ 76.9229, 12.3821 ], [ 76.9222, 12.3736 ], [ 76.9175, 12.3673 ], [ 76.9201, 12.3591 ], [ 76.9137, 12.358 ], [ 76.9132, 12.3526 ], [ 76.911, 12.3521 ], [ 76.9093, 12.352 ], [ 76.9095, 12.356 ], [ 76.8983, 12.3567 ], [ 76.899, 12.3737 ], [ 76.9027, 12.3758 ], [ 76.91, 12.3749 ], [ 76.9112, 12.3835 ] ] ] } },
{ "type": "Feature", "properties": { "code": "219285", "name": "BYDARAHALLI", "taluk": "Malavalli" }, "geometry": { "type": "MultiPolygon", "coordinates": [ [ [ [ 77.3122, 12.3097 ], [ 77.3126, 12.3063 ], [ 77.311, 12.3052 ], [ 77.3095, 12.3068 ], [ 77.3122, 12.3097 ] ] ], [ [ [ 77.2622, 12.3291 ], [ 77.263, 12.3257 ], [ 77.2617, 12.3263 ], [ 77.2622, 12.3291 ] ] ], [ [ [ 77.243, 12.3537 ], [ 77.2489, 12.3457 ], [ 77.2484, 12.3395 ], [ 77.2443, 12.3434 ], [ 77.2456, 12.3469 ], [ 77.2415, 12.3468 ], [ 77.2395, 12.354 ], [ 77.243, 12.3537 ] ] ], [ [ [ 77.2101, 12.4175 ], [ 77.2264, 12.418 ], [ 77.2272, 12.4088 ], [ 77.2347, 12.4093 ], [ 77.2337, 12.3945 ], [ 77.2382, 12.3982 ], [ 77.2401, 12.3916 ], [ 77.2349, 12.3774 ], [ 77.2356, 12.3684 ], [ 77.2395, 12.3644 ], [ 77.2283, 12.3639 ], [ 77.2267, 12.37 ], [ 77.2237, 12.3695 ], [ 77.2249, 12.3611 ], [ 77.2309, 12.349 ], [ 77.2288, 12.3375 ], [ 77.2238, 12.3286 ], [ 77.1977, 12.3378 ], [ 77.1935, 12.3426 ], [ 77.1936, 12.3455 ], [ 77.2012, 12.3502 ], [ 77.2026, 12.3538 ], [ 77.2044, 12.3749 ], [ 77.2067, 12.3723 ], [ 77.2189, 12.3744 ], [ 77.223, 12.3806 ], [ 77.2226, 12.3897 ], [ 77.2174, 12.3907 ], [ 77.2166, 12.3933 ], [ 77.2207, 12.4081 ], [ 77.2112, 12.4075 ], [ 77.2105, 12.4119 ], [ 77.2101, 12.4175 ] ] ], [ [ [ 77.2438, 12.381 ], [ 77.2459, 12.3824 ], [ 77.2484, 12.3795 ], [ 77.2468, 12.3782 ], [ 77.2438, 12.381 ] ] ], [ [ [ 77.0245, 12.4031 ], [ 77.0206, 12.4026 ], [ 77.0148, 12.406 ], [ 77.015, 12.4234 ], [ 77.0235, 12.4215 ], [ 77.0261, 12.4108 ], [ 77.0245, 12.4031 ] ] ], [ [ [ 77.2236, 12.4356 ], [ 77.2285, 12.4353 ], [ 77.2289, 12.4325 ], [ 77.2213, 12.4322 ], [ 77.2188, 12.4388 ], [ 77.2237, 12.4406 ], [ 77.2236, 12.4356 ] ] ] ] } },
{ "type": "Feature", "properties": { "code": "219286", "name": "CHIKKAMULAGUDU", "taluk": "Malavalli" }, "geometry": { "type": "Polygon", "coordinates": [ [ [ 76.9403, 12.4483 ], [ 76.9738, 12.442 ], [ 76.9667, 12.4185 ], [ 76.9647, 12.421 ], [ 76.9608, 12.4179 ], [ 76.9434, 12.4243 ], [ 76.9381, 12.4211 ], [ 76.9338, 12.4235 ], [ 76.9283, 12.4219 ], [ 76.9269, 12.4182 ], [ 76.9243, 12.4225 ], [ 76.9274, 12.4236 ], [ 76.9278, 12.4294 ], [ 76.9226, 12.4449 ], [ 76.928, 12.4479 ], [ 76.9281, 12.4507 ], [ 76.9385, 12.4515 ], [ 76.9403, 12.4483 ] ] ] } },
{ "type": "Feature", "properties": { "code": "219287", "name": "CHOTTENAHALLI", "taluk": "Malavalli" }, "geometry": { "type": "MultiPolygon", "coordinates": [ [ [ [ 77.1454, 12.3442 ], [ 77.1582, 12.3516 ], [ 77.1645, 12.3495 ], [ 77.1746, 12.3394 ], [ 77.1866, 12.3332 ], [ 77.2062, 12.3077 ], [ 77.1569, 12.3186 ], [ 77.1474, 12.3354 ], [ 77.1454, 12.3442 ] ] ], [ [ [ 77.1434, 12.343 ], [ 77.1227, 12.3397 ], [ 77.1201, 12.3382 ], [ 77.1224, 12.3337 ], [ 77.1194, 12.3294 ], [ 77.1063, 12.3277 ], [ 77.1087, 12.338 ], [ 77.1065, 12.3378 ], [ 77.1031, 12.3456 ], [ 77.1058, 12.3598 ], [ 77.1165, 12.3617 ], [ 77.1241, 12.3601 ], [ 77.1207, 12.372 ], [ 77.1348, 12.3771 ], [ 77.1331, 12.3698 ], [ 77.1421, 12.368 ], [ 77.1386, 12.3609 ], [ 77.1433, 12.3521 ], [ 77.1434, 12.343 ] ] ] ] } },
{ "type": "Feature", "properties": { "code": "219288", "name": "D.HALASAHALLI", "taluk": "Malavalli" }, "geometry": { "type": "Polygon", "coordinates": [ [ [ 77.1442, 12.4201 ], [ 77.1509, 12.4177 ], [ 77.1504, 12.4087 ], [ 77.1688, 12.4048 ], [ 77.1696, 12.4155 ], [ 77.1934, 12.4169 ], [ 77.1949, 12.4066 ], [ 77.2103, 12.4003 ], [ 77.2109, 12.3931 ], [ 77.2026, 12.3865 ], [ 77.2046, 12.381 ], [ 77.2043, 12.3659 ], [ 77.2009, 12.35 ], [ 77.1783, 12.3791 ], [ 77.1782, 12.3834 ], [ 77.1555, 12.3879 ], [ 77.1534, 12.3976 ], [ 77.1378, 12.3988 ], [ 77.1411, 12.405 ], [ 77.1424, 12.4174 ], [ 77.1451, 12.4173 ], [ 77.1442, 12.4201 ] ] ] } },
{ "type": "Feature", "properties": { "code": "219289", "name": "DALAVAYIKODIHALLI", "taluk": "Malavalli" }, "geometry": { "type": "Polygon", "coordinates": [ [ [ 77.2703, 12.4348 ], [ 77.2733, 12.4296 ], [ 77.2852, 12.4287 ], [ 77.286, 12.4208 ], [ 77.2818, 12.4208 ], [ 77.2841, 12.4092 ], [ 77.2817, 12.4092 ], [ 77.2844, 12.4068 ], [ 77.2859, 12.3931 ], [ 77.2745, 12.3955 ], [ 77.272, 12.3984 ], [ 77.2726, 12.4078 ], [ 77.2668, 12.4143 ], [ 77.2652, 12.4205 ], [ 77.2584, 12.4207 ], [ 77.2585, 12.4251 ], [ 77.255, 12.427 ], [ 77.2558, 12.4344 ], [ 77.2525, 12.4455 ], [ 77.2548, 12.4539 ], [ 77.2641, 12.4589 ], [ 77.2643, 12.4616 ], [ 77.2691, 12.4648 ], [ 77.2748, 12.4396 ], [ 77.2703, 12.4348 ] ] ] } },
{ "type": "Feature", "properties": { "code": "219290", "name": "DHANAGURU", "taluk": "Malavalli" }, "geometry": { "type": "Polygon", "coordinates": [ [ [ 77.1534, 12.3967 ], [ 77.1555, 12.3879 ], [ 77.1784, 12.3832 ], [ 77.1783, 12.3791 ], [ 77.2009, 12.35 ], [ 77.1936, 12.3455 ], [ 77.1937, 12.3412 ], [ 77.2018, 12.336 ], [ 77.2313, 12.3252 ], [ 77.2402, 12.3102 ], [ 77.2349, 12.3095 ], [ 77.2251, 12.3034 ], [ 77.2179, 12.3086 ], [ 77.2062, 12.3077 ], [ 77.1866, 12.3332 ], [ 77.1746, 12.3394 ], [ 77.1645, 12.3495 ], [ 77.1582, 12.3516 ], [ 77.1445, 12.3435 ], [ 77.1433, 12.3521 ], [ 77.1472, 12.3641 ], [ 77.1435, 12.365 ], [ 77.1437, 12.3704 ], [ 77.147, 12.372 ], [ 77.152, 12.3658 ], [ 77.1613, 12.365 ], [ 77.1539, 12.3721 ], [ 77.1465, 12.3737 ], [ 77.1417, 12.3792 ], [ 77.1505, 12.3969 ], [ 77.1534, 12.3967 ] ] ] } },
{ "type": "Feature", "properties": { "code": "219291", "name": "DUGGANAHALLI", "taluk": "Malavalli" }, "geometry": { "type": "MultiPolygon", "coordinates": [ [ [ [ 77.2131, 12.396 ], [ 77.2168, 12.397 ], [ 77.2172, 12.3909 ], [ 77.2225, 12.3898 ], [ 77.223, 12.3806 ], [ 77.2194, 12.3746 ], [ 77.2064, 12.3723 ], [ 77.2026, 12.3865 ], [ 77.2102, 12.3922 ], [ 77.2113, 12.3974 ], [ 77.2093, 12.401 ], [ 77.199, 12.4038 ], [ 77.1999, 12.4098 ], [ 77.2104, 12.4133 ], [ 77.2131, 12.396 ] ] ], [ [ [ 76.9962, 12.4393 ], [ 77.0052, 12.4267 ], [ 77.015, 12.4234 ], [ 77.0148, 12.406 ], [ 76.9956, 12.4059 ], [ 76.9797, 12.4003 ], [ 76.9802, 12.4168 ], [ 76.9863, 12.4224 ], [ 76.9845, 12.4383 ], [ 76.9962, 12.4393 ] ] ] ] } },
{ "type": "Feature", "properties": { "code": "219292", "name": "H BASAVAPURA", "taluk": "Malavalli" }, "geometry": { "type": "MultiPolygon", "coordinates": [ [ [ [ 77.0051, 12.2857 ], [ 77.001, 12.2771 ], [ 76.9957, 12.2788 ], [ 76.9904, 12.2774 ], [ 76.9916, 12.2849 ], [ 77.0051, 12.2857 ] ] ], [ [ [ 77.2884, 12.3617 ], [ 77.2921, 12.3865 ], [ 77.2859, 12.3931 ], [ 77.3016, 12.3908 ], [ 77.3134, 12.3924 ], [ 77.3281, 12.3669 ], [ 77.3338, 12.3542 ], [ 77.3251, 12.3265 ], [ 77.3227, 12.3127 ], [ 77.3253, 12.3079 ], [ 77.3028, 12.2987 ], [ 77.268, 12.3141 ], [ 77.2489, 12.3083 ], [ 77.2402, 12.3102 ], [ 77.2313, 12.3252 ], [ 77.2238, 12.3286 ], [ 77.2288, 12.3375 ], [ 77.2309, 12.349 ], [ 77.2249, 12.3611 ], [ 77.2237, 12.3695 ], [ 77.2267, 12.37 ], [ 77.2283, 12.3639 ], [ 77.2395, 12.3644 ], [ 77.2356, 12.3684 ], [ 77.2362, 12.3748 ], [ 77.2489, 12.3744 ], [ 77.2713, 12.3685 ], [ 77.2718, 12.3639 ], [ 77.2818, 12.3643 ], [ 77.2884, 12.3617 ] ], [ [ 77.2883, 12.3608 ], [ 77.2873, 12.3544 ], [ 77.2935, 12.3534 ], [ 77.295, 12.3561 ], [ 77.2927, 12.3598 ], [ 77.2883, 12.3608 ] ], [ [ 77.2396, 12.3537 ], [ 77.2415, 12.3468 ], [ 77.2456, 12.3469 ], [ 77.2443, 12.3434 ], [ 77.2493, 12.3399 ], [ 77.2489, 12.3457 ], [ 77.243, 12.3537 ], [ 77.2396, 12.3537 ] ], [ [ 77.2622, 12.3291 ], [ 77.2617, 12.3263 ], [ 77.263, 12.3257 ], [ 77.2637, 12.3276 ], [ 77.2622, 12.3291 ] ], [ [ 77.3028, 12.3194 ], [ 77.3012, 12.3166 ], [ 77.3028, 12.3152 ], [ 77.3056, 12.3173 ], [ 77.3028, 12.3194 ] ], [ [ 77.3122, 12.3097 ], [ 77.3095, 12.3068 ], [ 77.311, 12.3052 ], [ 77.3126, 12.3063 ], [ 77.3122, 12.3097 ] ], [ [ 77.3076, 12.3584 ], [ 77.3091, 12.3623 ], [ 77.3058, 12.3631 ], [ 77.3022, 12.3537 ], [ 77.3041, 12.3536 ], [ 77.3042, 12.3585 ], [ 77.3076, 12.3584 ] ], [ [ 77.2911, 12.3716 ], [ 77.2912, 12.3695 ], [ 77.2933, 12.3692 ], [ 77.2933, 12.371 ], [ 77.2911, 12.3716 ] ] ], [ [ [ 77.255, 12.427 ], [ 77.2585, 12.4251 ], [ 77.2584, 12.4207 ], [ 77.2652, 12.4205 ], [ 77.2668, 12.4143 ], [ 77.2726, 12.4078 ], [ 77.272, 12.3984 ], [ 77.2489, 12.4053 ], [ 77.2337, 12.3945 ], [ 77.2347, 12.4093 ], [ 77.2272, 12.4088 ], [ 77.2275, 12.4199 ], [ 77.2382, 12.4256 ], [ 77.2435, 12.4258 ], [ 77.2486, 12.4333 ], [ 77.2558, 12.4344 ], [ 77.255, 12.427 ] ] ] ] } },
{ "type": "Feature", "properties": { "code": "219293", "name": "HAADLI", "taluk": "Malavalli" }, "geometry": { "type": "Polygon", "coordinates": [ [ [ 77.1381, 12.4082 ], [ 77.1382, 12.3985 ], [ 77.1502, 12.3978 ], [ 77.1487, 12.3902 ], [ 77.1462, 12.3897 ], [ 77.1417, 12.3792 ], [ 77.1465, 12.3737 ], [ 77.1539, 12.3721 ], [ 77.1613, 12.365 ], [ 77.152, 12.3658 ], [ 77.147, 12.372 ], [ 77.1437, 12.3704 ], [ 77.1434, 12.3652 ], [ 77.1472, 12.364 ], [ 77.1433, 12.3521 ], [ 77.1386, 12.3609 ], [ 77.1421, 12.368 ], [ 77.133, 12.37 ], [ 77.1348, 12.3771 ], [ 77.1207, 12.372 ], [ 77.1215, 12.3795 ], [ 77.1154, 12.3794 ], [ 77.1141, 12.3898 ], [ 77.1104, 12.3903 ], [ 77.1109, 12.4012 ], [ 77.1239, 12.4006 ], [ 77.1227, 12.4191 ], [ 77.1261, 12.4205 ], [ 77.1337, 12.4176 ], [ 77.1381, 12.4082 ] ] ] } },
{ "type": "Feature", "properties": { "code": "219294", "name": "HALAGURU", "taluk": "Malavalli" }, "geometry": { "type": "Polygon", "coordinates": [ [ [ 77.2325, 12.4378 ], [ 77.2463, 12.4386 ], [ 77.2486, 12.4333 ], [ 77.2435, 12.4258 ], [ 77.2365, 12.4249 ], [ 77.2275, 12.4199 ], [ 77.2273, 12.4173 ], [ 77.215, 12.4194 ], [ 77.2176, 12.4245 ], [ 77.214, 12.427 ], [ 77.2204, 12.4282 ], [ 77.2198, 12.4335 ], [ 77.2289, 12.4325 ], [ 77.2285, 12.4353 ], [ 77.2325, 12.4378 ] ] ] } },
{ "type": "Feature", "properties": { "code": "219295", "name": "HITTANAHALLI", "taluk": "Malavalli" }, "geometry": { "type": "MultiPolygon", "coordinates": [ [ [ [ 76.9883, 12.39 ], [ 76.9954, 12.3871 ], [ 76.9953, 12.3807 ], [ 76.9908, 12.3801 ], [ 76.9862, 12.3744 ], [ 76.9844, 12.3621 ], [ 76.9755, 12.3608 ], [ 76.965, 12.3657 ], [ 76.9629, 12.3806 ], [ 76.9649, 12.3839 ], [ 76.9705, 12.3862 ], [ 76.9782, 12.3946 ], [ 76.9857, 12.3951 ], [ 76.9883, 12.39 ] ] ], [ [ [ 76.9799, 12.3962 ], [ 76.9666, 12.3966 ], [ 76.9647, 12.4001 ], [ 76.9625, 12.408 ], [ 76.9654, 12.4098 ], [ 76.9667, 12.4178 ], [ 76.9802, 12.4168 ], [ 76.9799, 12.3962 ] ] ] ] } },
{ "type": "Feature", "properties": { "code": "219296", "name": "HOSAHALLI", "taluk": "Malavalli" }, "geometry": { "type": "MultiPolygon", "coordinates": [ [ [ [ 77.1547, 12.2886 ], [ 77.156, 12.2827 ], [ 77.151, 12.2813 ], [ 77.1486, 12.2863 ], [ 77.1547, 12.2886 ] ] ], [ [ [ 77.1256, 12.3074 ], [ 77.1335, 12.3076 ], [ 77.1407, 12.2794 ], [ 77.1296, 12.2778 ], [ 77.1279, 12.2745 ], [ 77.1064, 12.2722 ], [ 77.1087, 12.2835 ], [ 77.1065, 12.2918 ], [ 77.1103, 12.2964 ], [ 77.1231, 12.3006 ], [ 77.1256, 12.3074 ] ] ] ] } },
{ "type": "Feature", "properties": { "code": "219297", "name": "HUSKUR", "taluk": "Malavalli" }, "geometry": { "type": "MultiPolygon", "coordinates": [ [ [ [ 77.1693, 12.4059 ], [ 77.1504, 12.4087 ], [ 77.1497, 12.4216 ], [ 77.1591, 12.4313 ], [ 77.1689, 12.4277 ], [ 77.1693, 12.4059 ] ] ], [ [ [ 77.1326, 12.4695 ], [ 77.1446, 12.4622 ], [ 77.1507, 12.4647 ], [ 77.1524, 12.4523 ], [ 77.157, 12.4479 ], [ 77.1562, 12.4362 ], [ 77.1479, 12.4384 ], [ 77.1406, 12.4362 ], [ 77.1329, 12.4396 ], [ 77.1324, 12.4426 ], [ 77.1249, 12.4406 ], [ 77.1253, 12.451 ], [ 77.1301, 12.4551 ], [ 77.1326, 12.4695 ] ], [ [ 77.1333, 12.4567 ], [ 77.1389, 12.4584 ], [ 77.1395, 12.4614 ], [ 77.1313, 12.4606 ], [ 77.1333, 12.4567 ] ] ] ] } },
{ "type": "Feature", "properties": { "code": "219298", "name": "KAGGALIPURA", "taluk": "Malavalli" }, "geometry": { "type": "Polygon", "coordinates": [ [ [ 77.1026, 12.2605 ], [ 77.1187, 12.2566 ], [ 77.1218, 12.2423 ], [ 77.1084, 12.2407 ], [ 77.1062, 12.2206 ], [ 77.0883, 12.2179 ], [ 77.0811, 12.2231 ], [ 77.0778, 12.2212 ], [ 77.0794, 12.2421 ], [ 77.0823, 12.2457 ], [ 77.0804, 12.2463 ], [ 77.0804, 12.2551 ], [ 77.0814, 12.258 ], [ 77.0842, 12.2576 ], [ 77.0869, 12.2696 ], [ 77.1041, 12.2724 ], [ 77.1026, 12.2605 ] ] ] } },
{ "type": "Feature", "properties": { "code": "219299", "name": "KALKUNI", "taluk": "Malavalli" }, "geometry": { "type": "Polygon", "coordinates": [ [ [ 76.9563, 12.3531 ], [ 76.9595, 12.3365 ], [ 76.9577, 12.3269 ], [ 76.9545, 12.3264 ], [ 76.9532, 12.3293 ], [ 76.948, 12.3304 ], [ 76.9335, 12.3237 ], [ 76.9304, 12.3248 ], [ 76.9219, 12.3217 ], [ 76.9276, 12.3257 ], [ 76.9319, 12.3382 ], [ 76.9283, 12.3391 ], [ 76.9253, 12.3441 ], [ 76.9242, 12.3531 ], [ 76.939, 12.3526 ], [ 76.9388, 12.355 ], [ 76.9469, 12.3561 ], [ 76.9563, 12.3531 ] ] ] } },
{ "type": "Feature", "properties": { "code": "219300", "name": "KANDEGALA", "taluk": "Malavalli" }, "geometry": { "type": "MultiPolygon", "coordinates": [ [ [ [ 77.0729, 12.4406 ], [ 77.1015, 12.4387 ], [ 77.1019, 12.4221 ], [ 77.1043, 12.4204 ], [ 77.1029, 12.4177 ], [ 77.0922, 12.409 ], [ 77.0874, 12.4144 ], [ 77.0672, 12.4138 ], [ 77.0657, 12.4237 ], [ 77.0719, 12.4273 ], [ 77.0707, 12.4322 ], [ 77.0741, 12.4342 ], [ 77.0729, 12.4406 ] ] ], [ [ [ 77.1907, 12.4455 ], [ 77.1907, 12.464 ], [ 77.1993, 12.4655 ], [ 77.2013, 12.4551 ], [ 77.1907, 12.4455 ] ] ] ] } },
{ "type": "Feature", "properties": { "code": "219301", "name": "KIRUGAVALU", "taluk": "Malavalli" }, "geometry": { "type": "Polygon", "coordinates": [ [ [ 76.9481, 12.3917 ], [ 76.96, 12.3799 ], [ 76.9629, 12.3806 ], [ 76.965, 12.3657 ], [ 76.959, 12.3615 ], [ 76.9591, 12.3528 ], [ 76.9383, 12.3565 ], [ 76.9371, 12.3844 ], [ 76.9483, 12.3875 ], [ 76.9481, 12.3917 ] ] ] } },
{ "type": "Feature", "properties": { "code": "219302", "name": "KUNDUR", "taluk": "Malavalli" }, "geometry": { "type": "Polygon", "coordinates": [ [ [ 77.0744, 12.3412 ], [ 77.0765, 12.3305 ], [ 77.084, 12.3262 ], [ 77.0841, 12.3194 ], [ 77.0879, 12.3137 ], [ 77.0852, 12.3061 ], [ 77.089, 12.2831 ], [ 77.0815, 12.2795 ], [ 77.0807, 12.27 ], [ 77.058, 12.2704 ], [ 77.0564, 12.3155 ], [ 77.0503, 12.3166 ], [ 77.0492, 12.3272 ], [ 77.057, 12.3383 ], [ 77.0632, 12.3384 ], [ 77.0637, 12.341 ], [ 77.0676, 12.342 ], [ 77.0744, 12.3412 ] ] ] } },
{ "type": "Feature", "properties": { "code": "219303", "name": "KYATHNAHALLI", "taluk": "Malavalli" }, "geometry": { "type": "Polygon", "coordinates": [ [ [ 77.0632, 12.3392 ], [ 77.057, 12.3383 ], [ 77.0511, 12.3318 ], [ 77.0492, 12.3272 ], [ 77.0514, 12.3169 ], [ 77.0401, 12.3162 ], [ 77.0353, 12.3123 ], [ 77.0384, 12.2978 ], [ 77.0343, 12.2817 ], [ 77.0383, 12.2768 ], [ 77.0328, 12.2726 ], [ 77.0299, 12.2749 ], [ 77.0232, 12.2735 ], [ 77.0239, 12.2763 ], [ 77.0197, 12.2795 ], [ 77.0186, 12.2846 ], [ 77.0126, 12.2866 ], [ 77.0154, 12.2931 ], [ 77.0147, 12.2998 ], [ 77.0122, 12.3012 ], [ 77.014, 12.3205 ], [ 77.026, 12.3222 ], [ 77.0305, 12.3282 ], [ 77.0329, 12.3468 ], [ 77.0511, 12.3575 ], [ 77.0537, 12.347 ], [ 77.0622, 12.3442 ], [ 77.0643, 12.3414 ], [ 77.0632, 12.3392 ] ] ] } },
{ "type": "Feature", "properties": { "code": "219304", "name": "LINGAPATNA", "taluk": "Malavalli" }, "geometry": { "type": "MultiPolygon", "coordinates": [ [ [ [ 77.0188, 12.3704 ], [ 77.0165, 12.3763 ], [ 77.0235, 12.3809 ], [ 77.0281, 12.3781 ], [ 77.027, 12.3711 ], [ 77.0188, 12.3704 ] ] ], [ [ [ 77.2351, 12.483 ], [ 77.2362, 12.47 ], [ 77.2434, 12.47 ], [ 77.2452, 12.468 ], [ 77.2542, 12.4703 ], [ 77.2576, 12.4635 ], [ 77.2643, 12.4616 ], [ 77.2641, 12.4589 ], [ 77.2548, 12.4539 ], [ 77.2525, 12.4455 ], [ 77.2545, 12.4341 ], [ 77.2489, 12.4329 ], [ 77.2463, 12.4386 ], [ 77.2366, 12.4395 ], [ 77.234, 12.4376 ], [ 77.2224, 12.4405 ], [ 77.2225, 12.4465 ], [ 77.2169, 12.4462 ], [ 77.2147, 12.4525 ], [ 77.2258, 12.4547 ], [ 77.2285, 12.4516 ], [ 77.227, 12.4554 ], [ 77.2288, 12.4692 ], [ 77.2255, 12.4744 ], [ 77.2272, 12.4795 ], [ 77.2296, 12.4798 ], [ 77.2298, 12.4837 ], [ 77.2351, 12.483 ] ] ], [ [ [ 77.235, 12.4866 ], [ 77.2222, 12.4915 ], [ 77.2241, 12.5026 ], [ 77.2379, 12.4998 ], [ 77.2385, 12.489 ], [ 77.235, 12.4866 ] ] ] ] } },
{ "type": "Feature", "properties": { "code": "219305", "name": "MAREHALLI", "taluk": "Malavalli" }, "geometry": { "type": "MultiPolygon", "coordinates": [ [ [ [ 77.0739, 12.3772 ], [ 77.0929, 12.3704 ], [ 77.0959, 12.3703 ], [ 77.0956, 12.3723 ], [ 77.0991, 12.3645 ], [ 77.1046, 12.364 ], [ 77.1058, 12.3596 ], [ 77.1031, 12.3456 ], [ 77.0844, 12.3457 ], [ 77.0785, 12.3418 ], [ 77.0648, 12.3411 ], [ 77.0607, 12.3451 ], [ 77.0537, 12.347 ], [ 77.0511, 12.3575 ], [ 77.0526, 12.3697 ], [ 77.0568, 12.3701 ], [ 77.0588, 12.3741 ], [ 77.067, 12.3776 ], [ 77.0739, 12.3772 ] ] ], [ [ [ 77.0753, 12.4033 ], [ 77.0761, 12.39 ], [ 77.0623, 12.3893 ], [ 77.0581, 12.3918 ], [ 77.0577, 12.3888 ], [ 77.0513, 12.391 ], [ 77.0446, 12.3897 ], [ 77.0453, 12.3972 ], [ 77.0547, 12.3981 ], [ 77.0672, 12.4138 ], [ 77.0701, 12.4126 ], [ 77.072, 12.4041 ], [ 77.0753, 12.4033 ] ] ] ] } },
{ "type": "Feature", "properties": { "code": "219306", "name": "MIKKERE", "taluk": "Malavalli" }, "geometry": { "type": "Polygon", "coordinates": [ [ [ 76.9434, 12.4243 ], [ 76.9608, 12.4179 ], [ 76.9647, 12.421 ], [ 76.9669, 12.4166 ], [ 76.9654, 12.4098 ], [ 76.9625, 12.408 ], [ 76.9661, 12.3974 ], [ 76.9807, 12.3955 ], [ 76.9629, 12.3806 ], [ 76.96, 12.3799 ], [ 76.9499, 12.3917 ], [ 76.9481, 12.3917 ], [ 76.9483, 12.3875 ], [ 76.9364, 12.3855 ], [ 76.9376, 12.4006 ], [ 76.9269, 12.4182 ], [ 76.9276, 12.4214 ], [ 76.9338, 12.4235 ], [ 76.9381, 12.4211 ], [ 76.9434, 12.4243 ] ] ] } },
{ "type": "Feature", "properties": { "code": "219307", "name": "NELAMAKANAHALLI", "taluk": "Malavalli" }, "geometry": { "type": "Polygon", "coordinates": [ [ [ 77.0698, 12.4515 ], [ 77.074, 12.4497 ], [ 77.0763, 12.4413 ], [ 77.0726, 12.4402 ], [ 77.0741, 12.4342 ], [ 77.0707, 12.4322 ], [ 77.0719, 12.4273 ], [ 77.0657, 12.4237 ], [ 77.0672, 12.4138 ], [ 77.0547, 12.3981 ], [ 77.0453, 12.3972 ], [ 77.0455, 12.4136 ], [ 77.0377, 12.4156 ], [ 77.0364, 12.4434 ], [ 77.0418, 12.4465 ], [ 77.0698, 12.4515 ] ] ] } },
{ "type": "Feature", "properties": { "code": "219308", "name": "NIDAGHATTA", "taluk": "Malavalli" }, "geometry": { "type": "Polygon", "coordinates": [ [ [ 77.1103, 12.4032 ], [ 77.1154, 12.4002 ], [ 77.1109, 12.4012 ], [ 77.1104, 12.3903 ], [ 77.1141, 12.3898 ], [ 77.1154, 12.3794 ], [ 77.1215, 12.3795 ], [ 77.1207, 12.3722 ], [ 77.1241, 12.3601 ], [ 77.1165, 12.3617 ], [ 77.1058, 12.3598 ], [ 77.1046, 12.364 ], [ 77.0991, 12.3645 ], [ 77.0956, 12.3723 ], [ 77.0959, 12.3703 ], [ 77.0931, 12.3704 ], [ 77.0755, 12.3745 ], [ 77.0739, 12.3772 ], [ 77.0752, 12.3847 ], [ 77.0811, 12.3869 ], [ 77.076, 12.3894 ], [ 77.0766, 12.3925 ], [ 77.0946, 12.394 ], [ 77.0922, 12.409 ], [ 77.1043, 12.4204 ], [ 77.1079, 12.4196 ], [ 77.1082, 12.4066 ], [ 77.1103, 12.4032 ] ] ] } },
{ "type": "Feature", "properties": { "code": "219309", "name": "NITTURU", "taluk": "Malavalli" }, "geometry": { "type": "MultiPolygon", "coordinates": [ [ [ [ 77.086, 12.4146 ], [ 77.0921, 12.4093 ], [ 77.0946, 12.394 ], [ 77.0766, 12.3925 ], [ 77.0753, 12.4033 ], [ 77.0718, 12.4044 ], [ 77.0701, 12.4126 ], [ 77.0764, 12.415 ], [ 77.086, 12.4146 ] ] ], [ [ [ 77.2257, 12.4887 ], [ 77.2255, 12.4741 ], [ 77.2288, 12.4692 ], [ 77.227, 12.4554 ], [ 77.2285, 12.4516 ], [ 77.224, 12.4546 ], [ 77.2054, 12.4529 ], [ 77.1953, 12.4486 ], [ 77.1953, 12.4515 ], [ 77.2013, 12.4551 ], [ 77.2008, 12.4646 ], [ 77.1907, 12.464 ], [ 77.182, 12.4687 ], [ 77.1777, 12.4739 ], [ 77.1657, 12.4783 ], [ 77.1681, 12.4853 ], [ 77.1759, 12.4826 ], [ 77.1782, 12.4793 ], [ 77.1978, 12.4832 ], [ 77.2002, 12.4905 ], [ 77.2059, 12.4906 ], [ 77.2066, 12.485 ], [ 77.2136, 12.4853 ], [ 77.2167, 12.4923 ], [ 77.2257, 12.4887 ] ] ] ] } },
{ "type": "Feature", "properties": { "code": "219310", "name": "PANDITHAHALLI", "taluk": "Malavalli" }, "geometry": { "type": "Polygon", "coordinates": [ [ [ 77.0857, 12.3458 ], [ 77.1033, 12.3456 ], [ 77.1065, 12.3378 ], [ 77.1087, 12.338 ], [ 77.1063, 12.3277 ], [ 77.1194, 12.3294 ], [ 77.1224, 12.3337 ], [ 77.1201, 12.3382 ], [ 77.1227, 12.3397 ], [ 77.1445, 12.3435 ], [ 77.1569, 12.3186 ], [ 77.1358, 12.3077 ], [ 77.1256, 12.3074 ], [ 77.125, 12.3028 ], [ 77.1194, 12.2982 ], [ 77.098, 12.2913 ], [ 77.0882, 12.2917 ], [ 77.0852, 12.3061 ], [ 77.0879, 12.3137 ], [ 77.0841, 12.3194 ], [ 77.084, 12.3262 ], [ 77.0765, 12.3305 ], [ 77.0743, 12.3417 ], [ 77.0857, 12.3458 ] ] ] } },
{ "type": "Feature", "properties": { "code": "219311", "name": "PURIGALI", "taluk": "Malavalli" }, "geometry": { "type": "MultiPolygon", "coordinates": [ [ [ [ 77.0178, 12.285 ], [ 77.0197, 12.2795 ], [ 77.024, 12.276 ], [ 77.0228, 12.2603 ], [ 77.0263, 12.2619 ], [ 77.0285, 12.2586 ], [ 77.0308, 12.26 ], [ 77.035, 12.2579 ], [ 77.0363, 12.2558 ], [ 77.0324, 12.2542 ], [ 77.0351, 12.2542 ], [ 77.0351, 12.2479 ], [ 77.0399, 12.2453 ], [ 77.0359, 12.2424 ], [ 77.0364, 12.237 ], [ 77.0332, 12.2428 ], [ 77.0299, 12.243 ], [ 77.0345, 12.2331 ], [ 77.0261, 12.244 ], [ 77.0276, 12.2525 ], [ 77.0244, 12.2579 ], [ 77.0213, 12.2568 ], [ 77.0218, 12.2513 ], [ 77.0231, 12.255 ], [ 77.0245, 12.2513 ], [ 77.0215, 12.2419 ], [ 77.01, 12.2447 ], [ 76.9953, 12.2422 ], [ 76.9938, 12.2518 ], [ 76.9896, 12.2561 ], [ 76.9904, 12.2774 ], [ 76.9957, 12.2788 ], [ 77.001, 12.2771 ], [ 77.0051, 12.2857 ], [ 77.0097, 12.2855 ], [ 77.0113, 12.2878 ], [ 77.0178, 12.285 ] ] ], [ [ [ 76.9794, 12.2725 ], [ 76.9857, 12.2606 ], [ 76.9824, 12.2545 ], [ 76.972, 12.2534 ], [ 76.9691, 12.2586 ], [ 76.9696, 12.275 ], [ 76.9794, 12.2725 ] ] ], [ [ [ 77.2921, 12.3865 ], [ 77.2884, 12.3617 ], [ 77.2818, 12.3643 ], [ 77.2718, 12.3639 ], [ 77.2717, 12.3682 ], [ 77.2666, 12.3702 ], [ 77.2489, 12.3744 ], [ 77.2362, 12.3748 ], [ 77.235, 12.3777 ], [ 77.2401, 12.3903 ], [ 77.2382, 12.3988 ], [ 77.2498, 12.4053 ], [ 77.2859, 12.3931 ], [ 77.2921, 12.3865 ] ], [ [ 77.2484, 12.3795 ], [ 77.2459, 12.3824 ], [ 77.2438, 12.381 ], [ 77.2468, 12.3782 ], [ 77.2484, 12.3795 ] ] ] ] } },
{ "type": "Feature", "properties": { "code": "219312", "name": "RAGIBOMMANAHALLI", "taluk": "Malavalli" }, "geometry": { "type": "Polygon", "coordinates": [ [ [ 77.0403, 12.3756 ], [ 77.0503, 12.3731 ], [ 77.0496, 12.3686 ], [ 77.0525, 12.3687 ], [ 77.0509, 12.3569 ], [ 77.0329, 12.3468 ], [ 77.0305, 12.3282 ], [ 77.026, 12.3222 ], [ 77.014, 12.3205 ], [ 77.0128, 12.3159 ], [ 76.999, 12.3174 ], [ 77.0017, 12.3268 ], [ 76.9983, 12.3273 ], [ 76.999, 12.3338 ], [ 77.0027, 12.3363 ], [ 77.0055, 12.349 ], [ 77.0142, 12.348 ], [ 77.0168, 12.35 ], [ 77.0143, 12.3528 ], [ 77.0076, 12.3514 ], [ 77.0106, 12.3572 ], [ 77.006, 12.3602 ], [ 77.012, 12.3594 ], [ 77.0161, 12.3561 ], [ 77.0194, 12.3699 ], [ 77.0403, 12.3756 ] ] ] } },
{ "type": "Feature", "properties": { "code": "219313", "name": "SARGURU", "taluk": "Malavalli" }, "geometry": { "type": "MultiPolygon", "coordinates": [ [ [ [ 77.0235, 12.2574 ], [ 77.0276, 12.2527 ], [ 77.0261, 12.244 ], [ 77.028, 12.2439 ], [ 77.0301, 12.237 ], [ 77.0148, 12.2432 ], [ 77.0215, 12.2419 ], [ 77.0236, 12.2438 ], [ 77.0216, 12.2457 ], [ 77.0236, 12.2461 ], [ 77.024, 12.2546 ], [ 77.0218, 12.2512 ], [ 77.0213, 12.2564 ], [ 77.0235, 12.2574 ] ] ], [ [ [ 77.0411, 12.3164 ], [ 77.0564, 12.3155 ], [ 77.0579, 12.2776 ], [ 77.0505, 12.254 ], [ 77.0576, 12.2499 ], [ 77.0556, 12.2389 ], [ 77.0493, 12.2385 ], [ 77.0471, 12.2337 ], [ 77.0372, 12.234 ], [ 77.0363, 12.2322 ], [ 77.0299, 12.243 ], [ 77.0332, 12.2428 ], [ 77.0364, 12.237 ], [ 77.0359, 12.2424 ], [ 77.0399, 12.2453 ], [ 77.0351, 12.2479 ], [ 77.0351, 12.2542 ], [ 77.0324, 12.2542 ], [ 77.0363, 12.2558 ], [ 77.035, 12.2579 ], [ 77.0308, 12.26 ], [ 77.0285, 12.2586 ], [ 77.0263, 12.2619 ], [ 77.0228, 12.2603 ], [ 77.0232, 12.2735 ], [ 77.0299, 12.2749 ], [ 77.0328, 12.2726 ], [ 77.0383, 12.2768 ], [ 77.0343, 12.2817 ], [ 77.0384, 12.2978 ], [ 77.0381, 12.3016 ], [ 77.0362, 12.3016 ], [ 77.0364, 12.3105 ], [ 77.0346, 12.3104 ], [ 77.0359, 12.3134 ], [ 77.0411, 12.3164 ] ] ] ] } },
{ "type": "Feature", "properties": { "code": "219314", "name": "SETTIHALLI", "taluk": "Malavalli" }, "geometry": { "type": "MultiPolygon", "coordinates": [ [ [ [ 77.0164, 12.3763 ], [ 77.0194, 12.3699 ], [ 77.0164, 12.3563 ], [ 77.0117, 12.3595 ], [ 77.0058, 12.3589 ], [ 77.0106, 12.3572 ], [ 77.0076, 12.3514 ], [ 77.0152, 12.3525 ], [ 77.0165, 12.3488 ], [ 77.0055, 12.349 ], [ 77.0007, 12.3565 ], [ 77.0042, 12.376 ], [ 77.0164, 12.3763 ] ] ], [ [ [ 77.0453, 12.4138 ], [ 77.0451, 12.3915 ], [ 77.0442, 12.3881 ], [ 77.0409, 12.387 ], [ 77.0403, 12.3756 ], [ 77.027, 12.3711 ], [ 77.0281, 12.3781 ], [ 77.0203, 12.3827 ], [ 77.0241, 12.3917 ], [ 77.0256, 12.4131 ], [ 77.0453, 12.4138 ] ] ], [ [ [ 77.0028, 12.4049 ], [ 77.0166, 12.4048 ], [ 77.0177, 12.4021 ], [ 77.0099, 12.4001 ], [ 77.0029, 12.4023 ], [ 77.0028, 12.4049 ] ] ] ] } },
{ "type": "Feature", "properties": { "code": "219315", "name": "SUJJALUR", "taluk": "Malavalli" }, "geometry": { "type": "Polygon", "coordinates": [ [ [ 77.0042, 12.376 ], [ 77.0008, 12.3598 ], [ 77.0012, 12.3538 ], [ 77.002, 12.3518 ], [ 77.0044, 12.3524 ], [ 77.0055, 12.3487 ], [ 77.0027, 12.3363 ], [ 76.999, 12.3338 ], [ 76.9983, 12.3273 ], [ 77.0017, 12.3268 ], [ 76.999, 12.3174 ], [ 77.0128, 12.3159 ], [ 77.0122, 12.3012 ], [ 77.0147, 12.2998 ], [ 77.0154, 12.2929 ], [ 77.0097, 12.2855 ], [ 76.9924, 12.2852 ], [ 76.9906, 12.2831 ], [ 76.9907, 12.287 ], [ 76.9862, 12.2851 ], [ 76.9727, 12.2892 ], [ 76.9718, 12.2939 ], [ 76.977, 12.3071 ], [ 76.9808, 12.3071 ], [ 76.9874, 12.3008 ], [ 76.993, 12.3006 ], [ 76.9979, 12.313 ], [ 76.9914, 12.3136 ], [ 76.9914, 12.3162 ], [ 76.9872, 12.3194 ], [ 76.9866, 12.3334 ], [ 76.9817, 12.327 ], [ 76.9768, 12.3277 ], [ 76.9769, 12.3528 ], [ 76.9597, 12.3549 ], [ 76.959, 12.3615 ], [ 76.965, 12.3657 ], [ 76.9755, 12.3608 ], [ 76.9844, 12.3621 ], [ 76.9862, 12.3744 ], [ 76.9908, 12.3801 ], [ 77.0042, 12.376 ] ] ] } },
{ "type": "Feature", "properties": { "code": "219316", "name": "TALAGAVADI", "taluk": "Malavalli" }, "geometry": { "type": "Polygon", "coordinates": [ [ [ 77.0325, 12.4439 ], [ 77.0364, 12.4434 ], [ 77.0388, 12.4151 ], [ 77.0292, 12.4119 ], [ 77.0256, 12.4131 ], [ 77.0235, 12.4215 ], [ 77.0052, 12.4267 ], [ 76.9962, 12.4393 ], [ 76.9981, 12.442 ], [ 77.0099, 12.4445 ], [ 77.0329, 12.4463 ], [ 77.0325, 12.4439 ] ] ] } },
{ "type": "Feature", "properties": { "code": "219317", "name": "THOREKADANAHALLI", "taluk": "Malavalli" }, "geometry": { "type": "MultiPolygon", "coordinates": [ [ [ [ 77.2127, 12.3961 ], [ 77.2112, 12.4075 ], [ 77.2207, 12.4081 ], [ 77.2168, 12.397 ], [ 77.2127, 12.3961 ] ] ], [ [ [ 77.2054, 12.4529 ], [ 77.2166, 12.4511 ], [ 77.2169, 12.4462 ], [ 77.2228, 12.4452 ], [ 77.2225, 12.4388 ], [ 77.2188, 12.4388 ], [ 77.2204, 12.4282 ], [ 77.2149, 12.4285 ], [ 77.2138, 12.4263 ], [ 77.2172, 12.426 ], [ 77.2178, 12.4215 ], [ 77.215, 12.4194 ], [ 77.2189, 12.4199 ], [ 77.2194, 12.4172 ], [ 77.2107, 12.418 ], [ 77.2104, 12.4133 ], [ 77.1999, 12.4098 ], [ 77.199, 12.4038 ], [ 77.1947, 12.4068 ], [ 77.1934, 12.4169 ], [ 77.1976, 12.4263 ], [ 77.1835, 12.4284 ], [ 77.1807, 12.4302 ], [ 77.1806, 12.4334 ], [ 77.1895, 12.438 ], [ 77.1904, 12.4455 ], [ 77.1961, 12.4492 ], [ 77.2054, 12.4529 ] ] ], [ [ [ 77.2309, 12.4353 ], [ 77.2235, 12.4358 ], [ 77.2237, 12.4406 ], [ 77.2325, 12.4378 ], [ 77.2309, 12.4353 ] ] ] ] } },
{ "type": "Feature", "properties": { "code": "219318", "name": "YATHAMBADI", "taluk": "Malavalli" }, "geometry": { "type": "MultiPolygon", "coordinates": [ [ [ [ 77.1756, 12.4748 ], [ 77.1919, 12.4619 ], [ 77.1909, 12.4402 ], [ 77.1806, 12.4334 ], [ 77.1806, 12.4305 ], [ 77.188, 12.4272 ], [ 77.1973, 12.4266 ], [ 77.1969, 12.4224 ], [ 77.1934, 12.4169 ], [ 77.1696, 12.4155 ], [ 77.1687, 12.4281 ], [ 77.1591, 12.4313 ], [ 77.1493, 12.4192 ], [ 77.1425, 12.42 ], [ 77.14, 12.4365 ], [ 77.1479, 12.4384 ], [ 77.1562, 12.4362 ], [ 77.157, 12.4479 ], [ 77.1525, 12.4521 ], [ 77.1508, 12.459 ], [ 77.1521, 12.4682 ], [ 77.1578, 12.4755 ], [ 77.1648, 12.475 ], [ 77.1657, 12.4783 ], [ 77.1756, 12.4748 ] ] ], [ [ [ 77.1323, 12.4565 ], [ 77.1313, 12.4606 ], [ 77.1395, 12.4614 ], [ 77.138, 12.4579 ], [ 77.1323, 12.4565 ] ] ] ] } },
{ "type": "Feature", "properties": { "code": "219319", "name": "ALAKERE", "taluk": "Mandya" }, "geometry": { "type": "Polygon", "coordinates": [ [ [ 76.9695, 12.6266 ], [ 76.9826, 12.6255 ], [ 76.9858, 12.617 ], [ 76.9862, 12.6063 ], [ 76.9837, 12.6035 ], [ 76.9874, 12.6011 ], [ 76.9853, 12.5976 ], [ 76.9918, 12.5994 ], [ 76.9968, 12.5849 ], [ 76.9868, 12.5811 ], [ 76.9791, 12.582 ], [ 76.9697, 12.5892 ], [ 76.9564, 12.5888 ], [ 76.9559, 12.6061 ], [ 76.9616, 12.6077 ], [ 76.9673, 12.6139 ], [ 76.9736, 12.6146 ], [ 76.9695, 12.6266 ] ] ] } },
{ "type": "Feature", "properties": { "code": "219320", "name": "B.GOWDAGERE", "taluk": "Mandya" }, "geometry": { "type": "Polygon", "coordinates": [ [ [ 76.977, 12.5602 ], [ 76.9772, 12.5569 ], [ 76.9971, 12.556 ], [ 76.999, 12.5414 ], [ 76.9669, 12.5371 ], [ 76.9672, 12.5603 ], [ 76.977, 12.5602 ] ] ] } },
{ "type": "Feature", "properties": { "code": "219321", "name": "B.HOSUR", "taluk": "Mandya" }, "geometry": { "type": "Polygon", "coordinates": [ [ [ 76.881, 12.6451 ], [ 76.8821, 12.6426 ], [ 76.892, 12.6443 ], [ 76.8987, 12.6408 ], [ 76.9012, 12.6296 ], [ 76.9054, 12.6246 ], [ 76.8979, 12.618 ], [ 76.8882, 12.6153 ], [ 76.8843, 12.6052 ], [ 76.8873, 12.6017 ], [ 76.892, 12.5853 ], [ 76.8915, 12.5802 ], [ 76.8831, 12.5812 ], [ 76.8772, 12.6044 ], [ 76.8629, 12.6021 ], [ 76.8435, 12.6082 ], [ 76.842, 12.6151 ], [ 76.8419, 12.6255 ], [ 76.8488, 12.6249 ], [ 76.8508, 12.6341 ], [ 76.881, 12.6451 ] ] ] } },
{ "type": "Feature", "properties": { "code": "219322", "name": "BABY", "taluk": "Mandya" }, "geometry": { "type": "Polygon", "coordinates": [ [ [ 76.8455, 12.7083 ], [ 76.8664, 12.7091 ], [ 76.8677, 12.691 ], [ 76.8843, 12.6885 ], [ 76.881, 12.6777 ], [ 76.8656, 12.6734 ], [ 76.857, 12.6734 ], [ 76.8427, 12.6778 ], [ 76.8263, 12.6683 ], [ 76.818, 12.6696 ], [ 76.8157, 12.664 ], [ 76.8106, 12.6647 ], [ 76.8105, 12.6858 ], [ 76.8213, 12.6858 ], [ 76.8271, 12.6912 ], [ 76.8288, 12.6977 ], [ 76.8417, 12.6975 ], [ 76.8455, 12.7083 ] ] ] } },
{ "type": "Feature", "properties": { "code": "219323", "name": "BASARALU", "taluk": "Mandya" }, "geometry": { "type": "Polygon", "coordinates": [ [ [ 76.7924, 12.7412 ], [ 76.7942, 12.7373 ], [ 76.7987, 12.7382 ], [ 76.805, 12.7304 ], [ 76.8098, 12.7311 ], [ 76.8185, 12.7404 ], [ 76.8239, 12.7406 ], [ 76.8265, 12.7277 ], [ 76.8334, 12.7287 ], [ 76.8276, 12.7234 ], [ 76.8338, 12.7226 ], [ 76.8357, 12.7176 ], [ 76.8266, 12.7064 ], [ 76.8262, 12.7027 ], [ 76.8301, 12.6984 ], [ 76.8271, 12.6959 ], [ 76.8271, 12.6912 ], [ 76.8213, 12.6858 ], [ 76.8119, 12.6862 ], [ 76.809, 12.6828 ], [ 76.7986, 12.6841 ], [ 76.8009, 12.6965 ], [ 76.79, 12.699 ], [ 76.7872, 12.696 ], [ 76.758, 12.7033 ], [ 76.7596, 12.7238 ], [ 76.7685, 12.7222 ], [ 76.775, 12.7251 ], [ 76.7773, 12.7374 ], [ 76.7814, 12.7439 ], [ 76.7924, 12.7412 ] ] ] } },
{ "type": "Feature", "properties": { "code": "219324", "name": "BELUR", "taluk": "Mandya" }, "geometry": { "type": "Polygon", "coordinates": [ [ [ 76.9365, 12.5429 ], [ 76.9399, 12.5359 ], [ 76.944, 12.535 ], [ 76.9495, 12.539 ], [ 76.9706, 12.5372 ], [ 76.9696, 12.5226 ], [ 76.9736, 12.5224 ], [ 76.974, 12.5187 ], [ 76.9519, 12.5189 ], [ 76.9453, 12.5132 ], [ 76.9414, 12.513 ], [ 76.9422, 12.5201 ], [ 76.9388, 12.5224 ], [ 76.9388, 12.5197 ], [ 76.9317, 12.519 ], [ 76.9298, 12.5146 ], [ 76.9327, 12.5079 ], [ 76.9377, 12.5092 ], [ 76.9384, 12.5063 ], [ 76.9319, 12.5051 ], [ 76.9305, 12.5089 ], [ 76.9258, 12.5096 ], [ 76.914, 12.5086 ], [ 76.9079, 12.498 ], [ 76.8962, 12.4991 ], [ 76.8945, 12.5139 ], [ 76.8992, 12.5149 ], [ 76.8992, 12.5117 ], [ 76.9089, 12.5106 ], [ 76.9097, 12.5196 ], [ 76.9243, 12.5235 ], [ 76.9257, 12.5297 ], [ 76.9217, 12.5356 ], [ 76.9153, 12.5383 ], [ 76.9149, 12.5419 ], [ 76.9204, 12.5416 ], [ 76.9264, 12.5455 ], [ 76.9365, 12.5429 ] ] ] } },
{ "type": "Feature", "properties": { "code": "219325", "name": "BEVINAHALLI", "taluk": "Mandya" }, "geometry": { "type": "MultiPolygon", "coordinates": [ [ [ [ 76.8545, 12.4849 ], [ 76.852, 12.478 ], [ 76.8532, 12.4706 ], [ 76.8476, 12.4649 ], [ 76.8412, 12.4675 ], [ 76.8421, 12.4761 ], [ 76.8371, 12.4777 ], [ 76.8344, 12.4851 ], [ 76.8485, 12.4916 ], [ 76.8545, 12.4849 ] ] ], [ [ [ 76.8815, 12.5134 ], [ 76.8897, 12.5101 ], [ 76.8792, 12.4989 ], [ 76.8817, 12.4832 ], [ 76.8643, 12.4804 ], [ 76.8571, 12.4898 ], [ 76.8505, 12.4928 ], [ 76.8582, 12.4974 ], [ 76.8581, 12.5045 ], [ 76.8728, 12.5002 ], [ 76.872, 12.5053 ], [ 76.8753, 12.5104 ], [ 76.8815, 12.5134 ] ] ] ] } },
{ "type": "Feature", "properties": { "code": "219326", "name": "BEVUKAL", "taluk": "Mandya" }, "geometry": { "type": "Polygon", "coordinates": [ [ [ 76.7572, 12.6563 ], [ 76.7553, 12.6526 ], [ 76.76, 12.6509 ], [ 76.7598, 12.6474 ], [ 76.7751, 12.6497 ], [ 76.7761, 12.6351 ], [ 76.7794, 12.6319 ], [ 76.7803, 12.6205 ], [ 76.787, 12.619 ], [ 76.7915, 12.6148 ], [ 76.7886, 12.6107 ], [ 76.7877, 12.6028 ], [ 76.7778, 12.602 ], [ 76.7763, 12.5933 ], [ 76.7677, 12.5889 ], [ 76.7686, 12.5873 ], [ 76.7395, 12.5898 ], [ 76.7331, 12.5939 ], [ 76.7294, 12.6037 ], [ 76.7294, 12.613 ], [ 76.7345, 12.6195 ], [ 76.7328, 12.6228 ], [ 76.7357, 12.6345 ], [ 76.7333, 12.6381 ], [ 76.7353, 12.6431 ], [ 76.7341, 12.6477 ], [ 76.7391, 12.6483 ], [ 76.7456, 12.6547 ], [ 76.7572, 12.6563 ] ] ] } },
{ "type": "Feature", "properties": { "code": "219327", "name": "BOODANUR", "taluk": "Mandya" }, "geometry": { "type": "Polygon", "coordinates": [ [ [ 76.9672, 12.5563 ], [ 76.9669, 12.5371 ], [ 76.9543, 12.5373 ], [ 76.9529, 12.5392 ], [ 76.944, 12.535 ], [ 76.9399, 12.5359 ], [ 76.9361, 12.5444 ], [ 76.9388, 12.559 ], [ 76.9441, 12.5574 ], [ 76.9495, 12.5618 ], [ 76.9588, 12.5558 ], [ 76.9672, 12.5563 ] ] ] } },
{ "type": "Feature", "properties": { "code": "219328", "name": "CHANDAGALU", "taluk": "Mandya" }, "geometry": { "type": "Polygon", "coordinates": [ [ [ 76.8975, 12.7298 ], [ 76.9158, 12.715 ], [ 76.9251, 12.715 ], [ 76.9313, 12.7097 ], [ 76.947, 12.7064 ], [ 76.9457, 12.701 ], [ 76.9373, 12.703 ], [ 76.9295, 12.6909 ], [ 76.914, 12.6887 ], [ 76.8989, 12.6925 ], [ 76.8889, 12.6993 ], [ 76.8664, 12.7091 ], [ 76.8733, 12.7227 ], [ 76.8891, 12.7249 ], [ 76.8975, 12.7298 ] ] ] } },
{ "type": "Feature", "properties": { "code": "219329", "name": "CHANDAGALU (DUDDA)", "taluk": "Mandya" }, "geometry": { "type": "Polygon", "coordinates": [ [ [ 76.8218, 12.5557 ], [ 76.8248, 12.5492 ], [ 76.8403, 12.5459 ], [ 76.8409, 12.5367 ], [ 76.836, 12.5253 ], [ 76.8208, 12.5245 ], [ 76.8098, 12.5304 ], [ 76.8134, 12.5422 ], [ 76.8033, 12.5505 ], [ 76.8062, 12.5532 ], [ 76.8218, 12.5557 ] ] ] } },
{ "type": "Feature", "properties": { "code": "219330", "name": "DODDAGARUDANAHALLI", "taluk": "Mandya" }, "geometry": { "type": "MultiPolygon", "coordinates": [ [ [ [ 76.9428, 12.6349 ], [ 76.9686, 12.6336 ], [ 76.9701, 12.6278 ], [ 76.9639, 12.6241 ], [ 76.9495, 12.6219 ], [ 76.9439, 12.6248 ], [ 76.9428, 12.6349 ] ] ], [ [ [ 76.8656, 12.6734 ], [ 76.881, 12.6777 ], [ 76.9006, 12.6755 ], [ 76.8992, 12.6705 ], [ 76.8932, 12.6624 ], [ 76.8884, 12.6601 ], [ 76.8884, 12.6574 ], [ 76.881, 12.6558 ], [ 76.8487, 12.6573 ], [ 76.8421, 12.6556 ], [ 76.8397, 12.6515 ], [ 76.8365, 12.6539 ], [ 76.8403, 12.6646 ], [ 76.8387, 12.6758 ], [ 76.8427, 12.6778 ], [ 76.857, 12.6734 ], [ 76.8656, 12.6734 ] ] ], [ [ [ 76.8888, 12.6919 ], [ 76.8843, 12.6885 ], [ 76.8677, 12.691 ], [ 76.8664, 12.7091 ], [ 76.8889, 12.6993 ], [ 76.8989, 12.6925 ], [ 76.8888, 12.6919 ] ] ] ] } },
{ "type": "Feature", "properties": { "code": "219331", "name": "DUDDA", "taluk": "Mandya" }, "geometry": { "type": "Polygon", "coordinates": [ [ [ 76.7803, 12.6338 ], [ 76.8035, 12.6267 ], [ 76.8043, 12.6335 ], [ 76.8063, 12.6334 ], [ 76.8284, 12.6295 ], [ 76.8333, 12.6252 ], [ 76.8264, 12.6074 ], [ 76.8206, 12.6082 ], [ 76.823, 12.5982 ], [ 76.8099, 12.5975 ], [ 76.8038, 12.6011 ], [ 76.7961, 12.5878 ], [ 76.7781, 12.5903 ], [ 76.7763, 12.5933 ], [ 76.7778, 12.602 ], [ 76.7877, 12.6028 ], [ 76.7886, 12.6107 ], [ 76.7915, 12.6148 ], [ 76.787, 12.619 ], [ 76.7803, 12.6205 ], [ 76.7803, 12.6338 ] ] ] } },
{ "type": "Feature", "properties": { "code": "219332", "name": "G.MALLIGERE", "taluk": "Mandya" }, "geometry": { "type": "Polygon", "coordinates": [ [ [ 76.7316, 12.6773 ], [ 76.7421, 12.6816 ], [ 76.7551, 12.6822 ], [ 76.7554, 12.6723 ], [ 76.7611, 12.662 ], [ 76.7602, 12.6576 ], [ 76.7456, 12.6547 ], [ 76.7391, 12.6483 ], [ 76.7335, 12.6477 ], [ 76.724, 12.6495 ], [ 76.717, 12.6571 ], [ 76.7064, 12.6624 ], [ 76.7176, 12.6825 ], [ 76.7195, 12.6915 ], [ 76.7307, 12.6849 ], [ 76.7316, 12.6773 ] ] ] } },
{ "type": "Feature", "properties": { "code": "219333", "name": "GANADALU", "taluk": "Mandya" }, "geometry": { "type": "Polygon", "coordinates": [ [ [ 76.838, 12.5777 ], [ 76.8411, 12.5716 ], [ 76.847, 12.5719 ], [ 76.85, 12.5676 ], [ 76.8472, 12.5664 ], [ 76.8447, 12.559 ], [ 76.8391, 12.5576 ], [ 76.836, 12.5595 ], [ 76.8236, 12.5539 ], [ 76.8218, 12.5557 ], [ 76.8062, 12.5532 ], [ 76.8032, 12.5498 ], [ 76.799, 12.5499 ], [ 76.798, 12.5582 ], [ 76.787, 12.5588 ], [ 76.7905, 12.5641 ], [ 76.8189, 12.5662 ], [ 76.8232, 12.5768 ], [ 76.8281, 12.575 ], [ 76.838, 12.5777 ] ] ] } },
{ "type": "Feature", "properties": { "code": "219334", "name": "GOPALAPURA", "taluk": "Mandya" }, "geometry": { "type": "Polygon", "coordinates": [ [ [ 76.892, 12.5719 ], [ 76.8859, 12.5621 ], [ 76.8977, 12.5568 ], [ 76.8986, 12.5507 ], [ 76.8908, 12.5536 ], [ 76.8844, 12.5494 ], [ 76.8827, 12.5599 ], [ 76.878, 12.5591 ], [ 76.8719, 12.5634 ], [ 76.8668, 12.5734 ], [ 76.8831, 12.5812 ], [ 76.8915, 12.5802 ], [ 76.892, 12.5719 ] ] ] } },
{ "type": "Feature", "properties": { "code": "219335", "name": "H.MALLIGERE", "taluk": "Mandya" }, "geometry": { "type": "Polygon", "coordinates": [ [ [ 76.8435, 12.6082 ], [ 76.8629, 12.6021 ], [ 76.8772, 12.6044 ], [ 76.8831, 12.5812 ], [ 76.8668, 12.5734 ], [ 76.8719, 12.5634 ], [ 76.878, 12.5591 ], [ 76.8827, 12.5599 ], [ 76.8855, 12.5448 ], [ 76.8827, 12.5403 ], [ 76.8663, 12.5503 ], [ 76.8673, 12.5582 ], [ 76.8627, 12.5612 ], [ 76.8622, 12.5674 ], [ 76.8582, 12.5647 ], [ 76.8456, 12.571 ], [ 76.8457, 12.5735 ], [ 76.8497, 12.5731 ], [ 76.8541, 12.5785 ], [ 76.8595, 12.5884 ], [ 76.8492, 12.5896 ], [ 76.8414, 12.5965 ], [ 76.8444, 12.6046 ], [ 76.8435, 12.6082 ] ] ] } },
{ "type": "Feature", "properties": { "code": "219336", "name": "HALLEGERE", "taluk": "Mandya" }, "geometry": { "type": "Polygon", "coordinates": [ [ [ 76.8869, 12.6918 ], [ 76.914, 12.6887 ], [ 76.9217, 12.6908 ], [ 76.9193, 12.6741 ], [ 76.9294, 12.6592 ], [ 76.898, 12.6585 ], [ 76.881, 12.6558 ], [ 76.8884, 12.6574 ], [ 76.8884, 12.6601 ], [ 76.8932, 12.6624 ], [ 76.9002, 12.6729 ], [ 76.9006, 12.6755 ], [ 76.881, 12.6777 ], [ 76.8869, 12.6918 ] ] ] } },
{ "type": "Feature", "properties": { "code": "219337", "name": "HALUVADI", "taluk": "Mandya" }, "geometry": { "type": "MultiPolygon", "coordinates": [ [ [ [ 76.9319, 12.5051 ], [ 76.9289, 12.493 ], [ 76.934, 12.4933 ], [ 76.9342, 12.4805 ], [ 76.9416, 12.4783 ], [ 76.9422, 12.4676 ], [ 76.9296, 12.4665 ], [ 76.9238, 12.4684 ], [ 76.9185, 12.4745 ], [ 76.9192, 12.4853 ], [ 76.9079, 12.498 ], [ 76.914, 12.5086 ], [ 76.9305, 12.5089 ], [ 76.9319, 12.5051 ] ] ], [ [ [ 76.9089, 12.5106 ], [ 76.8992, 12.5117 ], [ 76.9013, 12.522 ], [ 76.9098, 12.518 ], [ 76.9089, 12.5106 ] ] ] ] } },
{ "type": "Feature", "properties": { "code": "219338", "name": "HANAKERE", "taluk": "Mandya" }, "geometry": { "type": "Polygon", "coordinates": [ [ [ 76.9868, 12.5811 ], [ 76.9906, 12.5559 ], [ 76.9772, 12.5569 ], [ 76.977, 12.5602 ], [ 76.9672, 12.5603 ], [ 76.9672, 12.5563 ], [ 76.9588, 12.5558 ], [ 76.9495, 12.5618 ], [ 76.9508, 12.5704 ], [ 76.9529, 12.5718 ], [ 76.9519, 12.5839 ], [ 76.9487, 12.5872 ], [ 76.9663, 12.5898 ], [ 76.9731, 12.5882 ], [ 76.9791, 12.582 ], [ 76.9868, 12.5811 ] ] ] } },
{ "type": "Feature", "properties": { "code": "219339", "name": "HODAGHATTA", "taluk": "Mandya" }, "geometry": { "type": "MultiPolygon", "coordinates": [ [ [ [ 76.9428, 12.6349 ], [ 76.9448, 12.6234 ], [ 76.9495, 12.6219 ], [ 76.9639, 12.6241 ], [ 76.97, 12.6275 ], [ 76.9736, 12.6146 ], [ 76.9673, 12.6139 ], [ 76.9616, 12.6077 ], [ 76.9569, 12.6069 ], [ 76.9351, 12.6112 ], [ 76.9358, 12.6087 ], [ 76.9311, 12.6013 ], [ 76.9169, 12.6029 ], [ 76.9063, 12.6071 ], [ 76.909, 12.6167 ], [ 76.9194, 12.6251 ], [ 76.9259, 12.6272 ], [ 76.9315, 12.6251 ], [ 76.9325, 12.6341 ], [ 76.9428, 12.6349 ] ] ], [ [ [ 76.8401, 12.6675 ], [ 76.8365, 12.6539 ], [ 76.8157, 12.664 ], [ 76.818, 12.6696 ], [ 76.8263, 12.6683 ], [ 76.8387, 12.6758 ], [ 76.8401, 12.6675 ] ] ] ] } },
{ "type": "Feature", "properties": { "code": "219340", "name": "HOLALU", "taluk": "Mandya" }, "geometry": { "type": "Polygon", "coordinates": [ [ [ 76.8472, 12.5664 ], [ 76.8582, 12.5647 ], [ 76.8622, 12.5674 ], [ 76.8627, 12.5612 ], [ 76.8673, 12.5582 ], [ 76.8663, 12.5503 ], [ 76.8753, 12.546 ], [ 76.8837, 12.5383 ], [ 76.8775, 12.5377 ], [ 76.856, 12.5502 ], [ 76.8513, 12.547 ], [ 76.8488, 12.5252 ], [ 76.836, 12.5253 ], [ 76.8409, 12.5367 ], [ 76.8403, 12.5459 ], [ 76.8248, 12.5492 ], [ 76.8236, 12.5539 ], [ 76.836, 12.5595 ], [ 76.8391, 12.5576 ], [ 76.8447, 12.559 ], [ 76.8472, 12.5664 ] ] ] } },
{ "type": "Feature", "properties": { "code": "219341", "name": "HULIVANA", "taluk": "Mandya" }, "geometry": { "type": "Polygon", "coordinates": [ [ [ 76.9054, 12.6246 ], [ 76.9086, 12.613 ], [ 76.9063, 12.6071 ], [ 76.9169, 12.6029 ], [ 76.9311, 12.6013 ], [ 76.9298, 12.591 ], [ 76.9324, 12.5824 ], [ 76.9294, 12.5791 ], [ 76.917, 12.5786 ], [ 76.9079, 12.5823 ], [ 76.904, 12.5809 ], [ 76.8994, 12.5847 ], [ 76.8915, 12.5866 ], [ 76.8873, 12.6017 ], [ 76.8843, 12.6052 ], [ 76.8854, 12.6083 ], [ 76.8882, 12.6153 ], [ 76.8979, 12.618 ], [ 76.9054, 12.6246 ] ] ] } },
{ "type": "Feature", "properties": { "code": "219342", "name": "HULLENAHALLI", "taluk": "Mandya" }, "geometry": { "type": "Polygon", "coordinates": [ [ [ 76.8024, 12.5999 ], [ 76.8111, 12.5978 ], [ 76.8156, 12.5874 ], [ 76.8228, 12.5796 ], [ 76.8189, 12.5662 ], [ 76.7905, 12.5641 ], [ 76.7846, 12.5556 ], [ 76.7837, 12.5497 ], [ 76.7804, 12.5491 ], [ 76.7738, 12.5389 ], [ 76.7676, 12.5351 ], [ 76.7614, 12.5458 ], [ 76.7575, 12.5719 ], [ 76.7602, 12.5798 ], [ 76.759, 12.5876 ], [ 76.7686, 12.5873 ], [ 76.7677, 12.5889 ], [ 76.7763, 12.5933 ], [ 76.7781, 12.5903 ], [ 76.7961, 12.5878 ], [ 76.8024, 12.5999 ] ] ] } },
{ "type": "Feature", "properties": { "code": "219343", "name": "INDUVALU", "taluk": "Mandya" }, "geometry": { "type": "Polygon", "coordinates": [ [ [ 76.8701, 12.5266 ], [ 76.869, 12.5192 ], [ 76.8717, 12.5186 ], [ 76.875, 12.513 ], [ 76.872, 12.5053 ], [ 76.8728, 12.5002 ], [ 76.8581, 12.5045 ], [ 76.8582, 12.4974 ], [ 76.8422, 12.4877 ], [ 76.8271, 12.4879 ], [ 76.8298, 12.4922 ], [ 76.828, 12.5013 ], [ 76.8322, 12.5059 ], [ 76.8304, 12.5082 ], [ 76.8312, 12.5249 ], [ 76.8536, 12.5251 ], [ 76.8632, 12.5223 ], [ 76.8701, 12.5266 ] ] ] } },
{ "type": "Feature", "properties": { "code": "219344", "name": "KAMBADAHALLI", "taluk": "Mandya" }, "geometry": { "type": "Polygon", "coordinates": [ [ [ 76.8603, 12.7498 ], [ 76.8556, 12.7315 ], [ 76.8703, 12.7273 ], [ 76.8733, 12.7227 ], [ 76.8664, 12.7091 ], [ 76.8531, 12.7075 ], [ 76.8496, 12.7097 ], [ 76.8442, 12.7066 ], [ 76.8417, 12.6975 ], [ 76.8301, 12.6984 ], [ 76.8262, 12.7027 ], [ 76.8266, 12.7064 ], [ 76.8357, 12.7176 ], [ 76.8338, 12.7226 ], [ 76.8276, 12.7234 ], [ 76.8334, 12.7287 ], [ 76.8265, 12.7277 ], [ 76.8239, 12.7406 ], [ 76.8185, 12.7404 ], [ 76.8216, 12.7483 ], [ 76.8421, 12.7504 ], [ 76.8434, 12.7539 ], [ 76.8603, 12.7498 ] ] ] } },
{ "type": "Feature", "properties": { "code": "219345", "name": "KANNALI", "taluk": "Mandya" }, "geometry": { "type": "Polygon", "coordinates": [ [ [ 77.0132, 12.5343 ], [ 77.013, 12.5259 ], [ 77.0037, 12.5243 ], [ 77.002, 12.521 ], [ 76.9975, 12.5203 ], [ 76.9962, 12.5161 ], [ 76.9858, 12.5233 ], [ 76.9696, 12.5226 ], [ 76.9706, 12.5372 ], [ 76.999, 12.5414 ], [ 76.9995, 12.5379 ], [ 77.0112, 12.5369 ], [ 77.0132, 12.5343 ] ] ] } },
{ "type": "Feature", "properties": { "code": "219346", "name": "KEELARA", "taluk": "Mandya" }, "geometry": { "type": "Polygon", "coordinates": [ [ [ 76.9351, 12.6112 ], [ 76.9569, 12.6069 ], [ 76.9548, 12.6022 ], [ 76.9564, 12.5888 ], [ 76.9324, 12.5824 ], [ 76.93, 12.5936 ], [ 76.9351, 12.6112 ] ] ] } },
{ "type": "Feature", "properties": { "code": "219347", "name": "KEREAGODU", "taluk": "Mandya" }, "geometry": { "type": "Polygon", "coordinates": [ [ [ 76.9294, 12.6592 ], [ 76.9328, 12.6485 ], [ 76.932, 12.6397 ], [ 76.9355, 12.6355 ], [ 76.9325, 12.6341 ], [ 76.9321, 12.6258 ], [ 76.9218, 12.6266 ], [ 76.909, 12.6167 ], [ 76.9086, 12.613 ], [ 76.8987, 12.6408 ], [ 76.892, 12.6443 ], [ 76.8821, 12.6426 ], [ 76.881, 12.6451 ], [ 76.876, 12.6419 ], [ 76.881, 12.6558 ], [ 76.898, 12.6585 ], [ 76.9294, 12.6592 ] ] ] } },
{ "type": "Feature", "properties": { "code": "219348", "name": "KOTHATHI", "taluk": "Mandya" }, "geometry": { "type": "Polygon", "coordinates": [ [ [ 76.8636, 12.4807 ], [ 76.8681, 12.4796 ], [ 76.8817, 12.4832 ], [ 76.8864, 12.4694 ], [ 76.8953, 12.468 ], [ 76.8949, 12.4525 ], [ 76.8893, 12.4544 ], [ 76.877, 12.4513 ], [ 76.8788, 12.4427 ], [ 76.8738, 12.4386 ], [ 76.8659, 12.4391 ], [ 76.8596, 12.4451 ], [ 76.8619, 12.461 ], [ 76.8662, 12.4679 ], [ 76.8532, 12.4706 ], [ 76.852, 12.478 ], [ 76.8545, 12.4849 ], [ 76.8485, 12.4916 ], [ 76.8505, 12.4928 ], [ 76.8571, 12.4898 ], [ 76.8636, 12.4807 ] ] ] } },
{ "type": "Feature", "properties": { "code": "219349", "name": "MANDYA RURAL", "taluk": "Mandya" }, "geometry": { "type": "MultiPolygon", "coordinates": [ [ [ [ 76.856, 12.5502 ], [ 76.8782, 12.5377 ], [ 76.8707, 12.5348 ], [ 76.8759, 12.5286 ], [ 76.8632, 12.5223 ], [ 76.8488, 12.5252 ], [ 76.8486, 12.5353 ], [ 76.8518, 12.5482 ], [ 76.856, 12.5502 ] ] ], [ [ [ 76.8978, 12.552 ], [ 76.9009, 12.5462 ], [ 76.8963, 12.543 ], [ 76.8848, 12.5453 ], [ 76.8844, 12.5494 ], [ 76.8892, 12.553 ], [ 76.8978, 12.552 ] ] ] ] } },
{ "type": "Feature", "properties": { "code": "219350", "name": "MANGALA", "taluk": "Mandya" }, "geometry": { "type": "Polygon", "coordinates": [ [ [ 76.9185, 12.4745 ], [ 76.9296, 12.4665 ], [ 76.9422, 12.4676 ], [ 76.9433, 12.4638 ], [ 76.95, 12.4585 ], [ 76.9477, 12.4468 ], [ 76.9403, 12.4483 ], [ 76.9385, 12.4515 ], [ 76.9281, 12.4507 ], [ 76.928, 12.4479 ], [ 76.9226, 12.4449 ], [ 76.9224, 12.4418 ], [ 76.9064, 12.4369 ], [ 76.9043, 12.4467 ], [ 76.8949, 12.4525 ], [ 76.8953, 12.468 ], [ 76.9013, 12.4752 ], [ 76.9028, 12.4833 ], [ 76.9192, 12.4853 ], [ 76.9185, 12.4745 ] ] ] } },
{ "type": "Feature", "properties": { "code": "219351", "name": "MARAGOWDANAHALLI", "taluk": "Mandya" }, "geometry": { "type": "Polygon", "coordinates": [ [ [ 76.9574, 12.6611 ], [ 76.9686, 12.6336 ], [ 76.9447, 12.634 ], [ 76.9342, 12.6368 ], [ 76.9294, 12.6592 ], [ 76.9318, 12.6573 ], [ 76.945, 12.6664 ], [ 76.9574, 12.6611 ] ] ] } },
{ "type": "Feature", "properties": { "code": "219352", "name": "MUDAGANDUR", "taluk": "Mandya" }, "geometry": { "type": "Polygon", "coordinates": [ [ [ 76.8108, 12.6787 ], [ 76.8106, 12.6647 ], [ 76.8254, 12.6609 ], [ 76.8292, 12.6538 ], [ 76.8216, 12.6531 ], [ 76.8171, 12.6501 ], [ 76.816, 12.6323 ], [ 76.8043, 12.6335 ], [ 76.8035, 12.6267 ], [ 76.7829, 12.6339 ], [ 76.7794, 12.6319 ], [ 76.7757, 12.6369 ], [ 76.7769, 12.659 ], [ 76.7915, 12.6578 ], [ 76.7959, 12.6723 ], [ 76.8034, 12.6711 ], [ 76.8108, 12.6787 ] ] ] } },
{ "type": "Feature", "properties": { "code": "219353", "name": "MUTHEGERE", "taluk": "Mandya" }, "geometry": { "type": "Polygon", "coordinates": [ [ [ 76.758, 12.7033 ], [ 76.7872, 12.696 ], [ 76.79, 12.699 ], [ 76.8009, 12.6965 ], [ 76.7986, 12.6841 ], [ 76.8098, 12.683 ], [ 76.8096, 12.6784 ], [ 76.8034, 12.6711 ], [ 76.7959, 12.6723 ], [ 76.7915, 12.6578 ], [ 76.7769, 12.659 ], [ 76.7762, 12.6495 ], [ 76.771, 12.6504 ], [ 76.7598, 12.6474 ], [ 76.76, 12.6509 ], [ 76.7553, 12.6526 ], [ 76.7572, 12.6568 ], [ 76.7602, 12.6576 ], [ 76.7611, 12.662 ], [ 76.7562, 12.6699 ], [ 76.7552, 12.6832 ], [ 76.7501, 12.6899 ], [ 76.7495, 12.6966 ], [ 76.7544, 12.6983 ], [ 76.758, 12.7033 ] ] ] } },
{ "type": "Feature", "properties": { "code": "219354", "name": "SANTHEKASALAGERE", "taluk": "Mandya" }, "geometry": { "type": "Polygon", "coordinates": [ [ [ 76.9079, 12.498 ], [ 76.9172, 12.485 ], [ 76.9028, 12.4833 ], [ 76.9013, 12.4752 ], [ 76.8953, 12.468 ], [ 76.8864, 12.4694 ], [ 76.8806, 12.4864 ], [ 76.8792, 12.4989 ], [ 76.8897, 12.5101 ], [ 76.8919, 12.508 ], [ 76.8945, 12.5139 ], [ 76.8962, 12.4991 ], [ 76.9079, 12.498 ] ] ] } },
{ "type": "Feature", "properties": { "code": "219355", "name": "SATHANOOR", "taluk": "Mandya" }, "geometry": { "type": "Polygon", "coordinates": [ [ [ 76.8915, 12.5866 ], [ 76.917, 12.5786 ], [ 76.9294, 12.5791 ], [ 76.9219, 12.5627 ], [ 76.9239, 12.5594 ], [ 76.9233, 12.5533 ], [ 76.9267, 12.5493 ], [ 76.9264, 12.5455 ], [ 76.9223, 12.5422 ], [ 76.9149, 12.5419 ], [ 76.9009, 12.5462 ], [ 76.8977, 12.5568 ], [ 76.8859, 12.5621 ], [ 76.8916, 12.5701 ], [ 76.8915, 12.5866 ] ] ] } },
{ "type": "Feature", "properties": { "code": "219356", "name": "SHIVALLI", "taluk": "Mandya" }, "geometry": { "type": "Polygon", "coordinates": [ [ [ 76.8419, 12.6255 ], [ 76.8444, 12.6046 ], [ 76.8414, 12.5965 ], [ 76.8492, 12.5896 ], [ 76.8595, 12.5884 ], [ 76.8581, 12.5837 ], [ 76.8497, 12.5731 ], [ 76.8457, 12.5735 ], [ 76.8456, 12.571 ], [ 76.8411, 12.5716 ], [ 76.838, 12.5777 ], [ 76.8281, 12.575 ], [ 76.8232, 12.5768 ], [ 76.8111, 12.5978 ], [ 76.823, 12.5982 ], [ 76.8206, 12.6082 ], [ 76.8264, 12.6074 ], [ 76.8333, 12.6252 ], [ 76.8419, 12.6255 ] ] ] } },
{ "type": "Feature", "properties": { "code": "219357", "name": "SHIVAPURA", "taluk": "Mandya" }, "geometry": { "type": "Polygon", "coordinates": [ [ [ 76.8809, 12.7562 ], [ 76.8892, 12.7529 ], [ 76.8891, 12.7461 ], [ 76.8955, 12.7512 ], [ 76.9074, 12.7439 ], [ 76.8975, 12.7298 ], [ 76.8891, 12.7249 ], [ 76.8748, 12.7224 ], [ 76.8703, 12.7273 ], [ 76.8556, 12.7315 ], [ 76.8608, 12.747 ], [ 76.8715, 12.7451 ], [ 76.88, 12.7417 ], [ 76.8803, 12.7393 ], [ 76.8844, 12.7436 ], [ 76.8774, 12.7513 ], [ 76.8597, 12.753 ], [ 76.8743, 12.7535 ], [ 76.8809, 12.7562 ] ] ] } },
{ "type": "Feature", "properties": { "code": "219358", "name": "SOONAGAHALLI", "taluk": "Mandya" }, "geometry": { "type": "Polygon", "coordinates": [ [ [ 76.9422, 12.5201 ], [ 76.9414, 12.513 ], [ 76.9453, 12.5132 ], [ 76.9519, 12.5189 ], [ 76.974, 12.5187 ], [ 76.9761, 12.5095 ], [ 76.9804, 12.5066 ], [ 76.9746, 12.5054 ], [ 76.9713, 12.501 ], [ 76.9666, 12.5009 ], [ 76.9647, 12.4982 ], [ 76.9542, 12.4958 ], [ 76.9505, 12.4971 ], [ 76.9486, 12.5013 ], [ 76.9387, 12.5013 ], [ 76.9377, 12.5092 ], [ 76.9349, 12.5073 ], [ 76.9311, 12.5099 ], [ 76.9298, 12.5146 ], [ 76.9317, 12.519 ], [ 76.9388, 12.5197 ], [ 76.9388, 12.5224 ], [ 76.9422, 12.5201 ] ] ] } },
{ "type": "Feature", "properties": { "code": "219359", "name": "THAGGAHALLI", "taluk": "Mandya" }, "geometry": { "type": "Polygon", "coordinates": [ [ [ 76.9387, 12.5013 ], [ 76.9486, 12.5013 ], [ 76.9505, 12.4971 ], [ 76.9442, 12.4918 ], [ 76.9416, 12.4783 ], [ 76.9342, 12.4805 ], [ 76.934, 12.4933 ], [ 76.9289, 12.493 ], [ 76.9319, 12.5051 ], [ 76.9384, 12.5063 ], [ 76.9387, 12.5013 ] ] ] } },
{ "type": "Feature", "properties": { "code": "219360", "name": "TUBINAKERE (YELECHAKANAHALLI)", "taluk": "Mandya" }, "geometry": { "type": "Polygon", "coordinates": [ [ [ 76.7787, 12.5166 ], [ 76.799, 12.5156 ], [ 76.7995, 12.5112 ], [ 76.8044, 12.5071 ], [ 76.8032, 12.5025 ], [ 76.8076, 12.501 ], [ 76.8073, 12.4893 ], [ 76.8136, 12.4886 ], [ 76.8198, 12.4826 ], [ 76.8201, 12.4646 ], [ 76.8117, 12.463 ], [ 76.8082, 12.4647 ], [ 76.8081, 12.4675 ], [ 76.8033, 12.4684 ], [ 76.8015, 12.4731 ], [ 76.7908, 12.4784 ], [ 76.7777, 12.4753 ], [ 76.7746, 12.4959 ], [ 76.767, 12.4995 ], [ 76.7619, 12.4985 ], [ 76.7668, 12.5236 ], [ 76.7732, 12.5216 ], [ 76.7787, 12.5166 ] ] ] } },
{ "type": "Feature", "properties": { "code": "219361", "name": "UMMADAHALLI", "taluk": "Mandya" }, "geometry": { "type": "Polygon", "coordinates": [ [ [ 76.9495, 12.5618 ], [ 76.9441, 12.5574 ], [ 76.9388, 12.559 ], [ 76.9361, 12.5444 ], [ 76.9264, 12.5455 ], [ 76.9219, 12.5627 ], [ 76.9303, 12.5813 ], [ 76.9487, 12.5872 ], [ 76.9519, 12.5839 ], [ 76.9529, 12.5718 ], [ 76.9508, 12.5704 ], [ 76.9495, 12.5618 ] ] ] } },
{ "type": "Feature", "properties": { "code": "219362", "name": "UPPARAKANAHALLI", "taluk": "Mandya" }, "geometry": { "type": "Polygon", "coordinates": [ [ [ 76.8282, 12.6579 ], [ 76.8397, 12.6515 ], [ 76.8421, 12.6556 ], [ 76.8487, 12.6573 ], [ 76.881, 12.6558 ], [ 76.876, 12.6419 ], [ 76.8657, 12.6409 ], [ 76.8508, 12.6341 ], [ 76.8488, 12.6249 ], [ 76.8333, 12.6252 ], [ 76.8284, 12.6295 ], [ 76.816, 12.6323 ], [ 76.8171, 12.6501 ], [ 76.8216, 12.6531 ], [ 76.8292, 12.6538 ], [ 76.8282, 12.6579 ] ] ] } },
{ "type": "Feature", "properties": { "code": "219363", "name": "YALIYUR", "taluk": "Mandya" }, "geometry": { "type": "Polygon", "coordinates": [ [ [ 76.8178, 12.5262 ], [ 76.8312, 12.5249 ], [ 76.8321, 12.5138 ], [ 76.8304, 12.5082 ], [ 76.8322, 12.5059 ], [ 76.828, 12.5013 ], [ 76.8298, 12.4922 ], [ 76.8251, 12.4843 ], [ 76.8198, 12.4826 ], [ 76.8136, 12.4886 ], [ 76.8073, 12.4893 ], [ 76.8076, 12.501 ], [ 76.8032, 12.5025 ], [ 76.8044, 12.5071 ], [ 76.7968, 12.517 ], [ 76.8009, 12.5176 ], [ 76.8063, 12.5145 ], [ 76.8169, 12.5166 ], [ 76.8178, 12.5262 ] ] ] } },
{ "type": "Feature", "properties": { "code": "219364", "name": "ANCHECHITTANAHALLI", "taluk": "Nagamangala" }, "geometry": { "type": "MultiPolygon", "coordinates": [ [ [ [ 76.7035, 12.7205 ], [ 76.6937, 12.7245 ], [ 76.6916, 12.7296 ], [ 76.6983, 12.7346 ], [ 76.7053, 12.7471 ], [ 76.7035, 12.7205 ] ] ], [ [ [ 76.8529, 12.8582 ], [ 76.8446, 12.8557 ], [ 76.8467, 12.8637 ], [ 76.8522, 12.8625 ], [ 76.8529, 12.8582 ] ] ], [ [ [ 76.7705, 12.919 ], [ 76.7866, 12.9213 ], [ 76.7933, 12.9151 ], [ 76.7977, 12.9154 ], [ 76.7937, 12.9054 ], [ 76.7886, 12.9025 ], [ 76.7858, 12.8941 ], [ 76.7754, 12.8977 ], [ 76.7683, 12.8938 ], [ 76.7665, 12.86 ], [ 76.7772, 12.8549 ], [ 76.7769, 12.8505 ], [ 76.7693, 12.838 ], [ 76.7708, 12.8366 ], [ 76.7687, 12.8332 ], [ 76.7562, 12.8386 ], [ 76.7543, 12.8329 ], [ 76.7486, 12.8289 ], [ 76.7474, 12.8354 ], [ 76.7376, 12.8369 ], [ 76.7452, 12.8413 ], [ 76.7476, 12.8486 ], [ 76.7407, 12.8606 ], [ 76.7447, 12.8794 ], [ 76.7325, 12.8822 ], [ 76.7251, 12.8874 ], [ 76.7358, 12.9149 ], [ 76.7348, 12.9248 ], [ 76.7511, 12.9208 ], [ 76.7587, 12.9254 ], [ 76.7619, 12.9312 ], [ 76.7692, 12.9289 ], [ 76.7705, 12.919 ] ] ], [ [ [ 76.7198, 12.9054 ], [ 76.7152, 12.9091 ], [ 76.7175, 12.909 ], [ 76.7186, 12.9127 ], [ 76.7232, 12.9089 ], [ 76.7198, 12.9054 ] ] ] ] } },
{ "type": "Feature", "properties": { "code": "219365", "name": "ARANI", "taluk": "Nagamangala" }, "geometry": { "type": "MultiPolygon", "coordinates": [ [ [ [ 76.6822, 12.7102 ], [ 76.6847, 12.7207 ], [ 76.6896, 12.7199 ], [ 76.687, 12.7108 ], [ 76.6822, 12.7102 ] ] ], [ [ [ 76.8466, 12.8725 ], [ 76.8394, 12.8712 ], [ 76.8385, 12.8794 ], [ 76.8464, 12.8769 ], [ 76.8466, 12.8725 ] ] ], [ [ [ 76.8588, 12.8839 ], [ 76.8599, 12.8921 ], [ 76.8642, 12.897 ], [ 76.8724, 12.8971 ], [ 76.8697, 12.8838 ], [ 76.8588, 12.8839 ] ] ], [ [ [ 76.7666, 13.0105 ], [ 76.763, 12.9933 ], [ 76.754, 12.9952 ], [ 76.7526, 13.0117 ], [ 76.7666, 13.0105 ] ] ], [ [ [ 76.687, 13.044 ], [ 76.6935, 13.0367 ], [ 76.7021, 13.0415 ], [ 76.7084, 13.0398 ], [ 76.71, 13.0305 ], [ 76.7135, 13.0282 ], [ 76.7127, 13.0253 ], [ 76.7145, 13.0249 ], [ 76.7115, 13.0185 ], [ 76.7171, 13.0133 ], [ 76.7182, 13.006 ], [ 76.723, 13.0036 ], [ 76.7156, 13.0023 ], [ 76.7155, 12.9951 ], [ 76.7089, 12.9902 ], [ 76.6966, 12.9889 ], [ 76.698, 12.9919 ], [ 76.6945, 13.0077 ], [ 76.6846, 13.0142 ], [ 76.6813, 13.0081 ], [ 76.6771, 13.0111 ], [ 76.6715, 12.9998 ], [ 76.6646, 13.0005 ], [ 76.6618, 13.0047 ], [ 76.6533, 13.008 ], [ 76.6576, 13.0133 ], [ 76.6605, 13.0243 ], [ 76.6618, 13.0197 ], [ 76.667, 13.0184 ], [ 76.67, 13.0147 ], [ 76.6766, 13.0173 ], [ 76.6771, 13.0221 ], [ 76.6741, 13.0281 ], [ 76.6756, 13.0334 ], [ 76.667, 13.0388 ], [ 76.6728, 13.0553 ], [ 76.6772, 13.0538 ], [ 76.6806, 13.0473 ], [ 76.687, 13.044 ] ] ] ] } },
{ "type": "Feature", "properties": { "code": "219367", "name": "BHIMANAHALLI", "taluk": "Nagamangala" }, "geometry": { "type": "MultiPolygon", "coordinates": [ [ [ [ 76.7017, 12.719 ], [ 76.6969, 12.7118 ], [ 76.6878, 12.7118 ], [ 76.6896, 12.7199 ], [ 76.6949, 12.7239 ], [ 76.6997, 12.7229 ], [ 76.7017, 12.719 ] ] ], [ [ [ 76.8974, 12.791 ], [ 76.9058, 12.7843 ], [ 76.9101, 12.784 ], [ 76.9134, 12.779 ], [ 76.9141, 12.7704 ], [ 76.9099, 12.7696 ], [ 76.9115, 12.7477 ], [ 76.9089, 12.7443 ], [ 76.8955, 12.7512 ], [ 76.8891, 12.7461 ], [ 76.8892, 12.7529 ], [ 76.8809, 12.7562 ], [ 76.8669, 12.7534 ], [ 76.8715, 12.7708 ], [ 76.8597, 12.7695 ], [ 76.8509, 12.7747 ], [ 76.854, 12.7651 ], [ 76.8603, 12.7634 ], [ 76.8603, 12.7498 ], [ 76.8434, 12.7539 ], [ 76.8421, 12.7504 ], [ 76.8357, 12.75 ], [ 76.8314, 12.7758 ], [ 76.8284, 12.7787 ], [ 76.8363, 12.7839 ], [ 76.8436, 12.782 ], [ 76.8506, 12.7899 ], [ 76.8635, 12.7945 ], [ 76.8828, 12.7929 ], [ 76.886, 12.7912 ], [ 76.8867, 12.7842 ], [ 76.8964, 12.7868 ], [ 76.8974, 12.791 ] ], [ [ 76.8858, 12.784 ], [ 76.8788, 12.7837 ], [ 76.8751, 12.7722 ], [ 76.8813, 12.7677 ], [ 76.8838, 12.7695 ], [ 76.8927, 12.7664 ], [ 76.892, 12.7725 ], [ 76.8869, 12.775 ], [ 76.8858, 12.784 ] ] ], [ [ [ 76.783, 12.8538 ], [ 76.7918, 12.8563 ], [ 76.796, 12.8535 ], [ 76.7941, 12.8486 ], [ 76.7848, 12.8477 ], [ 76.7769, 12.8505 ], [ 76.7784, 12.8567 ], [ 76.783, 12.8538 ] ] ], [ [ [ 76.7004, 12.8939 ], [ 76.6864, 12.9019 ], [ 76.6911, 12.9093 ], [ 76.7107, 12.9046 ], [ 76.7004, 12.8939 ] ] ] ] } },
{ "type": "Feature", "properties": { "code": "219368", "name": "BHRAMHADEVARAHALLI", "taluk": "Nagamangala" }, "geometry": { "type": "MultiPolygon", "coordinates": [ [ [ [ 76.7839, 12.7888 ], [ 76.7797, 12.775 ], [ 76.7654, 12.7763 ], [ 76.7625, 12.7727 ], [ 76.7561, 12.7727 ], [ 76.7545, 12.7747 ], [ 76.7432, 12.7752 ], [ 76.7428, 12.7689 ], [ 76.749, 12.7625 ], [ 76.7467, 12.75 ], [ 76.7353, 12.7527 ], [ 76.7263, 12.7238 ], [ 76.7137, 12.7251 ], [ 76.7117, 12.7312 ], [ 76.7128, 12.7421 ], [ 76.7053, 12.7471 ], [ 76.6998, 12.7448 ], [ 76.7008, 12.7691 ], [ 76.7032, 12.775 ], [ 76.7135, 12.7751 ], [ 76.7125, 12.7879 ], [ 76.7352, 12.7902 ], [ 76.7366, 12.7886 ], [ 76.738, 12.7955 ], [ 76.7559, 12.7974 ], [ 76.7599, 12.7967 ], [ 76.7613, 12.7919 ], [ 76.7839, 12.7888 ] ] ], [ [ [ 76.5926, 12.8532 ], [ 76.6055, 12.8519 ], [ 76.6036, 12.8484 ], [ 76.6054, 12.8447 ], [ 76.5955, 12.834 ], [ 76.5777, 12.8469 ], [ 76.5882, 12.8495 ], [ 76.5926, 12.8532 ] ] ] ] } },
{ "type": "Feature", "properties": { "code": "219369", "name": "BINDIGANAVILE", "taluk": "Nagamangala" }, "geometry": { "type": "MultiPolygon", "coordinates": [ [ [ [ 76.6642, 12.7876 ], [ 76.6631, 12.7838 ], [ 76.6567, 12.7831 ], [ 76.6572, 12.7885 ], [ 76.6642, 12.7876 ] ] ], [ [ [ 76.6407, 12.8595 ], [ 76.644, 12.861 ], [ 76.6486, 12.8545 ], [ 76.6405, 12.8511 ], [ 76.6407, 12.8595 ] ] ], [ [ [ 76.7772, 12.8653 ], [ 76.8009, 12.8651 ], [ 76.796, 12.8535 ], [ 76.7918, 12.8563 ], [ 76.7844, 12.8538 ], [ 76.7784, 12.8567 ], [ 76.7746, 12.8548 ], [ 76.7662, 12.8618 ], [ 76.767, 12.8703 ], [ 76.7772, 12.8653 ] ] ], [ [ [ 76.672, 12.9171 ], [ 76.677, 12.8966 ], [ 76.6481, 12.8959 ], [ 76.6503, 12.8923 ], [ 76.6447, 12.8883 ], [ 76.6415, 12.8781 ], [ 76.642, 12.8706 ], [ 76.6346, 12.8739 ], [ 76.6275, 12.8702 ], [ 76.6264, 12.8667 ], [ 76.6168, 12.8695 ], [ 76.6067, 12.8774 ], [ 76.5965, 12.8809 ], [ 76.5911, 12.8901 ], [ 76.5984, 12.9011 ], [ 76.6065, 12.8962 ], [ 76.6142, 12.9007 ], [ 76.625, 12.8973 ], [ 76.636, 12.8977 ], [ 76.645, 12.9042 ], [ 76.6393, 12.9096 ], [ 76.6419, 12.915 ], [ 76.649, 12.9144 ], [ 76.6497, 12.9168 ], [ 76.6654, 12.9149 ], [ 76.672, 12.9171 ] ] ], [ [ [ 76.6917, 12.9256 ], [ 76.681, 12.9275 ], [ 76.6811, 12.9428 ], [ 76.685, 12.9441 ], [ 76.6856, 12.9403 ], [ 76.6902, 12.9398 ], [ 76.6917, 12.9256 ] ] ], [ [ [ 76.7156, 13.0135 ], [ 76.7115, 13.0185 ], [ 76.7145, 13.0249 ], [ 76.7127, 13.0253 ], [ 76.7121, 13.0304 ], [ 76.7177, 13.0403 ], [ 76.7298, 13.0398 ], [ 76.7315, 13.0288 ], [ 76.7264, 13.026 ], [ 76.7253, 13.0179 ], [ 76.7156, 13.0135 ] ] ] ] } },
{ "type": "Feature", "properties": { "code": "219370", "name": "BOGADHI", "taluk": "Nagamangala" }, "geometry": { "type": "MultiPolygon", "coordinates": [ [ [ [ 76.6596, 12.7884 ], [ 76.6572, 12.7885 ], [ 76.6562, 12.7857 ], [ 76.6584, 12.7789 ], [ 76.654, 12.7785 ], [ 76.6537, 12.7763 ], [ 76.6385, 12.7722 ], [ 76.6341, 12.7742 ], [ 76.6254, 12.7735 ], [ 76.6213, 12.7616 ], [ 76.624, 12.7589 ], [ 76.6301, 12.7584 ], [ 76.6352, 12.7459 ], [ 76.643, 12.7432 ], [ 76.6461, 12.7594 ], [ 76.6519, 12.7597 ], [ 76.6506, 12.7578 ], [ 76.6537, 12.7525 ], [ 76.6588, 12.7519 ], [ 76.6605, 12.7518 ], [ 76.6587, 12.7537 ], [ 76.6609, 12.7537 ], [ 76.662, 12.7584 ], [ 76.6665, 12.758 ], [ 76.6597, 12.7319 ], [ 76.6602, 12.7258 ], [ 76.6402, 12.7256 ], [ 76.6314, 12.7222 ], [ 76.6133, 12.7078 ], [ 76.6131, 12.7021 ], [ 76.6038, 12.7236 ], [ 76.5996, 12.726 ], [ 76.5953, 12.7247 ], [ 76.5966, 12.7426 ], [ 76.6002, 12.7459 ], [ 76.6036, 12.7644 ], [ 76.5987, 12.7636 ], [ 76.5979, 12.7886 ], [ 76.6086, 12.7897 ], [ 76.6085, 12.7924 ], [ 76.6233, 12.7863 ], [ 76.6335, 12.7864 ], [ 76.6354, 12.8046 ], [ 76.6398, 12.8077 ], [ 76.6595, 12.8048 ], [ 76.6573, 12.7929 ], [ 76.6596, 12.7884 ] ] ], [ [ [ 76.6852, 12.7763 ], [ 76.6814, 12.7593 ], [ 76.6752, 12.7584 ], [ 76.6726, 12.7637 ], [ 76.6734, 12.7714 ], [ 76.6756, 12.774 ], [ 76.6852, 12.7763 ] ] ], [ [ [ 76.8335, 12.9408 ], [ 76.8419, 12.9348 ], [ 76.8394, 12.9294 ], [ 76.8281, 12.93 ], [ 76.8289, 12.9385 ], [ 76.8335, 12.9408 ] ] ] ] } },
{ "type": "Feature", "properties": { "code": "219371", "name": "CHINYA", "taluk": "Nagamangala" }, "geometry": { "type": "MultiPolygon", "coordinates": [ [ [ [ 76.6822, 12.7102 ], [ 76.6977, 12.7118 ], [ 76.7065, 12.7056 ], [ 76.708, 12.7074 ], [ 76.7078, 12.7057 ], [ 76.7164, 12.7056 ], [ 76.7191, 12.7081 ], [ 76.7306, 12.706 ], [ 76.7195, 12.6915 ], [ 76.7176, 12.6825 ], [ 76.7064, 12.6624 ], [ 76.7002, 12.6667 ], [ 76.6808, 12.6682 ], [ 76.6827, 12.6765 ], [ 76.6783, 12.6755 ], [ 76.6721, 12.6793 ], [ 76.6745, 12.6929 ], [ 76.663, 12.6978 ], [ 76.6597, 12.6939 ], [ 76.6625, 12.7061 ], [ 76.6694, 12.7098 ], [ 76.6754, 12.7095 ], [ 76.6818, 12.7145 ], [ 76.6822, 12.7102 ] ] ], [ [ [ 76.7494, 12.6924 ], [ 76.7544, 12.6816 ], [ 76.7421, 12.6816 ], [ 76.732, 12.6771 ], [ 76.7308, 12.6847 ], [ 76.7251, 12.6887 ], [ 76.7265, 12.691 ], [ 76.7316, 12.6904 ], [ 76.7336, 12.6947 ], [ 76.7383, 12.6921 ], [ 76.7423, 12.7014 ], [ 76.7506, 12.6982 ], [ 76.7494, 12.6924 ] ] ], [ [ [ 76.8765, 12.7516 ], [ 76.8841, 12.7459 ], [ 76.8803, 12.7393 ], [ 76.88, 12.7417 ], [ 76.8715, 12.7451 ], [ 76.8598, 12.7469 ], [ 76.8597, 12.7525 ], [ 76.8765, 12.7516 ] ] ], [ [ [ 76.68, 12.8885 ], [ 76.6668, 12.8832 ], [ 76.6592, 12.8881 ], [ 76.6631, 12.8956 ], [ 76.6837, 12.8979 ], [ 76.68, 12.8885 ] ] ] ] } },
{ "type": "Feature", "properties": { "code": "219372", "name": "CHUNCHANAHALLI", "taluk": "Nagamangala" }, "geometry": { "type": "MultiPolygon", "coordinates": [ [ [ [ 76.8867, 12.7842 ], [ 76.8828, 12.7929 ], [ 76.892, 12.7988 ], [ 76.8986, 12.796 ], [ 76.8964, 12.7868 ], [ 76.8867, 12.7842 ] ] ], [ [ [ 76.7478, 12.9863 ], [ 76.7465, 12.9838 ], [ 76.7408, 12.9845 ], [ 76.7393, 12.992 ], [ 76.754, 12.9952 ], [ 76.7595, 12.9941 ], [ 76.7602, 12.9916 ], [ 76.7478, 12.9863 ] ] ], [ [ [ 76.7298, 13.0398 ], [ 76.7717, 13.0344 ], [ 76.7826, 13.0299 ], [ 76.7854, 13.0155 ], [ 76.7801, 13.0119 ], [ 76.7757, 13.0133 ], [ 76.7704, 13.0107 ], [ 76.7526, 13.0117 ], [ 76.7546, 13.0004 ], [ 76.7283, 13.0 ], [ 76.7279, 13.0026 ], [ 76.7182, 13.006 ], [ 76.7171, 13.0135 ], [ 76.719, 13.0166 ], [ 76.7253, 13.0179 ], [ 76.7264, 13.026 ], [ 76.7315, 13.0288 ], [ 76.7298, 13.0398 ] ] ], [ [ [ 76.7134, 13.0323 ], [ 76.71, 13.0305 ], [ 76.7084, 13.0398 ], [ 76.7177, 13.0403 ], [ 76.7134, 13.0323 ] ] ] ] } },
{ "type": "Feature", "properties": { "code": "219373", "name": "DEVALAPURA", "taluk": "Nagamangala" }, "geometry": { "type": "MultiPolygon", "coordinates": [ [ [ [ 76.7055, 12.7902 ], [ 76.7051, 12.7762 ], [ 76.6986, 12.7764 ], [ 76.6976, 12.7873 ], [ 76.7013, 12.7869 ], [ 76.7055, 12.7902 ] ] ], [ [ [ 76.9058, 12.8283 ], [ 76.9188, 12.818 ], [ 76.9182, 12.815 ], [ 76.9246, 12.804 ], [ 76.9337, 12.8005 ], [ 76.9346, 12.7974 ], [ 76.9282, 12.7996 ], [ 76.924, 12.796 ], [ 76.916, 12.7967 ], [ 76.9144, 12.7927 ], [ 76.9108, 12.7925 ], [ 76.9101, 12.784 ], [ 76.9058, 12.7843 ], [ 76.8974, 12.791 ], [ 76.8986, 12.796 ], [ 76.892, 12.7988 ], [ 76.8828, 12.7929 ], [ 76.8635, 12.7945 ], [ 76.8613, 12.8074 ], [ 76.8656, 12.8076 ], [ 76.8663, 12.8116 ], [ 76.8581, 12.8127 ], [ 76.8557, 12.8122 ], [ 76.8562, 12.805 ], [ 76.8372, 12.8027 ], [ 76.837, 12.7978 ], [ 76.8419, 12.7995 ], [ 76.8496, 12.7874 ], [ 76.8465, 12.7845 ], [ 76.8436, 12.782 ], [ 76.8363, 12.7839 ], [ 76.8308, 12.7802 ], [ 76.8275, 12.7858 ], [ 76.8229, 12.7996 ], [ 76.8287, 12.8282 ], [ 76.8418, 12.8265 ], [ 76.8479, 12.8318 ], [ 76.8548, 12.8313 ], [ 76.8566, 12.8254 ], [ 76.8715, 12.8247 ], [ 76.8793, 12.8279 ], [ 76.8892, 12.8426 ], [ 76.897, 12.8467 ], [ 76.9002, 12.8448 ], [ 76.9016, 12.8386 ], [ 76.9053, 12.8349 ], [ 76.9058, 12.8283 ] ] ] ] } },
{ "type": "Feature", "properties": { "code": "219374", "name": "DEVARAMALLANAYAKANAHALLI", "taluk": "Nagamangala" }, "geometry": { "type": "MultiPolygon", "coordinates": [ [ [ [ 76.6464, 12.8535 ], [ 76.6488, 12.8316 ], [ 76.6416, 12.8255 ], [ 76.6329, 12.8487 ], [ 76.6404, 12.8488 ], [ 76.6405, 12.8511 ], [ 76.6464, 12.8535 ] ] ], [ [ [ 76.8684, 12.8743 ], [ 76.8852, 12.8731 ], [ 76.8915, 12.8697 ], [ 76.8935, 12.8625 ], [ 76.8923, 12.8471 ], [ 76.897, 12.8467 ], [ 76.8892, 12.8426 ], [ 76.8793, 12.8279 ], [ 76.8715, 12.8247 ], [ 76.8566, 12.8254 ], [ 76.8548, 12.8313 ], [ 76.8479, 12.8318 ], [ 76.8418, 12.8265 ], [ 76.8287, 12.8282 ], [ 76.8345, 12.8487 ], [ 76.8404, 12.849 ], [ 76.84, 12.8516 ], [ 76.8348, 12.8544 ], [ 76.8359, 12.873 ], [ 76.84, 12.8706 ], [ 76.8466, 12.8725 ], [ 76.8464, 12.8769 ], [ 76.8521, 12.8787 ], [ 76.8684, 12.8743 ] ], [ [ 76.8516, 12.856 ], [ 76.8522, 12.8625 ], [ 76.8467, 12.8637 ], [ 76.8446, 12.8557 ], [ 76.8516, 12.856 ] ] ], [ [ [ 76.6244, 12.8562 ], [ 76.625, 12.8536 ], [ 76.6179, 12.8452 ], [ 76.61, 12.8498 ], [ 76.61, 12.8527 ], [ 76.6065, 12.8524 ], [ 76.6123, 12.8588 ], [ 76.6165, 12.8551 ], [ 76.6244, 12.8562 ] ] ] ] } },
{ "type": "Feature", "properties": { "code": "219375", "name": "DODDABALA", "taluk": "Nagamangala" }, "geometry": { "type": "MultiPolygon", "coordinates": [ [ [ [ 76.6574, 12.8306 ], [ 76.6611, 12.8258 ], [ 76.6537, 12.8057 ], [ 76.6398, 12.8077 ], [ 76.6416, 12.8255 ], [ 76.6489, 12.8329 ], [ 76.6574, 12.8306 ] ] ], [ [ [ 76.6668, 12.8832 ], [ 76.68, 12.8885 ], [ 76.6799, 12.8771 ], [ 76.6751, 12.8559 ], [ 76.6761, 12.8472 ], [ 76.649, 12.8398 ], [ 76.6464, 12.8535 ], [ 76.6486, 12.8545 ], [ 76.6468, 12.8584 ], [ 76.6513, 12.8589 ], [ 76.6508, 12.8683 ], [ 76.642, 12.8706 ], [ 76.6414, 12.8757 ], [ 76.6434, 12.8816 ], [ 76.6498, 12.8817 ], [ 76.6503, 12.8923 ], [ 76.6481, 12.8959 ], [ 76.6631, 12.8956 ], [ 76.6592, 12.8881 ], [ 76.6668, 12.8832 ] ], [ [ 76.6652, 12.8741 ], [ 76.6649, 12.8812 ], [ 76.6519, 12.8817 ], [ 76.6566, 12.874 ], [ 76.6652, 12.8741 ] ] ], [ [ [ 76.7833, 12.9685 ], [ 76.7641, 12.9708 ], [ 76.7619, 12.9727 ], [ 76.7661, 12.9909 ], [ 76.7865, 12.9895 ], [ 76.7833, 12.9685 ] ] ], [ [ [ 76.6757, 13.0165 ], [ 76.67, 13.0147 ], [ 76.6613, 13.0206 ], [ 76.6612, 13.0267 ], [ 76.6662, 13.039 ], [ 76.6756, 13.0334 ], [ 76.6741, 13.0281 ], [ 76.6771, 13.0197 ], [ 76.6757, 13.0165 ] ] ] ] } },
{ "type": "Feature", "properties": { "code": "219376", "name": "GONDENAHALLI", "taluk": "Nagamangala" }, "geometry": { "type": "MultiPolygon", "coordinates": [ [ [ [ 76.6346, 12.8739 ], [ 76.6441, 12.8697 ], [ 76.6445, 12.8608 ], [ 76.6404, 12.8587 ], [ 76.6404, 12.8488 ], [ 76.6313, 12.8487 ], [ 76.6268, 12.8604 ], [ 76.6269, 12.8695 ], [ 76.6346, 12.8739 ] ] ], [ [ [ 76.6879, 12.9502 ], [ 76.6914, 12.9425 ], [ 76.699, 12.9448 ], [ 76.7001, 12.9473 ], [ 76.7028, 12.9463 ], [ 76.7076, 12.9512 ], [ 76.712, 12.9482 ], [ 76.7128, 12.9383 ], [ 76.7066, 12.9254 ], [ 76.7035, 12.9259 ], [ 76.7034, 12.9167 ], [ 76.6949, 12.9161 ], [ 76.6936, 12.91 ], [ 76.6837, 12.8979 ], [ 76.6774, 12.8967 ], [ 76.672, 12.9171 ], [ 76.6654, 12.9149 ], [ 76.6497, 12.9168 ], [ 76.6443, 12.9352 ], [ 76.6468, 12.9386 ], [ 76.6511, 12.9369 ], [ 76.6545, 12.9414 ], [ 76.6505, 12.9532 ], [ 76.6599, 12.9537 ], [ 76.6606, 12.9435 ], [ 76.6629, 12.9427 ], [ 76.6699, 12.9447 ], [ 76.6707, 12.9549 ], [ 76.6809, 12.9579 ], [ 76.6851, 12.9559 ], [ 76.6858, 12.95 ], [ 76.6879, 12.9502 ] ], [ [ 76.6715, 12.9441 ], [ 76.6716, 12.937 ], [ 76.6763, 12.9271 ], [ 76.6917, 12.9256 ], [ 76.6902, 12.9398 ], [ 76.6856, 12.9403 ], [ 76.685, 12.9441 ], [ 76.6715, 12.9441 ] ], [ [ 76.667, 12.9423 ], [ 76.6632, 12.9418 ], [ 76.6632, 12.9411 ], [ 76.667, 12.9423 ] ] ], [ [ [ 76.7437, 12.9679 ], [ 76.7485, 12.9602 ], [ 76.7359, 12.9599 ], [ 76.7361, 12.9675 ], [ 76.7437, 12.9679 ] ] ], [ [ [ 76.8505, 12.9735 ], [ 76.8417, 12.9734 ], [ 76.8396, 12.9794 ], [ 76.8414, 12.9891 ], [ 76.8529, 12.9787 ], [ 76.8505, 12.9735 ] ] ] ] } },
{ "type": "Feature", "properties": { "code": "219377", "name": "HARADANAHALLI", "taluk": "Nagamangala" }, "geometry": { "type": "MultiPolygon", "coordinates": [ [ [ [ 76.6717, 12.803 ], [ 76.6781, 12.8041 ], [ 76.6762, 12.7966 ], [ 76.6706, 12.7966 ], [ 76.6684, 12.7884 ], [ 76.658, 12.7891 ], [ 76.6606, 12.8072 ], [ 76.6717, 12.803 ] ] ], [ [ [ 76.8566, 12.8031 ], [ 76.8557, 12.8122 ], [ 76.8663, 12.8116 ], [ 76.8656, 12.8076 ], [ 76.8613, 12.8074 ], [ 76.8611, 12.8016 ], [ 76.8566, 12.8031 ] ] ], [ [ [ 76.8915, 12.9326 ], [ 76.8962, 12.9205 ], [ 76.8902, 12.9186 ], [ 76.8805, 12.921 ], [ 76.8749, 12.9185 ], [ 76.8672, 12.9186 ], [ 76.8645, 12.9135 ], [ 76.8655, 12.905 ], [ 76.8732, 12.8971 ], [ 76.8892, 12.8974 ], [ 76.8945, 12.8739 ], [ 76.8933, 12.8669 ], [ 76.8852, 12.8731 ], [ 76.8752, 12.8725 ], [ 76.8546, 12.8787 ], [ 76.8544, 12.8769 ], [ 76.8521, 12.8787 ], [ 76.8468, 12.8768 ], [ 76.8385, 12.8794 ], [ 76.8386, 12.8729 ], [ 76.8359, 12.873 ], [ 76.8352, 12.8689 ], [ 76.8371, 12.868 ], [ 76.8348, 12.8544 ], [ 76.84, 12.8516 ], [ 76.8404, 12.849 ], [ 76.8345, 12.8487 ], [ 76.83, 12.8349 ], [ 76.8189, 12.8433 ], [ 76.8005, 12.8447 ], [ 76.8091, 12.8521 ], [ 76.8094, 12.8669 ], [ 76.8038, 12.8702 ], [ 76.7982, 12.879 ], [ 76.7857, 12.8839 ], [ 76.7886, 12.9025 ], [ 76.7937, 12.9054 ], [ 76.799, 12.9203 ], [ 76.8112, 12.9281 ], [ 76.8189, 12.9234 ], [ 76.8265, 12.9231 ], [ 76.8353, 12.9156 ], [ 76.8428, 12.9148 ], [ 76.843, 12.922 ], [ 76.8516, 12.9147 ], [ 76.8539, 12.9163 ], [ 76.8555, 12.9269 ], [ 76.887, 12.9352 ], [ 76.8915, 12.9326 ] ], [ [ 76.8697, 12.8838 ], [ 76.8724, 12.8971 ], [ 76.8647, 12.8973 ], [ 76.8599, 12.8921 ], [ 76.8588, 12.8839 ], [ 76.8697, 12.8838 ] ] ], [ [ [ 76.6945, 13.0077 ], [ 76.6959, 12.9955 ], [ 76.6866, 12.9977 ], [ 76.6806, 12.9953 ], [ 76.6728, 12.9974 ], [ 76.6715, 12.9998 ], [ 76.6771, 13.0111 ], [ 76.6813, 13.0081 ], [ 76.6846, 13.0142 ], [ 76.6945, 13.0077 ] ] ] ] } },
{ "type": "Feature", "properties": { "code": "219378", "name": "HONAKERE", "taluk": "Nagamangala" }, "geometry": { "type": "MultiPolygon", "coordinates": [ [ [ [ 76.7128, 12.726 ], [ 76.7263, 12.7238 ], [ 76.7284, 12.7355 ], [ 76.7332, 12.7436 ], [ 76.7444, 12.7398 ], [ 76.741, 12.7331 ], [ 76.7452, 12.7285 ], [ 76.7306, 12.706 ], [ 76.7191, 12.7081 ], [ 76.7164, 12.7056 ], [ 76.7078, 12.7057 ], [ 76.708, 12.7074 ], [ 76.7065, 12.7056 ], [ 76.6969, 12.7119 ], [ 76.7041, 12.7227 ], [ 76.7031, 12.7347 ], [ 76.7053, 12.7471 ], [ 76.7128, 12.7421 ], [ 76.7117, 12.7312 ], [ 76.7128, 12.726 ] ] ], [ [ [ 76.7041, 12.7459 ], [ 76.6983, 12.7346 ], [ 76.6916, 12.7296 ], [ 76.6949, 12.7239 ], [ 76.6924, 12.7211 ], [ 76.6847, 12.7207 ], [ 76.6835, 12.7157 ], [ 76.6754, 12.7095 ], [ 76.6694, 12.7098 ], [ 76.6625, 12.7061 ], [ 76.6597, 12.7319 ], [ 76.6636, 12.742 ], [ 76.6761, 12.7408 ], [ 76.6828, 12.7465 ], [ 76.6904, 12.7456 ], [ 76.6998, 12.7486 ], [ 76.6998, 12.7448 ], [ 76.7041, 12.7459 ] ] ], [ [ [ 76.6498, 12.8328 ], [ 76.649, 12.8398 ], [ 76.6563, 12.842 ], [ 76.6565, 12.8323 ], [ 76.6498, 12.8328 ] ] ] ] } },
{ "type": "Feature", "properties": { "code": "219379", "name": "HONNAVARA", "taluk": "Nagamangala" }, "geometry": { "type": "MultiPolygon", "coordinates": [ [ [ [ 76.7614, 12.8095 ], [ 76.7599, 12.7967 ], [ 76.738, 12.7955 ], [ 76.7407, 12.8103 ], [ 76.749, 12.8077 ], [ 76.756, 12.8113 ], [ 76.7614, 12.8095 ] ] ], [ [ [ 76.6125, 12.8721 ], [ 76.6271, 12.8668 ], [ 76.6274, 12.8582 ], [ 76.6416, 12.8255 ], [ 76.6398, 12.8077 ], [ 76.6354, 12.8046 ], [ 76.6352, 12.7977 ], [ 76.6192, 12.7971 ], [ 76.6184, 12.7898 ], [ 76.6085, 12.7924 ], [ 76.6014, 12.8214 ], [ 76.5926, 12.8157 ], [ 76.5888, 12.8155 ], [ 76.5883, 12.8184 ], [ 76.5861, 12.8185 ], [ 76.5878, 12.8238 ], [ 76.5986, 12.8316 ], [ 76.5955, 12.834 ], [ 76.6054, 12.8447 ], [ 76.6036, 12.8484 ], [ 76.6055, 12.8519 ], [ 76.5926, 12.8532 ], [ 76.5882, 12.8495 ], [ 76.5777, 12.8469 ], [ 76.5752, 12.8659 ], [ 76.58, 12.8715 ], [ 76.5791, 12.8731 ], [ 76.5832, 12.873 ], [ 76.5965, 12.8809 ], [ 76.6067, 12.8774 ], [ 76.6125, 12.8721 ] ], [ [ 76.6069, 12.8525 ], [ 76.61, 12.8527 ], [ 76.61, 12.8498 ], [ 76.6179, 12.8452 ], [ 76.625, 12.8536 ], [ 76.6244, 12.8562 ], [ 76.6165, 12.8551 ], [ 76.6123, 12.8588 ], [ 76.6069, 12.8525 ] ] ] ] } },
{ "type": "Feature", "properties": { "code": "219380", "name": "JAVARANAHALLI", "taluk": "Nagamangala" }, "geometry": { "type": "MultiPolygon", "coordinates": [ [ [ [ 76.8314, 12.7758 ], [ 76.8357, 12.75 ], [ 76.8294, 12.7498 ], [ 76.8187, 12.7561 ], [ 76.806, 12.7699 ], [ 76.8077, 12.7729 ], [ 76.8183, 12.7737 ], [ 76.8284, 12.7787 ], [ 76.8314, 12.7758 ] ] ], [ [ [ 76.6668, 12.9427 ], [ 76.6645, 12.9413 ], [ 76.6632, 12.9411 ], [ 76.6668, 12.9427 ] ] ], [ [ [ 76.6706, 12.9465 ], [ 76.6606, 12.9435 ], [ 76.6599, 12.9537 ], [ 76.6707, 12.9549 ], [ 76.6706, 12.9465 ] ] ], [ [ [ 76.6966, 12.9889 ], [ 76.7021, 12.9889 ], [ 76.7019, 12.9842 ], [ 76.7131, 12.9839 ], [ 76.7137, 12.9793 ], [ 76.7236, 12.9778 ], [ 76.7306, 12.9736 ], [ 76.7319, 12.9717 ], [ 76.7285, 12.9626 ], [ 76.73, 12.9604 ], [ 76.7373, 12.9599 ], [ 76.7373, 12.9567 ], [ 76.7397, 12.9566 ], [ 76.7345, 12.9405 ], [ 76.7311, 12.9405 ], [ 76.7299, 12.9484 ], [ 76.7193, 12.9482 ], [ 76.7173, 12.9456 ], [ 76.713, 12.9456 ], [ 76.7068, 12.9516 ], [ 76.7028, 12.9463 ], [ 76.7001, 12.9473 ], [ 76.699, 12.9448 ], [ 76.6914, 12.9425 ], [ 76.6879, 12.9502 ], [ 76.6858, 12.95 ], [ 76.6851, 12.9559 ], [ 76.6809, 12.9579 ], [ 76.6811, 12.9795 ], [ 76.6782, 12.9792 ], [ 76.6813, 12.9831 ], [ 76.6789, 12.9844 ], [ 76.6806, 12.9953 ], [ 76.6866, 12.9977 ], [ 76.6959, 12.9955 ], [ 76.698, 12.9919 ], [ 76.6966, 12.9889 ] ] ] ] } },
{ "type": "Feature", "properties": { "code": "219381", "name": "KADABAHALLI", "taluk": "Nagamangala" }, "geometry": { "type": "Polygon", "coordinates": [ [ [ 76.6407, 13.0095 ], [ 76.6533, 13.008 ], [ 76.6618, 13.0047 ], [ 76.6646, 13.0005 ], [ 76.6715, 12.9998 ], [ 76.674, 12.9953 ], [ 76.6712, 12.9902 ], [ 76.6726, 12.9855 ], [ 76.6812, 12.9843 ], [ 76.6782, 12.9792 ], [ 76.6813, 12.9782 ], [ 76.6809, 12.9579 ], [ 76.6599, 12.9537 ], [ 76.6176, 12.9542 ], [ 76.612, 12.9589 ], [ 76.6118, 12.9653 ], [ 76.6214, 12.9655 ], [ 76.6314, 12.9727 ], [ 76.6312, 12.9816 ], [ 76.6336, 12.9813 ], [ 76.6338, 12.984 ], [ 76.6323, 12.9934 ], [ 76.6298, 12.9943 ], [ 76.6322, 13.0042 ], [ 76.6407, 13.0095 ] ] ] } },
{ "type": "Feature", "properties": { "code": "219382", "name": "KALINGANAHALLI", "taluk": "Nagamangala" }, "geometry": { "type": "MultiPolygon", "coordinates": [ [ [ [ 76.6504, 12.7757 ], [ 76.645, 12.7622 ], [ 76.6415, 12.7593 ], [ 76.634, 12.7605 ], [ 76.6236, 12.7659 ], [ 76.6254, 12.7735 ], [ 76.6341, 12.7742 ], [ 76.6385, 12.7722 ], [ 76.6504, 12.7757 ] ] ], [ [ [ 76.6562, 12.875 ], [ 76.6519, 12.8817 ], [ 76.6649, 12.8812 ], [ 76.6652, 12.8741 ], [ 76.6562, 12.875 ] ] ], [ [ [ 76.6807, 12.9443 ], [ 76.681, 12.9275 ], [ 76.6763, 12.9271 ], [ 76.6716, 12.937 ], [ 76.6715, 12.9441 ], [ 76.6807, 12.9443 ] ] ], [ [ [ 76.7899, 13.0151 ], [ 76.8075, 13.0122 ], [ 76.8147, 13.0137 ], [ 76.8198, 13.005 ], [ 76.8296, 13.0022 ], [ 76.8275, 12.9987 ], [ 76.8414, 12.9891 ], [ 76.8395, 12.9807 ], [ 76.8417, 12.9734 ], [ 76.8397, 12.9735 ], [ 76.8418, 12.9564 ], [ 76.8396, 12.9458 ], [ 76.8487, 12.9441 ], [ 76.8497, 12.9383 ], [ 76.8625, 12.9347 ], [ 76.8626, 12.9279 ], [ 76.8539, 12.9253 ], [ 76.8532, 12.9153 ], [ 76.8501, 12.9149 ], [ 76.8449, 12.919 ], [ 76.8427, 12.9292 ], [ 76.8394, 12.9294 ], [ 76.8419, 12.9348 ], [ 76.8352, 12.9403 ], [ 76.8289, 12.9385 ], [ 76.8281, 12.93 ], [ 76.824, 12.9238 ], [ 76.8189, 12.9234 ], [ 76.7986, 12.9388 ], [ 76.7879, 12.9394 ], [ 76.7852, 12.946 ], [ 76.799, 12.95 ], [ 76.801, 12.9593 ], [ 76.7945, 12.9627 ], [ 76.7915, 12.9678 ], [ 76.7833, 12.9685 ], [ 76.7895, 12.9995 ], [ 76.7818, 13.0136 ], [ 76.7899, 13.0151 ] ], [ [ 76.8172, 12.9399 ], [ 76.8259, 12.9403 ], [ 76.8274, 12.9491 ], [ 76.8187, 12.9476 ], [ 76.8172, 12.9399 ] ] ] ] } },
{ "type": "Feature", "properties": { "code": "219383", "name": "KANTHAPURA", "taluk": "Nagamangala" }, "geometry": { "type": "MultiPolygon", "coordinates": [ [ [ [ 76.7214, 12.8054 ], [ 76.7398, 12.8076 ], [ 76.7366, 12.7886 ], [ 76.7352, 12.7902 ], [ 76.7125, 12.7879 ], [ 76.7135, 12.7751 ], [ 76.7032, 12.775 ], [ 76.6993, 12.7608 ], [ 76.6998, 12.7486 ], [ 76.6965, 12.7466 ], [ 76.6828, 12.7465 ], [ 76.6761, 12.7408 ], [ 76.6636, 12.742 ], [ 76.6665, 12.758 ], [ 76.662, 12.7584 ], [ 76.6609, 12.7537 ], [ 76.6587, 12.7537 ], [ 76.6605, 12.7518 ], [ 76.6588, 12.7519 ], [ 76.6537, 12.7525 ], [ 76.6503, 12.7597 ], [ 76.6461, 12.7594 ], [ 76.643, 12.7432 ], [ 76.6352, 12.7459 ], [ 76.6283, 12.7632 ], [ 76.6372, 12.7597 ], [ 76.6433, 12.7606 ], [ 76.6489, 12.7739 ], [ 76.6537, 12.7763 ], [ 76.654, 12.7785 ], [ 76.6584, 12.7789 ], [ 76.6584, 12.7826 ], [ 76.6641, 12.7845 ], [ 76.6643, 12.7883 ], [ 76.6684, 12.7884 ], [ 76.6706, 12.7966 ], [ 76.6762, 12.7966 ], [ 76.6781, 12.8041 ], [ 76.6898, 12.7934 ], [ 76.6912, 12.7961 ], [ 76.7018, 12.7945 ], [ 76.7049, 12.803 ], [ 76.7098, 12.8053 ], [ 76.7138, 12.8014 ], [ 76.7202, 12.801 ], [ 76.7214, 12.8054 ] ], [ [ 76.7055, 12.7902 ], [ 76.6976, 12.7873 ], [ 76.6967, 12.7833 ], [ 76.6986, 12.7764 ], [ 76.7051, 12.7762 ], [ 76.7055, 12.7902 ] ], [ [ 76.6846, 12.7759 ], [ 76.6756, 12.774 ], [ 76.6734, 12.7714 ], [ 76.6726, 12.7637 ], [ 76.6752, 12.7584 ], [ 76.6814, 12.7593 ], [ 76.6846, 12.7759 ] ] ], [ [ [ 76.8635, 12.7945 ], [ 76.8506, 12.7899 ], [ 76.8496, 12.7874 ], [ 76.8419, 12.7995 ], [ 76.837, 12.7978 ], [ 76.8372, 12.8027 ], [ 76.8562, 12.805 ], [ 76.8616, 12.8015 ], [ 76.8635, 12.7945 ] ] ], [ [ [ 76.8281, 12.93 ], [ 76.8427, 12.9292 ], [ 76.8428, 12.9148 ], [ 76.8353, 12.9156 ], [ 76.824, 12.9238 ], [ 76.8281, 12.93 ] ] ] ] } },
{ "type": "Feature", "properties": { "code": "219384", "name": "KARADAHALLI", "taluk": "Nagamangala" }, "geometry": { "type": "MultiPolygon", "coordinates": [ [ [ [ 76.8112, 12.7475 ], [ 76.8117, 12.7451 ], [ 76.8156, 12.7444 ], [ 76.8172, 12.7482 ], [ 76.8216, 12.7483 ], [ 76.8205, 12.7429 ], [ 76.814, 12.7353 ], [ 76.8098, 12.7311 ], [ 76.805, 12.7304 ], [ 76.7987, 12.7382 ], [ 76.7942, 12.7373 ], [ 76.7921, 12.7419 ], [ 76.7814, 12.7439 ], [ 76.781, 12.7466 ], [ 76.7882, 12.7546 ], [ 76.7878, 12.7593 ], [ 76.7982, 12.7578 ], [ 76.8031, 12.752 ], [ 76.8112, 12.7475 ] ] ], [ [ [ 76.7823, 12.8207 ], [ 76.7895, 12.8235 ], [ 76.813, 12.8188 ], [ 76.8267, 12.8213 ], [ 76.8228, 12.7985 ], [ 76.8308, 12.7802 ], [ 76.8164, 12.7733 ], [ 76.8077, 12.7729 ], [ 76.7962, 12.7769 ], [ 76.801, 12.7915 ], [ 76.797, 12.7963 ], [ 76.798, 12.799 ], [ 76.7907, 12.801 ], [ 76.7839, 12.7888 ], [ 76.7613, 12.7919 ], [ 76.7599, 12.7967 ], [ 76.7625, 12.8063 ], [ 76.7684, 12.8064 ], [ 76.779, 12.802 ], [ 76.7908, 12.8019 ], [ 76.7894, 12.8081 ], [ 76.7763, 12.8121 ], [ 76.7726, 12.8111 ], [ 76.7694, 12.8142 ], [ 76.7743, 12.8209 ], [ 76.78, 12.8211 ], [ 76.7799, 12.8235 ], [ 76.7823, 12.8207 ] ] ], [ [ [ 76.7157, 12.8799 ], [ 76.7154, 12.9032 ], [ 76.7213, 12.9021 ], [ 76.7251, 12.8874 ], [ 76.7157, 12.8799 ] ] ], [ [ [ 76.7257, 12.9155 ], [ 76.7243, 12.9077 ], [ 76.7181, 12.9134 ], [ 76.7192, 12.9254 ], [ 76.7342, 12.9274 ], [ 76.7351, 12.913 ], [ 76.7257, 12.9155 ] ] ], [ [ [ 76.6746, 12.9852 ], [ 76.6712, 12.9902 ], [ 76.674, 12.9953 ], [ 76.6728, 12.9974 ], [ 76.6806, 12.9953 ], [ 76.6807, 12.9868 ], [ 76.6789, 12.9844 ], [ 76.6746, 12.9852 ] ] ] ] } },
{ "type": "Feature", "properties": { "code": "219385", "name": "LALANAKERE", "taluk": "Nagamangala" }, "geometry": { "type": "MultiPolygon", "coordinates": [ [ [ [ 76.6468, 12.8584 ], [ 76.6444, 12.8607 ], [ 76.6439, 12.8705 ], [ 76.6508, 12.8683 ], [ 76.6513, 12.8589 ], [ 76.6468, 12.8584 ] ] ], [ [ [ 76.6237, 12.9555 ], [ 76.6505, 12.9532 ], [ 76.6545, 12.9414 ], [ 76.6511, 12.9369 ], [ 76.6468, 12.9386 ], [ 76.6443, 12.9352 ], [ 76.6497, 12.9168 ], [ 76.649, 12.9144 ], [ 76.6419, 12.915 ], [ 76.6393, 12.9096 ], [ 76.645, 12.9042 ], [ 76.6441, 12.9021 ], [ 76.6316, 12.8967 ], [ 76.6142, 12.9007 ], [ 76.6065, 12.8962 ], [ 76.6012, 12.8983 ], [ 76.5984, 12.9011 ], [ 76.5996, 12.9056 ], [ 76.5963, 12.9199 ], [ 76.5992, 12.9236 ], [ 76.6031, 12.9229 ], [ 76.606, 12.9386 ], [ 76.6162, 12.9371 ], [ 76.6176, 12.9542 ], [ 76.6237, 12.9555 ] ] ] ] } },
{ "type": "Feature", "properties": { "code": "219386", "name": "MANNAHALLI", "taluk": "Nagamangala" }, "geometry": { "type": "Polygon", "coordinates": [ [ [ 76.7797, 12.775 ], [ 76.7786, 12.7644 ], [ 76.7878, 12.7593 ], [ 76.7882, 12.7546 ], [ 76.7785, 12.7411 ], [ 76.7757, 12.7258 ], [ 76.7685, 12.7222 ], [ 76.7596, 12.7238 ], [ 76.7592, 12.7044 ], [ 76.7544, 12.6983 ], [ 76.7306, 12.706 ], [ 76.7452, 12.7285 ], [ 76.741, 12.7331 ], [ 76.7444, 12.7398 ], [ 76.7326, 12.7452 ], [ 76.7353, 12.7527 ], [ 76.7467, 12.75 ], [ 76.749, 12.7625 ], [ 76.7428, 12.7689 ], [ 76.7432, 12.7752 ], [ 76.7545, 12.7747 ], [ 76.7561, 12.7727 ], [ 76.7625, 12.7727 ], [ 76.7654, 12.7763 ], [ 76.7797, 12.775 ] ] ] } },
{ "type": "Feature", "properties": { "code": "219387", "name": "MAYIGONAHALLI", "taluk": "Nagamangala" }, "geometry": { "type": "Polygon", "coordinates": [ [ [ 76.6935, 12.8822 ], [ 76.7001, 12.8821 ], [ 76.6982, 12.8757 ], [ 76.7124, 12.8762 ], [ 76.7156, 12.873 ], [ 76.7073, 12.8485 ], [ 76.7039, 12.8488 ], [ 76.7012, 12.8351 ], [ 76.7146, 12.831 ], [ 76.7138, 12.8014 ], [ 76.7098, 12.8053 ], [ 76.7049, 12.803 ], [ 76.7018, 12.7945 ], [ 76.6912, 12.7961 ], [ 76.6898, 12.7934 ], [ 76.6781, 12.8041 ], [ 76.6717, 12.803 ], [ 76.6609, 12.8072 ], [ 76.6595, 12.8048 ], [ 76.6537, 12.8057 ], [ 76.6611, 12.8258 ], [ 76.6565, 12.8323 ], [ 76.6563, 12.842 ], [ 76.6761, 12.8472 ], [ 76.6751, 12.8559 ], [ 76.6799, 12.8771 ], [ 76.68, 12.8885 ], [ 76.6935, 12.8822 ] ] ] } },
{ "type": "Feature", "properties": { "code": "219388", "name": "NALLIGERE", "taluk": "Nagamangala" }, "geometry": { "type": "MultiPolygon", "coordinates": [ [ [ [ 76.7383, 12.6921 ], [ 76.7336, 12.6947 ], [ 76.7316, 12.6904 ], [ 76.7265, 12.691 ], [ 76.7251, 12.6887 ], [ 76.7195, 12.6915 ], [ 76.7306, 12.706 ], [ 76.7423, 12.7014 ], [ 76.7383, 12.6921 ] ] ], [ [ [ 76.7138, 12.9111 ], [ 76.7154, 12.9032 ], [ 76.6936, 12.91 ], [ 76.6949, 12.9161 ], [ 76.7028, 12.9163 ], [ 76.7046, 12.9183 ], [ 76.7138, 12.9111 ] ] ], [ [ [ 76.7865, 12.9895 ], [ 76.7661, 12.9909 ], [ 76.7619, 12.9727 ], [ 76.7833, 12.9685 ], [ 76.7818, 12.9635 ], [ 76.7837, 12.962 ], [ 76.7865, 12.9621 ], [ 76.7868, 12.968 ], [ 76.7915, 12.9678 ], [ 76.7945, 12.9627 ], [ 76.7995, 12.9611 ], [ 76.801, 12.9593 ], [ 76.799, 12.95 ], [ 76.7852, 12.946 ], [ 76.7882, 12.9391 ], [ 76.7986, 12.9388 ], [ 76.8112, 12.9281 ], [ 76.799, 12.9203 ], [ 76.7977, 12.9154 ], [ 76.7933, 12.9151 ], [ 76.7866, 12.9213 ], [ 76.7705, 12.919 ], [ 76.7692, 12.9289 ], [ 76.7619, 12.9312 ], [ 76.7587, 12.9254 ], [ 76.7511, 12.9208 ], [ 76.7348, 12.9248 ], [ 76.7311, 12.9405 ], [ 76.7345, 12.9405 ], [ 76.7397, 12.9566 ], [ 76.7373, 12.9567 ], [ 76.7373, 12.9592 ], [ 76.7485, 12.9602 ], [ 76.7424, 12.9678 ], [ 76.7429, 12.9737 ], [ 76.7473, 12.9758 ], [ 76.743, 12.9837 ], [ 76.7602, 12.9916 ], [ 76.7595, 12.9941 ], [ 76.763, 12.9933 ], [ 76.7658, 13.0002 ], [ 76.7778, 13.0028 ], [ 76.7855, 13.0012 ], [ 76.789, 12.9977 ], [ 76.7865, 12.9895 ] ] ] ] } },
{ "type": "Feature", "properties": { "code": "219389", "name": "PALAGRAHARA", "taluk": "Nagamangala" }, "geometry": { "type": "MultiPolygon", "coordinates": [ [ [ [ 76.8615, 12.7697 ], [ 76.8715, 12.7708 ], [ 76.8669, 12.7534 ], [ 76.8597, 12.753 ], [ 76.8603, 12.7634 ], [ 76.854, 12.7651 ], [ 76.8533, 12.7716 ], [ 76.8501, 12.774 ], [ 76.8615, 12.7697 ] ] ], [ [ [ 76.7857, 12.8839 ], [ 76.7982, 12.879 ], [ 76.8038, 12.8702 ], [ 76.8094, 12.8669 ], [ 76.8091, 12.8521 ], [ 76.8005, 12.8447 ], [ 76.8189, 12.8433 ], [ 76.83, 12.8349 ], [ 76.8267, 12.8213 ], [ 76.813, 12.8188 ], [ 76.7971, 12.8223 ], [ 76.8035, 12.8282 ], [ 76.8045, 12.8347 ], [ 76.7988, 12.8348 ], [ 76.7983, 12.8322 ], [ 76.7905, 12.8342 ], [ 76.7856, 12.8258 ], [ 76.7712, 12.8265 ], [ 76.7693, 12.838 ], [ 76.7754, 12.8507 ], [ 76.7848, 12.8477 ], [ 76.7941, 12.8486 ], [ 76.8009, 12.8651 ], [ 76.7772, 12.8653 ], [ 76.767, 12.8703 ], [ 76.7683, 12.8938 ], [ 76.7754, 12.8977 ], [ 76.7876, 12.8932 ], [ 76.7857, 12.8839 ] ] ], [ [ [ 76.8172, 12.9399 ], [ 76.8187, 12.9476 ], [ 76.8274, 12.9491 ], [ 76.8259, 12.9403 ], [ 76.8172, 12.9399 ] ] ] ] } },
{ "type": "Feature", "properties": { "code": "219390", "name": "TUPPADAMADU", "taluk": "Nagamangala" }, "geometry": { "type": "Polygon", "coordinates": [ [ [ 76.7225, 12.866 ], [ 76.7306, 12.8689 ], [ 76.742, 12.8649 ], [ 76.7407, 12.8606 ], [ 76.7476, 12.8486 ], [ 76.7452, 12.8413 ], [ 76.7376, 12.8369 ], [ 76.7474, 12.8354 ], [ 76.7476, 12.8306 ], [ 76.7277, 12.8277 ], [ 76.7343, 12.8233 ], [ 76.7355, 12.8149 ], [ 76.7401, 12.8122 ], [ 76.7398, 12.8076 ], [ 76.7296, 12.8079 ], [ 76.7214, 12.8054 ], [ 76.7217, 12.8012 ], [ 76.7138, 12.8014 ], [ 76.7146, 12.831 ], [ 76.7021, 12.8344 ], [ 76.7018, 12.8395 ], [ 76.7039, 12.8488 ], [ 76.7073, 12.8485 ], [ 76.7156, 12.873 ], [ 76.7225, 12.866 ] ] ] } },
{ "type": "Feature", "properties": { "code": "219391", "name": "ARALAKUPPE", "taluk": "Pandavapura" }, "geometry": { "type": "Polygon", "coordinates": [ [ [ 76.6078, 12.4824 ], [ 76.6054, 12.4717 ], [ 76.6105, 12.4703 ], [ 76.6104, 12.4649 ], [ 76.6253, 12.4627 ], [ 76.6249, 12.4535 ], [ 76.6192, 12.4424 ], [ 76.6241, 12.4372 ], [ 76.6282, 12.4382 ], [ 76.6315, 12.4313 ], [ 76.6298, 12.4252 ], [ 76.6234, 12.4249 ], [ 76.6244, 12.4226 ], [ 76.6134, 12.4212 ], [ 76.6088, 12.4265 ], [ 76.609, 12.431 ], [ 76.606, 12.4337 ], [ 76.6078, 12.4361 ], [ 76.6024, 12.4396 ], [ 76.6076, 12.4494 ], [ 76.6046, 12.4556 ], [ 76.6047, 12.4627 ], [ 76.6008, 12.4698 ], [ 76.5962, 12.4698 ], [ 76.5932, 12.4724 ], [ 76.588, 12.4716 ], [ 76.5887, 12.4754 ], [ 76.5971, 12.4787 ], [ 76.5974, 12.4818 ], [ 76.6078, 12.4824 ] ] ] } },
{ "type": "Feature", "properties": { "code": "219392", "name": "BALAGATTA", "taluk": "Pandavapura" }, "geometry": { "type": "Polygon", "coordinates": [ [ [ 76.6486, 12.7259 ], [ 76.6602, 12.7258 ], [ 76.6625, 12.7061 ], [ 76.6578, 12.688 ], [ 76.6518, 12.6832 ], [ 76.6405, 12.6802 ], [ 76.6386, 12.6532 ], [ 76.6251, 12.6517 ], [ 76.6253, 12.6293 ], [ 76.62, 12.627 ], [ 76.6048, 12.6291 ], [ 76.6042, 12.6423 ], [ 76.6001, 12.6518 ], [ 76.6135, 12.6459 ], [ 76.6129, 12.6654 ], [ 76.6097, 12.6748 ], [ 76.6116, 12.678 ], [ 76.6158, 12.678 ], [ 76.6133, 12.7078 ], [ 76.6256, 12.7166 ], [ 76.6319, 12.7161 ], [ 76.6365, 12.7107 ], [ 76.6412, 12.7093 ], [ 76.6472, 12.7117 ], [ 76.65, 12.7182 ], [ 76.6486, 12.7259 ] ] ] } },
{ "type": "Feature", "properties": { "code": "219393", "name": "BANNANGADI", "taluk": "Pandavapura" }, "geometry": { "type": "Polygon", "coordinates": [ [ [ 76.5641, 12.5033 ], [ 76.5587, 12.497 ], [ 76.5596, 12.4943 ], [ 76.5795, 12.4905 ], [ 76.5786, 12.4769 ], [ 76.5726, 12.4661 ], [ 76.5695, 12.4534 ], [ 76.5625, 12.4467 ], [ 76.559, 12.4468 ], [ 76.5622, 12.4516 ], [ 76.5567, 12.4474 ], [ 76.5507, 12.4503 ], [ 76.5496, 12.4553 ], [ 76.5429, 12.4482 ], [ 76.535, 12.4487 ], [ 76.5373, 12.4576 ], [ 76.5335, 12.4593 ], [ 76.536, 12.4603 ], [ 76.5374, 12.4724 ], [ 76.5416, 12.4755 ], [ 76.5374, 12.4779 ], [ 76.5383, 12.5028 ], [ 76.547, 12.5027 ], [ 76.5517, 12.5001 ], [ 76.5641, 12.5033 ] ] ] } },
{ "type": "Feature", "properties": { "code": "219394", "name": "CHIKKADE", "taluk": "Pandavapura" }, "geometry": { "type": "Polygon", "coordinates": [ [ [ 76.7048, 12.5095 ], [ 76.7038, 12.5013 ], [ 76.7148, 12.4984 ], [ 76.7199, 12.493 ], [ 76.7209, 12.4791 ], [ 76.7153, 12.4803 ], [ 76.7101, 12.4777 ], [ 76.704, 12.48 ], [ 76.7033, 12.4823 ], [ 76.7025, 12.4804 ], [ 76.7013, 12.4858 ], [ 76.697, 12.4869 ], [ 76.6964, 12.4826 ], [ 76.6926, 12.4813 ], [ 76.6905, 12.4833 ], [ 76.6857, 12.5008 ], [ 76.6943, 12.5071 ], [ 76.6991, 12.5063 ], [ 76.6991, 12.5085 ], [ 76.7048, 12.5095 ] ] ] } },
{ "type": "Feature", "properties": { "code": "219395", "name": "CHINAKURALI", "taluk": "Pandavapura" }, "geometry": { "type": "Polygon", "coordinates": [ [ [ 76.6169, 12.5757 ], [ 76.6172, 12.5588 ], [ 76.6328, 12.5519 ], [ 76.6253, 12.5377 ], [ 76.6178, 12.5145 ], [ 76.6023, 12.5318 ], [ 76.5821, 12.5349 ], [ 76.5824, 12.5389 ], [ 76.5858, 12.5394 ], [ 76.5863, 12.5493 ], [ 76.5888, 12.5503 ], [ 76.5835, 12.5611 ], [ 76.5831, 12.5749 ], [ 76.5891, 12.5767 ], [ 76.599, 12.5752 ], [ 76.6005, 12.5831 ], [ 76.6169, 12.5757 ] ] ] } },
{ "type": "Feature", "properties": { "code": "219396", "name": "DINKA", "taluk": "Pandavapura" }, "geometry": { "type": "MultiPolygon", "coordinates": [ [ [ [ 76.533, 12.4598 ], [ 76.5373, 12.4576 ], [ 76.5329, 12.4451 ], [ 76.5271, 12.4539 ], [ 76.528, 12.4586 ], [ 76.533, 12.4598 ] ] ], [ [ [ 76.5552, 12.5493 ], [ 76.5589, 12.5395 ], [ 76.5593, 12.5297 ], [ 76.5629, 12.5313 ], [ 76.5632, 12.5241 ], [ 76.5579, 12.5205 ], [ 76.5565, 12.5155 ], [ 76.5588, 12.5107 ], [ 76.56, 12.5123 ], [ 76.5674, 12.5102 ], [ 76.5654, 12.504 ], [ 76.552, 12.5001 ], [ 76.547, 12.5027 ], [ 76.5383, 12.5028 ], [ 76.5374, 12.4779 ], [ 76.5316, 12.4757 ], [ 76.5299, 12.479 ], [ 76.5265, 12.4746 ], [ 76.5148, 12.4734 ], [ 76.5136, 12.4805 ], [ 76.5146, 12.4791 ], [ 76.5153, 12.4846 ], [ 76.5193, 12.4869 ], [ 76.5196, 12.4927 ], [ 76.5158, 12.4931 ], [ 76.5172, 12.5038 ], [ 76.5155, 12.5052 ], [ 76.5252, 12.5089 ], [ 76.5241, 12.5168 ], [ 76.5286, 12.5259 ], [ 76.5478, 12.5237 ], [ 76.5485, 12.527 ], [ 76.5459, 12.5274 ], [ 76.5441, 12.5336 ], [ 76.5414, 12.5338 ], [ 76.542, 12.5366 ], [ 76.5462, 12.5496 ], [ 76.5552, 12.5493 ] ] ] ] } },
{ "type": "Feature", "properties": { "code": "219397", "name": "DODDABYADARAHALLI", "taluk": "Pandavapura" }, "geometry": { "type": "MultiPolygon", "coordinates": [ [ [ [ 76.7676, 12.5351 ], [ 76.7985, 12.524 ], [ 76.7968, 12.517 ], [ 76.78, 12.516 ], [ 76.7668, 12.5236 ], [ 76.7631, 12.5013 ], [ 76.7546, 12.4826 ], [ 76.7438, 12.4813 ], [ 76.7351, 12.4852 ], [ 76.7307, 12.4823 ], [ 76.7205, 12.4825 ], [ 76.7199, 12.493 ], [ 76.7148, 12.4984 ], [ 76.7169, 12.5048 ], [ 76.7184, 12.4995 ], [ 76.7253, 12.5 ], [ 76.7272, 12.5032 ], [ 76.7253, 12.5081 ], [ 76.7266, 12.5144 ], [ 76.7391, 12.5188 ], [ 76.7458, 12.5257 ], [ 76.7473, 12.5245 ], [ 76.7482, 12.5279 ], [ 76.7524, 12.5282 ], [ 76.7524, 12.5308 ], [ 76.7676, 12.5351 ] ] ], [ [ [ 76.6215, 12.5653 ], [ 76.6331, 12.5658 ], [ 76.6397, 12.5603 ], [ 76.6328, 12.5519 ], [ 76.6172, 12.5588 ], [ 76.616, 12.5686 ], [ 76.6215, 12.5653 ] ] ] ] } },
{ "type": "Feature", "properties": { "code": "219398", "name": "GUMMANAHALLI", "taluk": "Pandavapura" }, "geometry": { "type": "Polygon", "coordinates": [ [ [ 76.5858, 12.5394 ], [ 76.5824, 12.5389 ], [ 76.5832, 12.5329 ], [ 76.5769, 12.5214 ], [ 76.5657, 12.5177 ], [ 76.5629, 12.5105 ], [ 76.5581, 12.5114 ], [ 76.5565, 12.5155 ], [ 76.5579, 12.5205 ], [ 76.5632, 12.5241 ], [ 76.5629, 12.5313 ], [ 76.5593, 12.5297 ], [ 76.5589, 12.5395 ], [ 76.5552, 12.5493 ], [ 76.5581, 12.5591 ], [ 76.5643, 12.5678 ], [ 76.5813, 12.5545 ], [ 76.5874, 12.5523 ], [ 76.5888, 12.5503 ], [ 76.5863, 12.5493 ], [ 76.5858, 12.5394 ] ] ] } },
{ "type": "Feature", "properties": { "code": "219399", "name": "HALEBEEDU", "taluk": "Pandavapura" }, "geometry": { "type": "MultiPolygon", "coordinates": [ [ [ [ 76.6376, 12.539 ], [ 76.6409, 12.5328 ], [ 76.6386, 12.5322 ], [ 76.6376, 12.5271 ], [ 76.6332, 12.5268 ], [ 76.6233, 12.5322 ], [ 76.6253, 12.5377 ], [ 76.6338, 12.5364 ], [ 76.6376, 12.539 ] ] ], [ [ [ 76.717, 12.6432 ], [ 76.7332, 12.6385 ], [ 76.7356, 12.6346 ], [ 76.7329, 12.6232 ], [ 76.7345, 12.6195 ], [ 76.7293, 12.6123 ], [ 76.7315, 12.5973 ], [ 76.7153, 12.5932 ], [ 76.7102, 12.5947 ], [ 76.7086, 12.5903 ], [ 76.7041, 12.5895 ], [ 76.7013, 12.5859 ], [ 76.6997, 12.5795 ], [ 76.6858, 12.5755 ], [ 76.681, 12.5768 ], [ 76.6788, 12.5913 ], [ 76.6735, 12.5938 ], [ 76.6722, 12.6008 ], [ 76.6761, 12.6107 ], [ 76.6783, 12.6101 ], [ 76.6791, 12.6056 ], [ 76.6864, 12.6047 ], [ 76.6828, 12.6247 ], [ 76.6888, 12.6298 ], [ 76.6962, 12.6212 ], [ 76.7051, 12.6191 ], [ 76.7079, 12.6293 ], [ 76.713, 12.6306 ], [ 76.7126, 12.6396 ], [ 76.717, 12.6432 ] ] ] ] } },
{ "type": "Feature", "properties": { "code": "219400", "name": "HARAVOO", "taluk": "Pandavapura" }, "geometry": { "type": "MultiPolygon", "coordinates": [ [ [ [ 76.6476, 12.478 ], [ 76.6495, 12.4698 ], [ 76.6468, 12.4598 ], [ 76.6433, 12.4608 ], [ 76.6432, 12.4576 ], [ 76.6411, 12.4583 ], [ 76.6421, 12.4408 ], [ 76.6396, 12.4384 ], [ 76.6507, 12.432 ], [ 76.6298, 12.4252 ], [ 76.6315, 12.4323 ], [ 76.6282, 12.4382 ], [ 76.6241, 12.4372 ], [ 76.6192, 12.4424 ], [ 76.6249, 12.4535 ], [ 76.6246, 12.4638 ], [ 76.6309, 12.4668 ], [ 76.632, 12.4753 ], [ 76.6379, 12.4792 ], [ 76.6476, 12.478 ] ] ], [ [ [ 76.6128, 12.4892 ], [ 76.6294, 12.4758 ], [ 76.6287, 12.4706 ], [ 76.6159, 12.4749 ], [ 76.6061, 12.4739 ], [ 76.6096, 12.4883 ], [ 76.6128, 12.4892 ] ] ] ] } },
{ "type": "Feature", "properties": { "code": "219401", "name": "HIREMARALI", "taluk": "Pandavapura" }, "geometry": { "type": "Polygon", "coordinates": [ [ [ 76.6978, 12.5389 ], [ 76.7093, 12.5323 ], [ 76.7053, 12.5246 ], [ 76.7048, 12.5095 ], [ 76.7031, 12.5085 ], [ 76.6991, 12.5085 ], [ 76.6968, 12.5111 ], [ 76.6865, 12.5068 ], [ 76.6799, 12.5129 ], [ 76.6801, 12.5212 ], [ 76.6769, 12.5235 ], [ 76.6758, 12.5212 ], [ 76.6654, 12.5239 ], [ 76.6666, 12.5315 ], [ 76.6733, 12.5291 ], [ 76.672, 12.5356 ], [ 76.6811, 12.5395 ], [ 76.6835, 12.555 ], [ 76.6882, 12.5574 ], [ 76.6911, 12.5638 ], [ 76.7006, 12.5589 ], [ 76.6978, 12.5389 ] ] ] } },
{ "type": "Feature", "properties": { "code": "219402", "name": "HONAGANAHALLI", "taluk": "Pandavapura" }, "geometry": { "type": "MultiPolygon", "coordinates": [ [ [ [ 76.6048, 12.53 ], [ 76.6188, 12.5146 ], [ 76.6072, 12.4967 ], [ 76.6096, 12.4883 ], [ 76.6078, 12.4824 ], [ 76.5974, 12.4818 ], [ 76.5971, 12.4787 ], [ 76.5887, 12.4754 ], [ 76.5878, 12.471 ], [ 76.5774, 12.474 ], [ 76.5795, 12.4905 ], [ 76.5632, 12.4928 ], [ 76.5586, 12.4963 ], [ 76.567, 12.5085 ], [ 76.5674, 12.5102 ], [ 76.5629, 12.5105 ], [ 76.5657, 12.5177 ], [ 76.5769, 12.5214 ], [ 76.5823, 12.5345 ], [ 76.5907, 12.5328 ], [ 76.5922, 12.5349 ], [ 76.6048, 12.53 ] ] ], [ [ [ 76.5816, 12.5692 ], [ 76.5661, 12.5715 ], [ 76.5649, 12.5767 ], [ 76.5721, 12.5817 ], [ 76.5823, 12.579 ], [ 76.5816, 12.5692 ] ] ] ] } },
{ "type": "Feature", "properties": { "code": "219403", "name": "JAKKANAHALLI", "taluk": "Pandavapura" }, "geometry": { "type": "MultiPolygon", "coordinates": [ [ [ [ 76.6498, 12.4866 ], [ 76.6407, 12.4924 ], [ 76.6457, 12.5065 ], [ 76.6447, 12.5129 ], [ 76.6519, 12.5145 ], [ 76.6538, 12.5118 ], [ 76.6538, 12.4979 ], [ 76.6498, 12.4866 ] ] ], [ [ [ 76.6727, 12.6942 ], [ 76.6745, 12.6903 ], [ 76.6721, 12.6793 ], [ 76.6783, 12.6755 ], [ 76.6827, 12.6765 ], [ 76.6808, 12.6682 ], [ 76.7002, 12.6667 ], [ 76.7021, 12.6638 ], [ 76.7137, 12.6594 ], [ 76.724, 12.6495 ], [ 76.7341, 12.6477 ], [ 76.7353, 12.6431 ], [ 76.7332, 12.6385 ], [ 76.717, 12.6432 ], [ 76.7126, 12.6396 ], [ 76.7089, 12.6439 ], [ 76.7045, 12.6433 ], [ 76.699, 12.6518 ], [ 76.6953, 12.6515 ], [ 76.691, 12.6405 ], [ 76.703, 12.6323 ], [ 76.7071, 12.6266 ], [ 76.7051, 12.6191 ], [ 76.6962, 12.6212 ], [ 76.6888, 12.6298 ], [ 76.6824, 12.6241 ], [ 76.6745, 12.6256 ], [ 76.6695, 12.633 ], [ 76.6721, 12.6387 ], [ 76.6477, 12.6415 ], [ 76.6562, 12.678 ], [ 76.6523, 12.6836 ], [ 76.6578, 12.688 ], [ 76.663, 12.6978 ], [ 76.6727, 12.6942 ] ] ] ] } },
{ "type": "Feature", "properties": { "code": "219404", "name": "K BETTAHALLI", "taluk": "Pandavapura" }, "geometry": { "type": "MultiPolygon", "coordinates": [ [ [ [ 76.6233, 12.5322 ], [ 76.6367, 12.527 ], [ 76.6364, 12.5219 ], [ 76.6422, 12.5193 ], [ 76.6447, 12.5129 ], [ 76.6457, 12.5065 ], [ 76.6407, 12.4924 ], [ 76.6514, 12.4848 ], [ 76.6455, 12.4826 ], [ 76.6453, 12.4783 ], [ 76.6385, 12.4794 ], [ 76.632, 12.4753 ], [ 76.6301, 12.4663 ], [ 76.6217, 12.463 ], [ 76.6109, 12.4645 ], [ 76.6105, 12.4703 ], [ 76.6054, 12.4717 ], [ 76.6061, 12.4739 ], [ 76.6159, 12.4749 ], [ 76.6287, 12.4706 ], [ 76.6294, 12.4756 ], [ 76.6238, 12.4825 ], [ 76.6194, 12.4838 ], [ 76.6187, 12.4869 ], [ 76.6096, 12.4883 ], [ 76.6072, 12.4967 ], [ 76.6199, 12.5161 ], [ 76.6233, 12.5322 ] ] ], [ [ [ 76.7035, 12.645 ], [ 76.7089, 12.6439 ], [ 76.7126, 12.6396 ], [ 76.713, 12.6306 ], [ 76.7079, 12.6293 ], [ 76.7071, 12.6266 ], [ 76.703, 12.6323 ], [ 76.691, 12.6405 ], [ 76.6953, 12.6515 ], [ 76.699, 12.6518 ], [ 76.7035, 12.645 ] ] ] ] } },
{ "type": "Feature", "properties": { "code": "219405", "name": "KANAGANA MARADI", "taluk": "Pandavapura" }, "geometry": { "type": "Polygon", "coordinates": [ [ [ 76.7348, 12.5583 ], [ 76.7437, 12.5597 ], [ 76.7526, 12.5559 ], [ 76.7603, 12.5566 ], [ 76.7614, 12.5458 ], [ 76.7676, 12.5351 ], [ 76.7524, 12.5308 ], [ 76.7524, 12.5282 ], [ 76.7482, 12.5279 ], [ 76.7473, 12.5245 ], [ 76.7458, 12.5257 ], [ 76.7338, 12.516 ], [ 76.7187, 12.5138 ], [ 76.7158, 12.5098 ], [ 76.7167, 12.5029 ], [ 76.7148, 12.4984 ], [ 76.7062, 12.4997 ], [ 76.7034, 12.5033 ], [ 76.7055, 12.5075 ], [ 76.7053, 12.5246 ], [ 76.7093, 12.5323 ], [ 76.6978, 12.5389 ], [ 76.6973, 12.5425 ], [ 76.6985, 12.5448 ], [ 76.7077, 12.5421 ], [ 76.7312, 12.5443 ], [ 76.7318, 12.5467 ], [ 76.7253, 12.5476 ], [ 76.7204, 12.5535 ], [ 76.7262, 12.5629 ], [ 76.7348, 12.5583 ] ] ] } },
{ "type": "Feature", "properties": { "code": "219406", "name": "KATTERI", "taluk": "Pandavapura" }, "geometry": { "type": "Polygon", "coordinates": [ [ [ 76.5774, 12.474 ], [ 76.5878, 12.471 ], [ 76.5932, 12.4724 ], [ 76.6023, 12.4676 ], [ 76.6076, 12.4494 ], [ 76.6023, 12.4424 ], [ 76.6025, 12.4387 ], [ 76.6078, 12.4361 ], [ 76.606, 12.4337 ], [ 76.609, 12.431 ], [ 76.6088, 12.4265 ], [ 76.5921, 12.4216 ], [ 76.5688, 12.4255 ], [ 76.5736, 12.4335 ], [ 76.5724, 12.4365 ], [ 76.5697, 12.4308 ], [ 76.5676, 12.4346 ], [ 76.5595, 12.4354 ], [ 76.5568, 12.4381 ], [ 76.5558, 12.4322 ], [ 76.5481, 12.4397 ], [ 76.5492, 12.4458 ], [ 76.5471, 12.4428 ], [ 76.5458, 12.445 ], [ 76.5418, 12.4436 ], [ 76.5422, 12.4467 ], [ 76.5328, 12.445 ], [ 76.5342, 12.4491 ], [ 76.5429, 12.4482 ], [ 76.5496, 12.4553 ], [ 76.5507, 12.4503 ], [ 76.5567, 12.4474 ], [ 76.5612, 12.4517 ], [ 76.559, 12.4468 ], [ 76.5666, 12.4489 ], [ 76.5726, 12.4661 ], [ 76.5774, 12.474 ] ] ] } },
{ "type": "Feature", "properties": { "code": "219407", "name": "KENNALU", "taluk": "Pandavapura" }, "geometry": { "type": "Polygon", "coordinates": [ [ [ 76.6833, 12.4912 ], [ 76.6894, 12.4913 ], [ 76.6905, 12.4833 ], [ 76.697, 12.4753 ], [ 76.6947, 12.4706 ], [ 76.6846, 12.4726 ], [ 76.6872, 12.4631 ], [ 76.6851, 12.4586 ], [ 76.6793, 12.4588 ], [ 76.676, 12.4632 ], [ 76.6765, 12.4659 ], [ 76.6703, 12.4686 ], [ 76.6621, 12.4663 ], [ 76.6518, 12.4748 ], [ 76.6484, 12.474 ], [ 76.6485, 12.4772 ], [ 76.6445, 12.4797 ], [ 76.6478, 12.4847 ], [ 76.6774, 12.486 ], [ 76.6833, 12.4912 ] ] ] } },
{ "type": "Feature", "properties": { "code": "219408", "name": "KYATHANAHALLI", "taluk": "Pandavapura" }, "geometry": { "type": "Polygon", "coordinates": [ [ [ 76.6621, 12.4663 ], [ 76.6618, 12.4549 ], [ 76.6667, 12.4437 ], [ 76.6649, 12.4416 ], [ 76.6586, 12.443 ], [ 76.6569, 12.4351 ], [ 76.6619, 12.43 ], [ 76.6527, 12.4242 ], [ 76.6492, 12.4266 ], [ 76.6507, 12.4321 ], [ 76.6396, 12.4384 ], [ 76.6421, 12.4408 ], [ 76.6411, 12.4583 ], [ 76.6432, 12.4576 ], [ 76.6433, 12.4608 ], [ 76.6468, 12.4598 ], [ 76.6502, 12.4755 ], [ 76.6621, 12.4663 ] ] ] } },
{ "type": "Feature", "properties": { "code": "219409", "name": "LAKSHMI SAGARA", "taluk": "Pandavapura" }, "geometry": { "type": "Polygon", "coordinates": [ [ [ 76.6786, 12.5907 ], [ 76.681, 12.5768 ], [ 76.6858, 12.5755 ], [ 76.6861, 12.5713 ], [ 76.6917, 12.5658 ], [ 76.6882, 12.5574 ], [ 76.6835, 12.555 ], [ 76.6708, 12.5607 ], [ 76.6643, 12.5592 ], [ 76.6569, 12.5689 ], [ 76.6492, 12.5681 ], [ 76.649, 12.566 ], [ 76.6461, 12.5677 ], [ 76.6473, 12.5701 ], [ 76.6415, 12.573 ], [ 76.6397, 12.5603 ], [ 76.6331, 12.5658 ], [ 76.6215, 12.5653 ], [ 76.616, 12.5686 ], [ 76.6177, 12.582 ], [ 76.6406, 12.5809 ], [ 76.6449, 12.5788 ], [ 76.6502, 12.5887 ], [ 76.6562, 12.5907 ], [ 76.661, 12.5966 ], [ 76.6786, 12.5907 ] ] ] } },
{ "type": "Feature", "properties": { "code": "219410", "name": "MANIKANA HALLI", "taluk": "Pandavapura" }, "geometry": { "type": "Polygon", "coordinates": [ [ [ 76.6398, 12.6408 ], [ 76.6721, 12.6387 ], [ 76.6695, 12.633 ], [ 76.6724, 12.6274 ], [ 76.6824, 12.6241 ], [ 76.6864, 12.6047 ], [ 76.6791, 12.6056 ], [ 76.6783, 12.6101 ], [ 76.6755, 12.6105 ], [ 76.6722, 12.6008 ], [ 76.6735, 12.5938 ], [ 76.6618, 12.5966 ], [ 76.6567, 12.5942 ], [ 76.6594, 12.6018 ], [ 76.6368, 12.6127 ], [ 76.639, 12.6279 ], [ 76.6371, 12.6361 ], [ 76.6398, 12.6408 ] ] ] } },
{ "type": "Feature", "properties": { "code": "219411", "name": "MELUKOTE", "taluk": "Pandavapura" }, "geometry": { "type": "Polygon", "coordinates": [ [ [ 76.6562, 12.678 ], [ 76.6503, 12.656 ], [ 76.6463, 12.6567 ], [ 76.6422, 12.6523 ], [ 76.6386, 12.6532 ], [ 76.6385, 12.672 ], [ 76.6405, 12.6802 ], [ 76.6433, 12.6818 ], [ 76.6454, 12.6806 ], [ 76.6523, 12.6836 ], [ 76.6562, 12.678 ] ] ] } },
{ "type": "Feature", "properties": { "code": "219412", "name": "NARAYANAPURA", "taluk": "Pandavapura" }, "geometry": { "type": "MultiPolygon", "coordinates": [ [ [ [ 76.6503, 12.656 ], [ 76.6477, 12.6415 ], [ 76.6398, 12.6408 ], [ 76.6371, 12.6361 ], [ 76.639, 12.6279 ], [ 76.6368, 12.6127 ], [ 76.6594, 12.6018 ], [ 76.6562, 12.5907 ], [ 76.6502, 12.5887 ], [ 76.6449, 12.5788 ], [ 76.6406, 12.5809 ], [ 76.6177, 12.582 ], [ 76.6169, 12.5757 ], [ 76.6005, 12.5831 ], [ 76.6019, 12.6081 ], [ 76.607, 12.6204 ], [ 76.6048, 12.6291 ], [ 76.62, 12.627 ], [ 76.6253, 12.6293 ], [ 76.6251, 12.6517 ], [ 76.6422, 12.6523 ], [ 76.6463, 12.6567 ], [ 76.6503, 12.656 ] ] ], [ [ [ 76.6412, 12.7093 ], [ 76.6365, 12.7107 ], [ 76.6319, 12.7161 ], [ 76.6256, 12.7166 ], [ 76.6314, 12.7222 ], [ 76.6402, 12.7256 ], [ 76.6486, 12.7259 ], [ 76.649, 12.7147 ], [ 76.6412, 12.7093 ] ] ] ] } },
{ "type": "Feature", "properties": { "code": "219413", "name": "SUNKATONNUR", "taluk": "Pandavapura" }, "geometry": { "type": "Polygon", "coordinates": [ [ [ 76.7393, 12.5902 ], [ 76.759, 12.5876 ], [ 76.7602, 12.5798 ], [ 76.7575, 12.5719 ], [ 76.7603, 12.5566 ], [ 76.7526, 12.5559 ], [ 76.7437, 12.5597 ], [ 76.7371, 12.56 ], [ 76.7358, 12.5577 ], [ 76.7262, 12.5629 ], [ 76.7204, 12.5533 ], [ 76.7253, 12.5476 ], [ 76.7318, 12.5467 ], [ 76.7312, 12.5443 ], [ 76.7077, 12.5421 ], [ 76.6985, 12.5448 ], [ 76.7006, 12.5589 ], [ 76.6911, 12.5638 ], [ 76.6916, 12.5661 ], [ 76.6857, 12.572 ], [ 76.6858, 12.5755 ], [ 76.6963, 12.5779 ], [ 76.7019, 12.5823 ], [ 76.714, 12.5804 ], [ 76.7153, 12.5932 ], [ 76.7315, 12.5973 ], [ 76.7393, 12.5902 ] ] ] } },
{ "type": "Feature", "properties": { "code": "219414", "name": "T.S. CHATRA", "taluk": "Pandavapura" }, "geometry": { "type": "MultiPolygon", "coordinates": [ [ [ [ 76.7266, 12.5144 ], [ 76.7268, 12.502 ], [ 76.7235, 12.499 ], [ 76.7184, 12.4995 ], [ 76.7166, 12.5115 ], [ 76.7187, 12.5138 ], [ 76.7266, 12.5144 ] ] ], [ [ [ 76.6492, 12.5681 ], [ 76.6569, 12.5689 ], [ 76.6643, 12.5592 ], [ 76.6708, 12.5607 ], [ 76.6835, 12.555 ], [ 76.6811, 12.5395 ], [ 76.672, 12.5356 ], [ 76.6733, 12.5291 ], [ 76.6666, 12.5315 ], [ 76.6654, 12.5239 ], [ 76.6758, 12.5212 ], [ 76.6769, 12.5235 ], [ 76.6801, 12.5212 ], [ 76.6799, 12.5129 ], [ 76.6685, 12.5122 ], [ 76.667, 12.515 ], [ 76.6629, 12.5157 ], [ 76.6619, 12.5124 ], [ 76.6506, 12.5145 ], [ 76.6447, 12.5129 ], [ 76.6422, 12.5193 ], [ 76.6364, 12.5219 ], [ 76.6386, 12.532 ], [ 76.6409, 12.5328 ], [ 76.6399, 12.5372 ], [ 76.6376, 12.539 ], [ 76.6338, 12.5364 ], [ 76.6253, 12.5377 ], [ 76.6403, 12.5612 ], [ 76.6395, 12.5695 ], [ 76.6415, 12.573 ], [ 76.6473, 12.5701 ], [ 76.6461, 12.5677 ], [ 76.649, 12.566 ], [ 76.6492, 12.5681 ] ] ], [ [ [ 76.7021, 12.5822 ], [ 76.7013, 12.5859 ], [ 76.7041, 12.5895 ], [ 76.7086, 12.5903 ], [ 76.7102, 12.5947 ], [ 76.7153, 12.5932 ], [ 76.714, 12.5804 ], [ 76.7021, 12.5822 ] ] ] ] } },
{ "type": "Feature", "properties": { "code": "219415", "name": "ARAKERE", "taluk": "Shrirangapattana" }, "geometry": { "type": "Polygon", "coordinates": [ [ [ 76.8321, 12.4253 ], [ 76.8284, 12.4208 ], [ 76.8289, 12.416 ], [ 76.8313, 12.4146 ], [ 76.8291, 12.4035 ], [ 76.8308, 12.4025 ], [ 76.8256, 12.398 ], [ 76.8274, 12.3947 ], [ 76.8225, 12.3932 ], [ 76.8239, 12.3878 ], [ 76.8155, 12.3871 ], [ 76.8088, 12.3926 ], [ 76.805, 12.3926 ], [ 76.8044, 12.389 ], [ 76.7983, 12.3835 ], [ 76.8031, 12.3674 ], [ 76.8028, 12.356 ], [ 76.7978, 12.3582 ], [ 76.7953, 12.3664 ], [ 76.7962, 12.379 ], [ 76.7829, 12.395 ], [ 76.7793, 12.4026 ], [ 76.7842, 12.4044 ], [ 76.7869, 12.3993 ], [ 76.793, 12.3971 ], [ 76.8033, 12.403 ], [ 76.8007, 12.4045 ], [ 76.8027, 12.4122 ], [ 76.8144, 12.4198 ], [ 76.811, 12.4298 ], [ 76.8149, 12.4317 ], [ 76.8215, 12.4251 ], [ 76.822, 12.4213 ], [ 76.8245, 12.4242 ], [ 76.8272, 12.4225 ], [ 76.8321, 12.4253 ] ] ] } },
{ "type": "Feature", "properties": { "code": "219416", "name": "BALLEKERE", "taluk": "Shrirangapattana" }, "geometry": { "type": "MultiPolygon", "coordinates": [ [ [ [ 76.805, 12.3926 ], [ 76.8155, 12.3871 ], [ 76.8114, 12.3629 ], [ 76.8074, 12.3598 ], [ 76.7982, 12.3815 ], [ 76.805, 12.3926 ] ] ], [ [ [ 76.8342, 12.3959 ], [ 76.8332, 12.3845 ], [ 76.8282, 12.3886 ], [ 76.8239, 12.3878 ], [ 76.8223, 12.392 ], [ 76.8278, 12.3951 ], [ 76.8256, 12.398 ], [ 76.8292, 12.4002 ], [ 76.8342, 12.3959 ] ] ], [ [ [ 76.8302, 12.4003 ], [ 76.8313, 12.4146 ], [ 76.8289, 12.416 ], [ 76.8284, 12.4208 ], [ 76.8321, 12.4253 ], [ 76.8419, 12.4249 ], [ 76.8443, 12.4364 ], [ 76.8471, 12.4363 ], [ 76.8498, 12.4452 ], [ 76.8596, 12.4451 ], [ 76.869, 12.4383 ], [ 76.8661, 12.4352 ], [ 76.8662, 12.4295 ], [ 76.8541, 12.4172 ], [ 76.854, 12.4095 ], [ 76.8483, 12.4032 ], [ 76.8324, 12.4025 ], [ 76.8302, 12.4003 ] ] ] ] } },
{ "type": "Feature", "properties": { "code": "219417", "name": "BALLENAHALLI", "taluk": "Shrirangapattana" }, "geometry": { "type": "Polygon", "coordinates": [ [ [ 76.6964, 12.4868 ], [ 76.7014, 12.4856 ], [ 76.7025, 12.4804 ], [ 76.7033, 12.4823 ], [ 76.704, 12.48 ], [ 76.7101, 12.4777 ], [ 76.7153, 12.4803 ], [ 76.7194, 12.4791 ], [ 76.7173, 12.4768 ], [ 76.7194, 12.4608 ], [ 76.7135, 12.4521 ], [ 76.7144, 12.4456 ], [ 76.71, 12.4464 ], [ 76.706, 12.4408 ], [ 76.7033, 12.4414 ], [ 76.698, 12.4491 ], [ 76.6988, 12.4595 ], [ 76.6949, 12.4595 ], [ 76.6929, 12.4632 ], [ 76.6849, 12.4664 ], [ 76.6846, 12.4726 ], [ 76.6947, 12.4706 ], [ 76.697, 12.4753 ], [ 76.6929, 12.4807 ], [ 76.6968, 12.4831 ], [ 76.6964, 12.4868 ] ] ] } },
{ "type": "Feature", "properties": { "code": "219418", "name": "BELAGOLA", "taluk": "Shrirangapattana" }, "geometry": { "type": "Polygon", "coordinates": [ [ [ 76.6088, 12.4265 ], [ 76.6134, 12.4212 ], [ 76.6244, 12.4226 ], [ 76.6259, 12.4152 ], [ 76.6321, 12.4168 ], [ 76.6362, 12.4221 ], [ 76.6424, 12.4003 ], [ 76.636, 12.3992 ], [ 76.6329, 12.403 ], [ 76.6324, 12.3978 ], [ 76.6295, 12.3969 ], [ 76.6263, 12.391 ], [ 76.6258, 12.3882 ], [ 76.6286, 12.3865 ], [ 76.6265, 12.3834 ], [ 76.6232, 12.3867 ], [ 76.6167, 12.3868 ], [ 76.6124, 12.3835 ], [ 76.6127, 12.3757 ], [ 76.6082, 12.3763 ], [ 76.605, 12.3812 ], [ 76.5977, 12.3801 ], [ 76.5968, 12.3776 ], [ 76.5931, 12.3817 ], [ 76.5918, 12.3896 ], [ 76.5956, 12.3886 ], [ 76.5995, 12.3906 ], [ 76.6022, 12.4016 ], [ 76.5953, 12.4045 ], [ 76.5933, 12.4092 ], [ 76.5883, 12.4077 ], [ 76.5943, 12.4156 ], [ 76.594, 12.4219 ], [ 76.6088, 12.4265 ] ] ] } },
{ "type": "Feature", "properties": { "code": "219419", "name": "CHIKKAANKANAHALLI", "taluk": "Shrirangapattana" }, "geometry": { "type": "Polygon", "coordinates": [ [ [ 76.749, 12.3619 ], [ 76.759, 12.3635 ], [ 76.764, 12.3615 ], [ 76.7718, 12.3527 ], [ 76.7717, 12.3509 ], [ 76.7657, 12.3504 ], [ 76.7655, 12.3456 ], [ 76.7617, 12.3413 ], [ 76.7639, 12.3117 ], [ 76.759, 12.3039 ], [ 76.7528, 12.302 ], [ 76.7449, 12.3105 ], [ 76.7434, 12.3182 ], [ 76.7371, 12.3211 ], [ 76.7317, 12.3165 ], [ 76.7301, 12.3391 ], [ 76.7305, 12.3425 ], [ 76.739, 12.3404 ], [ 76.7413, 12.3438 ], [ 76.7417, 12.3531 ], [ 76.7469, 12.3537 ], [ 76.7397, 12.3568 ], [ 76.7377, 12.3631 ], [ 76.7432, 12.3643 ], [ 76.749, 12.3619 ] ] ] } },
{ "type": "Feature", "properties": { "code": "219420", "name": "DARASAGUPPE", "taluk": "Shrirangapattana" }, "geometry": { "type": "MultiPolygon", "coordinates": [ [ [ [ 76.6787, 12.4489 ], [ 76.6786, 12.4368 ], [ 76.6824, 12.4322 ], [ 76.6822, 12.4281 ], [ 76.6714, 12.4282 ], [ 76.6569, 12.4351 ], [ 76.6586, 12.443 ], [ 76.6649, 12.4416 ], [ 76.6667, 12.4437 ], [ 76.6615, 12.456 ], [ 76.6622, 12.4672 ], [ 76.6703, 12.4686 ], [ 76.6765, 12.4659 ], [ 76.6779, 12.4603 ], [ 76.6817, 12.4587 ], [ 76.6828, 12.4506 ], [ 76.6787, 12.4489 ] ] ], [ [ [ 76.6925, 12.4634 ], [ 76.6995, 12.4581 ], [ 76.698, 12.4491 ], [ 76.6868, 12.4509 ], [ 76.6849, 12.4567 ], [ 76.6871, 12.4645 ], [ 76.6925, 12.4634 ] ] ] ] } },
{ "type": "Feature", "properties": { "code": "219421", "name": "GAMANAHALLI", "taluk": "Shrirangapattana" }, "geometry": { "type": "Polygon", "coordinates": [ [ [ 76.9043, 12.4467 ], [ 76.9064, 12.4369 ], [ 76.9035, 12.4268 ], [ 76.9064, 12.4224 ], [ 76.9001, 12.4198 ], [ 76.8986, 12.4149 ], [ 76.9003, 12.4089 ], [ 76.8809, 12.4052 ], [ 76.8808, 12.4005 ], [ 76.8776, 12.3997 ], [ 76.862, 12.3997 ], [ 76.8617, 12.4063 ], [ 76.8536, 12.4086 ], [ 76.8541, 12.4172 ], [ 76.8662, 12.4295 ], [ 76.8661, 12.4352 ], [ 76.87, 12.4391 ], [ 76.8738, 12.4386 ], [ 76.8786, 12.4421 ], [ 76.877, 12.4513 ], [ 76.8924, 12.4537 ], [ 76.9043, 12.4467 ] ] ] } },
{ "type": "Feature", "properties": { "code": "219422", "name": "HOSAHALLI", "taluk": "Shrirangapattana" }, "geometry": { "type": "MultiPolygon", "coordinates": [ [ [ [ 76.6431, 12.4036 ], [ 76.6481, 12.3966 ], [ 76.6435, 12.3952 ], [ 76.6408, 12.3849 ], [ 76.6269, 12.3779 ], [ 76.6249, 12.3693 ], [ 76.6202, 12.3668 ], [ 76.5986, 12.3667 ], [ 76.5901, 12.3616 ], [ 76.5923, 12.3655 ], [ 76.59, 12.3769 ], [ 76.596, 12.3754 ], [ 76.5977, 12.3801 ], [ 76.605, 12.3812 ], [ 76.6082, 12.3763 ], [ 76.6127, 12.3757 ], [ 76.6124, 12.3835 ], [ 76.6169, 12.3868 ], [ 76.6232, 12.3867 ], [ 76.6265, 12.3834 ], [ 76.6286, 12.3865 ], [ 76.6258, 12.3882 ], [ 76.6263, 12.391 ], [ 76.6295, 12.3969 ], [ 76.6324, 12.3978 ], [ 76.6332, 12.4032 ], [ 76.6365, 12.3992 ], [ 76.6418, 12.3998 ], [ 76.6431, 12.4036 ] ] ], [ [ [ 76.6348, 12.4259 ], [ 76.6321, 12.4168 ], [ 76.6251, 12.4157 ], [ 76.6234, 12.4249 ], [ 76.6348, 12.4259 ] ] ] ] } },
{ "type": "Feature", "properties": { "code": "219423", "name": "HULIKERE", "taluk": "Shrirangapattana" }, "geometry": { "type": "Polygon", "coordinates": [ [ [ 76.5673, 12.4259 ], [ 76.594, 12.4219 ], [ 76.5943, 12.4156 ], [ 76.5882, 12.4071 ], [ 76.5933, 12.4092 ], [ 76.5953, 12.4045 ], [ 76.6022, 12.4016 ], [ 76.5995, 12.3906 ], [ 76.5956, 12.3886 ], [ 76.5918, 12.3896 ], [ 76.596, 12.3754 ], [ 76.5907, 12.3774 ], [ 76.5888, 12.3753 ], [ 76.5916, 12.3738 ], [ 76.5899, 12.3717 ], [ 76.583, 12.3695 ], [ 76.5699, 12.3719 ], [ 76.5662, 12.3817 ], [ 76.5603, 12.3837 ], [ 76.5592, 12.39 ], [ 76.555, 12.3919 ], [ 76.5583, 12.4001 ], [ 76.5654, 12.3991 ], [ 76.5673, 12.4259 ] ] ] } },
{ "type": "Feature", "properties": { "code": "219425", "name": "K.SHETTAHALLI", "taluk": "Shrirangapattana" }, "geometry": { "type": "Polygon", "coordinates": [ [ [ 76.7188, 12.4504 ], [ 76.7269, 12.442 ], [ 76.7396, 12.4401 ], [ 76.7352, 12.4229 ], [ 76.7435, 12.4201 ], [ 76.7461, 12.4157 ], [ 76.7512, 12.4134 ], [ 76.7527, 12.4061 ], [ 76.7381, 12.4035 ], [ 76.7239, 12.4063 ], [ 76.7212, 12.4121 ], [ 76.7134, 12.419 ], [ 76.7154, 12.4227 ], [ 76.7075, 12.424 ], [ 76.7095, 12.4278 ], [ 76.7061, 12.432 ], [ 76.7063, 12.4422 ], [ 76.71, 12.4464 ], [ 76.7144, 12.4456 ], [ 76.7137, 12.4506 ], [ 76.7188, 12.4504 ] ] ] } },
{ "type": "Feature", "properties": { "code": "219426", "name": "KIRANGUR", "taluk": "Shrirangapattana" }, "geometry": { "type": "Polygon", "coordinates": [ [ [ 76.6851, 12.4586 ], [ 76.6868, 12.4509 ], [ 76.6975, 12.4493 ], [ 76.7033, 12.4414 ], [ 76.706, 12.4408 ], [ 76.7061, 12.432 ], [ 76.7095, 12.4278 ], [ 76.7072, 12.4247 ], [ 76.7154, 12.4227 ], [ 76.7134, 12.419 ], [ 76.6991, 12.421 ], [ 76.6924, 12.4256 ], [ 76.6822, 12.4281 ], [ 76.6824, 12.4322 ], [ 76.6786, 12.4368 ], [ 76.6782, 12.4475 ], [ 76.6829, 12.4496 ], [ 76.6817, 12.4587 ], [ 76.6851, 12.4586 ] ] ] } },
{ "type": "Feature", "properties": { "code": "219427", "name": "KODIYALA", "taluk": "Shrirangapattana" }, "geometry": { "type": "Polygon", "coordinates": [ [ [ 76.8271, 12.4879 ], [ 76.8353, 12.4866 ], [ 76.8343, 12.4835 ], [ 76.8383, 12.4764 ], [ 76.8421, 12.4761 ], [ 76.8412, 12.4675 ], [ 76.8476, 12.4649 ], [ 76.8532, 12.4706 ], [ 76.8662, 12.4679 ], [ 76.8619, 12.461 ], [ 76.8596, 12.4451 ], [ 76.8498, 12.4452 ], [ 76.8471, 12.4363 ], [ 76.8382, 12.439 ], [ 76.8359, 12.4483 ], [ 76.8213, 12.4516 ], [ 76.821, 12.4537 ], [ 76.8256, 12.4534 ], [ 76.8268, 12.4615 ], [ 76.8253, 12.4675 ], [ 76.8203, 12.4677 ], [ 76.8195, 12.4821 ], [ 76.8251, 12.4843 ], [ 76.8271, 12.4879 ] ] ] } },
{ "type": "Feature", "properties": { "code": "219428", "name": "MAHADEVAPURA", "taluk": "Shrirangapattana" }, "geometry": { "type": "Polygon", "coordinates": [ [ [ 76.7786, 12.4033 ], [ 76.7962, 12.379 ], [ 76.7956, 12.3633 ], [ 76.7978, 12.3582 ], [ 76.8028, 12.356 ], [ 76.8028, 12.355 ], [ 76.7953, 12.3546 ], [ 76.7907, 12.3472 ], [ 76.7824, 12.3467 ], [ 76.7815, 12.3515 ], [ 76.7778, 12.3524 ], [ 76.7717, 12.3509 ], [ 76.764, 12.3615 ], [ 76.759, 12.3635 ], [ 76.7505, 12.3615 ], [ 76.7432, 12.3643 ], [ 76.7461, 12.366 ], [ 76.753, 12.3806 ], [ 76.7514, 12.4061 ], [ 76.7786, 12.4033 ] ] ] } },
{ "type": "Feature", "properties": { "code": "219429", "name": "MELAPURA", "taluk": "Shrirangapattana" }, "geometry": { "type": "Polygon", "coordinates": [ [ [ 76.7344, 12.4041 ], [ 76.7514, 12.4061 ], [ 76.7526, 12.3946 ], [ 76.753, 12.3806 ], [ 76.7484, 12.3701 ], [ 76.7461, 12.366 ], [ 76.7377, 12.3631 ], [ 76.7397, 12.3568 ], [ 76.7469, 12.3544 ], [ 76.7417, 12.3531 ], [ 76.7413, 12.3438 ], [ 76.739, 12.3404 ], [ 76.7305, 12.3425 ], [ 76.7177, 12.3516 ], [ 76.721, 12.3596 ], [ 76.7209, 12.3708 ], [ 76.7186, 12.3737 ], [ 76.7108, 12.3744 ], [ 76.6945, 12.3832 ], [ 76.6949, 12.3862 ], [ 76.7, 12.3876 ], [ 76.7022, 12.3821 ], [ 76.7042, 12.3828 ], [ 76.7103, 12.378 ], [ 76.7107, 12.387 ], [ 76.7138, 12.3893 ], [ 76.714, 12.3927 ], [ 76.7195, 12.3924 ], [ 76.7196, 12.3989 ], [ 76.715, 12.4006 ], [ 76.7134, 12.4038 ], [ 76.723, 12.4068 ], [ 76.7344, 12.4041 ] ] ] } },
{ "type": "Feature", "properties": { "code": "219430", "name": "MUNDUGADORE", "taluk": "Shrirangapattana" }, "geometry": { "type": "Polygon", "coordinates": [ [ [ 76.749, 12.4301 ], [ 76.7524, 12.4331 ], [ 76.7575, 12.4317 ], [ 76.7586, 12.4262 ], [ 76.7649, 12.4298 ], [ 76.7662, 12.4352 ], [ 76.778, 12.43 ], [ 76.7886, 12.4318 ], [ 76.7891, 12.4274 ], [ 76.7941, 12.4275 ], [ 76.794, 12.4302 ], [ 76.8033, 12.4308 ], [ 76.8084, 12.4173 ], [ 76.8027, 12.4122 ], [ 76.8007, 12.4045 ], [ 76.8033, 12.403 ], [ 76.793, 12.3971 ], [ 76.7869, 12.3993 ], [ 76.7842, 12.4044 ], [ 76.7793, 12.4026 ], [ 76.7527, 12.4061 ], [ 76.7512, 12.4134 ], [ 76.7461, 12.4157 ], [ 76.7435, 12.4201 ], [ 76.7352, 12.4229 ], [ 76.7398, 12.4368 ], [ 76.749, 12.4301 ] ] ] } },
{ "type": "Feature", "properties": { "code": "219431", "name": "NAGUVANAHALLI", "taluk": "Shrirangapattana" }, "geometry": { "type": "Polygon", "coordinates": [ [ [ 76.6719, 12.4177 ], [ 76.6844, 12.4066 ], [ 76.6875, 12.3983 ], [ 76.6919, 12.3941 ], [ 76.7029, 12.3987 ], [ 76.7088, 12.3956 ], [ 76.714, 12.4015 ], [ 76.7196, 12.3989 ], [ 76.7195, 12.3924 ], [ 76.7141, 12.3929 ], [ 76.7138, 12.3893 ], [ 76.7109, 12.3876 ], [ 76.7103, 12.378 ], [ 76.7042, 12.3828 ], [ 76.7022, 12.3821 ], [ 76.7, 12.3876 ], [ 76.6944, 12.385 ], [ 76.6955, 12.3816 ], [ 76.7108, 12.3744 ], [ 76.7186, 12.3737 ], [ 76.7209, 12.3703 ], [ 76.721, 12.3596 ], [ 76.719, 12.3566 ], [ 76.715, 12.3573 ], [ 76.7002, 12.3506 ], [ 76.6919, 12.3588 ], [ 76.6902, 12.3645 ], [ 76.6833, 12.3656 ], [ 76.6813, 12.3681 ], [ 76.6862, 12.3824 ], [ 76.6832, 12.3829 ], [ 76.6814, 12.3864 ], [ 76.6828, 12.3911 ], [ 76.6732, 12.3908 ], [ 76.667, 12.3868 ], [ 76.6631, 12.3867 ], [ 76.6608, 12.3896 ], [ 76.664, 12.4012 ], [ 76.6699, 12.4021 ], [ 76.6697, 12.4088 ], [ 76.6646, 12.4087 ], [ 76.6639, 12.4106 ], [ 76.6669, 12.41 ], [ 76.6652, 12.4121 ], [ 76.6705, 12.4137 ], [ 76.6719, 12.4177 ] ] ] } },
{ "type": "Feature", "properties": { "code": "219432", "name": "PALAHALLI", "taluk": "Shrirangapattana" }, "geometry": { "type": "Polygon", "coordinates": [ [ [ 76.6714, 12.4282 ], [ 76.6713, 12.4206 ], [ 76.6734, 12.4204 ], [ 76.6704, 12.4181 ], [ 76.6705, 12.4137 ], [ 76.6691, 12.4147 ], [ 76.6652, 12.4121 ], [ 76.6669, 12.41 ], [ 76.6634, 12.4094 ], [ 76.6697, 12.4088 ], [ 76.6699, 12.4021 ], [ 76.664, 12.4012 ], [ 76.6608, 12.3896 ], [ 76.6551, 12.3956 ], [ 76.6471, 12.3971 ], [ 76.6464, 12.4004 ], [ 76.6412, 12.4044 ], [ 76.6412, 12.4096 ], [ 76.6388, 12.4102 ], [ 76.6348, 12.4259 ], [ 76.6507, 12.432 ], [ 76.6492, 12.4266 ], [ 76.6538, 12.4241 ], [ 76.6619, 12.43 ], [ 76.6605, 12.4332 ], [ 76.6714, 12.4282 ] ] ] } },
{ "type": "Feature", "properties": { "code": "219433", "name": "SABBANAKUPPE", "taluk": "Shrirangapattana" }, "geometry": { "type": "Polygon", "coordinates": [ [ [ 76.767, 12.4995 ], [ 76.7738, 12.4968 ], [ 76.7751, 12.4936 ], [ 76.7777, 12.4753 ], [ 76.7743, 12.4648 ], [ 76.7458, 12.4627 ], [ 76.7441, 12.4559 ], [ 76.7463, 12.4498 ], [ 76.7388, 12.4409 ], [ 76.7269, 12.442 ], [ 76.7188, 12.4504 ], [ 76.7137, 12.4506 ], [ 76.7194, 12.4608 ], [ 76.7174, 12.4774 ], [ 76.7212, 12.4795 ], [ 76.7205, 12.4825 ], [ 76.7307, 12.4823 ], [ 76.7351, 12.4852 ], [ 76.7438, 12.4813 ], [ 76.7546, 12.4826 ], [ 76.7619, 12.4985 ], [ 76.767, 12.4995 ] ] ] } },
{ "type": "Feature", "properties": { "code": "219434", "name": "T.M.HOSUR", "taluk": "Shrirangapattana" }, "geometry": { "type": "Polygon", "coordinates": [ [ [ 76.792, 12.478 ], [ 76.8015, 12.4731 ], [ 76.8033, 12.4684 ], [ 76.8081, 12.4675 ], [ 76.8079, 12.4653 ], [ 76.799, 12.4649 ], [ 76.7991, 12.4608 ], [ 76.7943, 12.453 ], [ 76.7857, 12.4503 ], [ 76.7886, 12.4318 ], [ 76.778, 12.43 ], [ 76.7662, 12.4352 ], [ 76.7649, 12.4298 ], [ 76.7586, 12.4262 ], [ 76.7575, 12.4317 ], [ 76.7524, 12.4331 ], [ 76.7499, 12.4296 ], [ 76.7398, 12.4368 ], [ 76.7388, 12.4409 ], [ 76.7463, 12.4498 ], [ 76.7441, 12.4559 ], [ 76.7458, 12.4627 ], [ 76.7743, 12.4648 ], [ 76.7777, 12.4753 ], [ 76.792, 12.478 ] ] ] } },
{ "type": "Feature", "properties": { "code": "219435", "name": "THADAGAVADI", "taluk": "Shrirangapattana" }, "geometry": { "type": "Polygon", "coordinates": [ [ [ 76.8253, 12.4675 ], [ 76.8261, 12.4545 ], [ 76.821, 12.4537 ], [ 76.8213, 12.4516 ], [ 76.8359, 12.4483 ], [ 76.8382, 12.439 ], [ 76.8443, 12.4364 ], [ 76.8419, 12.4249 ], [ 76.8321, 12.4253 ], [ 76.8272, 12.4225 ], [ 76.8245, 12.4242 ], [ 76.822, 12.4213 ], [ 76.8215, 12.4251 ], [ 76.8149, 12.4317 ], [ 76.811, 12.4298 ], [ 76.8144, 12.4198 ], [ 76.8106, 12.4171 ], [ 76.8084, 12.4173 ], [ 76.8033, 12.4308 ], [ 76.794, 12.4302 ], [ 76.7941, 12.4275 ], [ 76.7891, 12.4274 ], [ 76.7857, 12.4503 ], [ 76.7943, 12.453 ], [ 76.7991, 12.4608 ], [ 76.799, 12.4649 ], [ 76.8083, 12.4652 ], [ 76.8117, 12.463 ], [ 76.8201, 12.4646 ], [ 76.8203, 12.4677 ], [ 76.8253, 12.4675 ] ] ] } },
{ "type": "Feature", "properties": { "code": "272687", "name": "MARCHAKANAHALLY", "taluk": "Mandya" }, "geometry": { "type": "Polygon", "coordinates": [ [ [ 76.787, 12.5588 ], [ 76.798, 12.5582 ], [ 76.799, 12.5499 ], [ 76.8055, 12.5497 ], [ 76.8048, 12.5482 ], [ 76.8134, 12.5422 ], [ 76.8098, 12.5304 ], [ 76.8166, 12.5268 ], [ 76.8169, 12.5166 ], [ 76.8063, 12.5145 ], [ 76.8009, 12.5176 ], [ 76.7968, 12.517 ], [ 76.7985, 12.524 ], [ 76.7676, 12.5351 ], [ 76.7738, 12.5389 ], [ 76.7804, 12.5491 ], [ 76.7837, 12.5497 ], [ 76.787, 12.5588 ] ] ] } },
{ "type": "Feature", "properties": { "code": "272691", "name": "HULIKERE", "taluk": "Nagamangala" }, "geometry": { "type": "MultiPolygon", "coordinates": [ [ [ [ 76.8294, 12.7498 ], [ 76.8172, 12.7482 ], [ 76.8156, 12.7444 ], [ 76.8117, 12.7451 ], [ 76.7997, 12.757 ], [ 76.7857, 12.76 ], [ 76.7786, 12.7644 ], [ 76.7779, 12.7692 ], [ 76.7839, 12.7888 ], [ 76.7907, 12.801 ], [ 76.798, 12.799 ], [ 76.797, 12.7963 ], [ 76.801, 12.7915 ], [ 76.7962, 12.7769 ], [ 76.8077, 12.7729 ], [ 76.806, 12.7699 ], [ 76.8123, 12.7626 ], [ 76.8294, 12.7498 ] ] ], [ [ [ 76.8927, 12.7664 ], [ 76.8829, 12.7696 ], [ 76.8813, 12.7677 ], [ 76.8751, 12.7722 ], [ 76.8788, 12.7837 ], [ 76.8867, 12.7842 ], [ 76.8869, 12.775 ], [ 76.892, 12.7725 ], [ 76.8927, 12.7664 ] ] ], [ [ [ 76.7726, 12.8111 ], [ 76.7894, 12.8081 ], [ 76.7908, 12.8019 ], [ 76.7707, 12.8043 ], [ 76.7668, 12.8111 ], [ 76.7694, 12.8142 ], [ 76.7726, 12.8111 ] ] ], [ [ [ 76.7154, 12.9032 ], [ 76.7157, 12.8799 ], [ 76.7251, 12.8874 ], [ 76.7325, 12.8822 ], [ 76.7447, 12.8794 ], [ 76.742, 12.8649 ], [ 76.7306, 12.8689 ], [ 76.7236, 12.8651 ], [ 76.7124, 12.8762 ], [ 76.6982, 12.8757 ], [ 76.7001, 12.8821 ], [ 76.6921, 12.8827 ], [ 76.68, 12.8885 ], [ 76.6864, 12.9019 ], [ 76.6942, 12.8989 ], [ 76.6997, 12.8936 ], [ 76.7107, 12.9046 ], [ 76.7154, 12.9032 ] ] ], [ [ [ 76.7215, 12.9011 ], [ 76.7154, 12.9032 ], [ 76.7157, 12.908 ], [ 76.718, 12.9082 ], [ 76.7191, 12.9052 ], [ 76.7243, 12.9077 ], [ 76.7257, 12.9155 ], [ 76.7351, 12.913 ], [ 76.7251, 12.8874 ], [ 76.7215, 12.9011 ] ] ], [ [ [ 76.7299, 12.9484 ], [ 76.7342, 12.9274 ], [ 76.7192, 12.9254 ], [ 76.7185, 12.9103 ], [ 76.7152, 12.9091 ], [ 76.7046, 12.9183 ], [ 76.7035, 12.9259 ], [ 76.7066, 12.9254 ], [ 76.7095, 12.9303 ], [ 76.713, 12.9456 ], [ 76.7173, 12.9456 ], [ 76.7193, 12.9482 ], [ 76.7299, 12.9484 ] ] ], [ [ [ 76.7826, 12.9629 ], [ 76.7833, 12.9685 ], [ 76.7868, 12.968 ], [ 76.7863, 12.9618 ], [ 76.7826, 12.9629 ] ] ] ] } }
]
}
